EX,EMO,COG,MD,date
87.78821520068317,89.35148118494797,87.05656759348034,97.8381717109327,2018-01-01
80.78565328778821,90.1841473178543,84.7555129434324,82.02594193946881,2018-02-01
97.3526900085397,88.58286629303444,102.78044103547458,99.3205682520074,2018-03-01
88.4713919726729,97.29383506805446,87.44007670182167,73.87276096355775,2018-04-01
98.54824935952176,98.06244995996799,150.71907957813997,90.92032118591723,2018-05-01
97.01110162254483,101.52121697357887,90.89165867689357,100.55589870290304,2018-06-01
91.37489325362935,100.04803843074461,143.43240651965482,100.55589870290304,2018-07-01
117.84799316823226,114.13931144915934,85.13902205177372,97.34403953057443,2018-08-01
121.43467122117845,102.03362690152123,107.76605944391177,121.30945027794937,2018-09-01
114.09052092228862,113.30664531625303,100.09587727708532,122.79184681902409,2018-10-01
94.2783945345858,101.71337069655725,87.05656759348034,104.75602223594812,2018-11-01
111.01622544833474,103.76301040832666,72.86673058485137,108.70907967881408,2018-12-01
92.05807002561912,100.75260208166534,118.88782358581015,116.86226065472516,2019-01-01
84.03074295473952,94.98799039231385,74.01725790987535,119.33292155651638,2019-02-01
91.20409906063192,102.097678142514,90.12464046021091,115.87399629400865,2019-03-01
94.2783945345858,91.59327461969576,86.673058485139,90.92032118591723,2019-04-01
100.59777967549101,87.8783026421137,122.72291466922339,93.6380481778876,2019-05-01
66.4389410760034,87.04563650920737,79.76989453499519,80.54354539839407,2019-06-01
85.90947907771132,90.82465972778225,77.08533077660593,76.59048795552812,2019-07-01
104.86763450042697,99.34347477982385,129.24256951102586,92.6497838171711,2019-08-01
76.00341588385993,95.94875900720577,88.59060402684563,95.12044471896233,2019-09-01
86.76345004269854,88.83907125700561,105.08149568552253,85.73193329215566,2019-10-01
80.27327070879589,87.8783026421137,77.85234899328857,63.74305126621372,2019-11-01
89.83774551665242,103.05844675740593,93.19271332694149,117.60345892526253,2019-12-01
91.37489325362935,75.32425940752603,69.41514860977948,82.02594193946881,2020-01-01
87.27583262169085,91.97758206565254,100.86289549376795,83.50833848054354,2020-02-01
112.72416737830912,98.44675740592476,105.08149568552253,84.99073502161829,2020-03-01
98.88983774551663,97.29383506805446,141.13135186960687,79.30821494749846,2020-04-01
101.79333902647308,99.0872698158527,89.35762224352827,103.52069178505252,2020-05-01
105.72160546541414,91.33706965572459,111.601150527325,104.26189005558987,2020-06-01
95.30315969257043,101.00880704563653,111.98465963566632,89.68499073502163,2020-07-01
102.3057216054654,104.65972778222579,134.61169702780438,103.52069178505252,2020-08-01
94.2783945345858,93.32265812650121,128.47555129434323,84.99073502161829,2020-09-01
88.4713919726729,87.81425140112091,88.59060402684563,98.33230389129093,2020-10-01
83.5183603757472,87.8783026421137,125.0239693192713,61.766522544780734,2020-11-01
98.88983774551663,86.34107285828664,100.47938638542664,96.10870907967882,2020-12-01
128.94961571306573,115.74059247397919,107.38255033557046,138.35701050030886,2021-01-01
111.3578138343296,91.91353082465973,97.79482262703736,116.61519456454602,2021-02-01
102.3057216054654,91.59327461969576,103.1639501438159,92.40271772699198,2021-03-01
105.55081127241671,90.50440352281827,91.65867689357621,104.75602223594812,2021-04-01
111.01622544833474,99.53562850280225,107.38255033557046,113.89746757257568,2021-05-01
116.65243381725018,109.39951961569257,117.73729626078618,147.7455219271155,2021-06-01
131.34073441502986,115.67654123298641,142.66538830297216,136.62754786905498,2021-07-01
104.35525192143466,99.34347477982385,79.38638542665386,137.12168004941321,2021-08-01
106.57557643040133,116.31705364291435,152.25311601150523,142.55713403335395,2021-09-01
124.33817250213491,107.60608486789432,136.529242569511,134.89808523780113,2021-10-01
87.61742100768572,97.99839871897518,84.7555129434324,142.3100679431748,2021-11-01
115.28608027327068,101.58526821457167,118.88782358581015,121.55651636812848,2021-12-01
125.53373185311696,102.2898318654924,103.54745925215722,159.3576281655343,2022-01-01
98.54824935952176,104.27542033626904,133.4611697027804,125.01544163063619,2022-02-01
113.91972672929118,109.65572457966373,110.45062320230103,161.5812229771464,2022-03-01
106.23398804440646,103.89111289031227,96.6442953020134,151.94564546016062,2022-04-01
90.35012809564473,100.68855084067255,87.05656759348034,136.38048177887586,2022-05-01
102.8181041844577,98.44675740592476,127.70853307766059,120.56825200741199,2022-06-01
138.85567890691712,109.84787830264214,100.86289549376795,161.5812229771464,2022-07-01
140.39282664389407,113.24259407526021,147.26749760306805,148.98085237801112,2022-08-01
112.04099060631937,114.71577261809449,122.72291466922339,168.2520074119827,2022-09-01
141.929974380871,117.02161729383508,129.24256951102586,134.15688696726374,2022-10-01
133.04867634500425,120.22417934347479,150.71907957813997,143.79246448424956,2022-11-01
144.1502988898377,101.64931945556447,140.74784276126556,149.7220506485485,2022-12-01
136.46456020495302,117.79023218574861,108.53307766059443,177.6405188387894,2023-01-01
142.10076857386846,129.70376301040835,124.25695110258866,160.09882643607165,2023-02-01
132.8778821520068,114.33146517213771,133.0776605944391,156.1457689932057,2023-03-01
121.6054654141759,109.84787830264214,171.04506232023007,131.4391599752934,2023-04-01
123.14261315115283,106.77341873498798,108.91658676893576,138.35701050030886,2023-05-01
118.18958155422713,131.11289031224982,118.50431447746881,139.34527486102533,2023-06-01
145.85824081981212,117.72618094475581,149.568552253116,178.87584928968502,2023-07-01
128.77882152006828,120.2882305844676,135.37871524448704,172.94626312538608,2023-08-01
120.75149444918871,111.3210568454764,113.13518696069029,163.06361951822115,2023-09-01
135.43979504696838,119.26341072858288,96.6442953020134,181.0994441012971,2023-10-01
100.9393680614859,104.7237790232186,119.27133269415147,129.95676343421866,2023-11-01
97.01110162254483,101.77742193755006,110.45062320230103,142.06300185299568,2023-12-01
112.55337318531167,102.2257806244996,106.6155321188878,158.86349598517603,2024-01-01
112.21178479931679,109.0792634107286,132.31064237775647,163.8048177887585,2024-02-01
126.5584970111016,110.10408326661332,128.47555129434323,166.76961087090797,2024-03-01
123.82578992314258,126.24499599679746,134.99520613614573,175.16985793699817,2024-04-01
121.77625960717333,108.63090472377904,105.46500479386384,156.63990117356394,2024-05-01
128.09564474807854,112.28182546036831,97.41131351869605,164.793082149475,2024-06-01
139.0264730999146,120.2882305844676,123.48993288590601,174.67572575663993,2024-07-01
122.80102476515796,115.35628502802244,111.21764141898369,139.0982087708462,2024-08-01
106.23398804440646,103.05844675740593,105.08149568552253,153.67510809141447,2024-09-01
111.87019641332193,112.53803042433948,125.79098753595397,178.13465101914764,2024-10-01
119.72672929120407,104.65972778222579,97.02780441035472,157.1340333539222,2024-11-01
122.45943637916308,110.0400320256205,99.71236816874399,161.5812229771464,2024-12-01
121.0930828351836,111.25700560448361,139.21380632790027,140.33353922174183,2025-01-01
127.58326216908624,107.60608486789432,94.72674976030679,138.35701050030886,2025-02-01
116.65243381725018,108.11849479583667,87.44007670182167,126.9919703520692,2025-03-01
139.0264730999146,127.01361088871099,122.33940556088204,177.14638665843114,2025-04-01
119.21434671221176,111.12890312249799,125.79098753595397,166.52254478072885,2025-05-01
147.39538855678904,114.71577261809449,134.22818791946307,136.8746139592341,2025-06-01
126.04611443210929,110.74459567654124,150.33557046979863,192.21741815935763,2025-07-01
127.9248505550811,116.89351481184949,134.61169702780438,176.15812229771464,2025-08-01
131.8531169940222,107.41393114491594,132.69415148609778,165.04014823965412,2025-09-01
125.02134927412466,97.42193755004004,151.10258868648128,153.18097591105624,2025-10-01
140.05123825789923,103.44275420336271,165.2924256951102,131.93329215565166,2025-11-01
118.53116994022201,114.77982385908727,168.36049856184084,162.816553428042,2025-12-01
136.29376601195557,103.69895916733387,157.62224352828375,152.9339098208771,2026-01-01
113.40734415029887,102.80224179343476,120.42186001917543,130.69796170475604,2026-02-01
130.48676345004267,103.89111289031227,116.58676893576221,162.816553428042,2026-03-01
116.14005123825788,109.0792634107286,109.68360498561839,141.3218035824583,2026-04-01
