series,k_breaks,sse,bic,breakpoint_dates
burnout_rate,0,0.007071997572337234,-946.467907919329,[]
burnout_rate,1,0.005949828038993664,-954.5356339400275,['2021-01']
burnout_rate,2,0.005111831004776149,-960.5057595815771,"['2019-06', '2023-11']"
bat_score_mean,0,0.07538567073651364,-709.8204847579382,[]
bat_score_mean,1,0.05607196851684429,-730.2082639810149,['2021-06']
bat_score_mean,2,0.04509759940645688,-742.778623695719,"['2019-02', '2022-07']"
disengagement_index,0,0.2842207295738133,-577.1070908156638,[]
disengagement_index,1,0.22762750389911623,-590.1008119437487,['2020-12']
disengagement_index,2,0.2164877050011158,-585.9081497814186,"['2019-06', '2020-12']"
