cve_id,published,last_modified,source_identifier,cvss_base_score,cvss_severity
CVE-2018-3810,2018-01-01T06:29:00.217,2026-06-17T01:57:49.750,cve@mitre.org,9.8,CRITICAL
CVE-2018-3811,2018-01-01T06:29:00.247,2026-06-17T01:57:49.863,cve@mitre.org,9.8,CRITICAL
CVE-2018-3813,2018-01-01T20:29:00.207,2026-06-17T01:57:49.983,cve@mitre.org,9.8,CRITICAL
CVE-2017-1000444,2018-01-02T15:29:00.217,2026-06-17T00:59:10.970,cve@mitre.org,9.8,CRITICAL
CVE-2017-17097,2018-01-02T15:29:00.293,2026-06-17T01:10:20.527,cve@mitre.org,9.8,CRITICAL
CVE-2017-17098,2018-01-02T15:29:00.327,2026-06-17T01:10:20.643,cve@mitre.org,9.8,CRITICAL
CVE-2017-1000453,2018-01-02T17:29:00.820,2026-06-17T00:59:11.760,cve@mitre.org,9.8,CRITICAL
CVE-2017-1000458,2018-01-02T18:29:00.323,2026-06-17T00:59:12.340,cve@mitre.org,9.8,CRITICAL
CVE-2017-1000421,2018-01-02T19:29:00.300,2026-06-17T00:59:08.877,cve@mitre.org,9.8,CRITICAL
CVE-2017-1000423,2018-01-02T20:29:00.237,2026-06-17T00:59:09.117,cve@mitre.org,9.8,CRITICAL
CVE-2017-1000430,2018-01-02T20:29:00.313,2026-06-17T00:59:09.897,cve@mitre.org,9.8,CRITICAL
CVE-2017-1000437,2018-01-02T23:29:00.430,2026-06-17T00:59:10.487,cve@mitre.org,9.8,CRITICAL
CVE-2017-1000493,2018-01-03T01:29:00.343,2026-06-17T00:59:16.367,cve@mitre.org,9.8,CRITICAL
CVE-2017-18017,2018-01-03T06:29:00.517,2026-06-17T01:12:02.653,cve@mitre.org,9.8,CRITICAL
CVE-2017-1000497,2018-01-03T14:29:00.317,2026-06-17T00:59:16.830,cve@mitre.org,9.8,CRITICAL
CVE-2017-1000501,2018-01-03T15:29:00.283,2026-06-17T00:59:17.227,cve@mitre.org,9.8,CRITICAL
CVE-2017-1000480,2018-01-03T18:29:00.370,2026-06-17T00:59:14.703,cve@mitre.org,9.8,CRITICAL
CVE-2017-1000469,2018-01-03T20:29:00.360,2026-06-17T00:59:13.400,cve@mitre.org,9.8,CRITICAL
CVE-2017-1000471,2018-01-03T20:29:00.453,2026-06-17T00:59:13.627,cve@mitre.org,9.8,CRITICAL
CVE-2017-1000486,2018-01-03T20:29:00.643,2026-06-17T00:59:15.417,cve@mitre.org,9.8,CRITICAL
CVE-2017-1000487,2018-01-03T20:29:00.703,2026-06-17T00:59:15.600,cve@mitre.org,9.8,CRITICAL
CVE-2017-8046,2018-01-04T06:29:00.307,2026-06-17T01:25:41.290,security_alert@emc.com,9.8,CRITICAL
CVE-2018-0104,2018-01-04T06:29:00.387,2026-06-17T01:29:34.163,psirt@cisco.com,9.6,CRITICAL
CVE-2017-15714,2018-01-04T15:29:00.210,2026-06-17T01:08:09.050,security@apache.org,9.8,CRITICAL
CVE-2014-7862,2018-01-04T17:29:00.200,2026-06-17T00:15:50.643,cve@mitre.org,9.8,CRITICAL
CVE-2017-16716,2018-01-05T08:29:00.267,2026-06-17T01:09:42.283,ics-cert@hq.dhs.gov,9.8,CRITICAL
CVE-2017-16720,2018-01-05T08:29:00.317,2026-06-17T01:09:42.700,ics-cert@hq.dhs.gov,9.8,CRITICAL
CVE-2017-16724,2018-01-05T08:29:00.347,2026-06-17T01:09:43.030,ics-cert@hq.dhs.gov,9.8,CRITICAL
CVE-2014-8579,2018-01-05T16:29:00.387,2026-06-17T00:16:57.807,cve@mitre.org,9.8,CRITICAL
CVE-2017-15548,2018-01-05T17:29:00.223,2026-06-17T01:07:52.523,security_alert@emc.com,9.8,CRITICAL
CVE-2017-18021,2018-01-05T19:29:00.217,2026-06-17T01:12:03.357,cve@mitre.org,9.8,CRITICAL
CVE-2018-5206,2018-01-06T16:29:00.297,2026-06-17T01:59:50.483,cve@mitre.org,9.8,CRITICAL
CVE-2018-5208,2018-01-06T16:29:00.390,2026-06-17T01:59:50.700,cve@mitre.org,9.8,CRITICAL
CVE-2018-5267,2018-01-08T03:29:00.327,2026-06-17T01:59:56.540,cve@mitre.org,9.8,CRITICAL
CVE-2017-5971,2018-01-08T05:29:00.257,2026-06-17T01:21:32.180,cve@mitre.org,9.8,CRITICAL
CVE-2014-4972,2018-01-08T19:29:00.453,2026-06-17T00:10:51.197,cve@mitre.org,9.8,CRITICAL
CVE-2014-5071,2018-01-08T19:29:00.533,2026-06-17T00:10:59.080,cve@mitre.org,9.8,CRITICAL
CVE-2014-5334,2018-01-08T19:29:00.580,2026-06-17T00:11:23.580,secalert@redhat.com,9.8,CRITICAL
CVE-2015-2320,2018-01-08T19:29:00.907,2026-06-17T00:23:55.197,cve@mitre.org,9.8,CRITICAL
CVE-2017-15883,2018-01-08T19:29:00.953,2026-06-17T01:08:25.870,cve@mitre.org,9.8,CRITICAL
CVE-2017-7997,2018-01-08T19:29:01.000,2026-06-17T01:25:36.983,cve@mitre.org,9.8,CRITICAL
CVE-2017-18025,2018-01-09T03:29:00.190,2026-06-17T01:12:03.810,cve@mitre.org,9.8,CRITICAL
CVE-2018-5211,2018-01-09T16:29:00.307,2026-06-17T01:59:50.923,cve@mitre.org,9.8,CRITICAL
CVE-2017-1670,2018-01-09T20:29:00.397,2026-06-17T01:14:40.253,psirt@us.ibm.com,9.8,CRITICAL
CVE-2017-16740,2018-01-09T21:29:00.420,2026-06-17T01:09:44.367,ics-cert@hq.dhs.gov,10.0,CRITICAL
CVE-2017-17485,2018-01-10T18:29:01.167,2026-06-17T01:10:51.993,cve@mitre.org,9.8,CRITICAL
CVE-2017-17946,2018-01-10T20:29:00.197,2026-06-17T01:11:56.300,cve@mitre.org,9.8,CRITICAL
CVE-2017-11079,2018-01-10T22:29:00.337,2026-06-17T01:01:11.340,product-security@qualcomm.com,9.8,CRITICAL
CVE-2018-0001,2018-01-10T22:29:00.930,2026-06-17T01:29:21.243,sirt@juniper.net,9.8,CRITICAL
CVE-2018-0007,2018-01-10T22:29:01.180,2026-06-17T01:29:22.350,sirt@juniper.net,9.8,CRITICAL
CVE-2018-5347,2018-01-12T01:29:00.200,2026-06-17T02:00:10.230,cve@mitre.org,9.8,CRITICAL
CVE-2018-5377,2018-01-12T09:29:02.260,2026-06-17T02:00:12.940,cve@mitre.org,9.8,CRITICAL
CVE-2014-6436,2018-01-12T17:29:00.350,2026-06-17T00:13:06.393,cve@mitre.org,9.8,CRITICAL
CVE-2014-6437,2018-01-12T17:29:00.397,2026-06-17T00:13:06.503,cve@mitre.org,9.8,CRITICAL
CVE-2016-0332,2018-01-12T17:29:00.757,2026-06-17T00:37:21.090,psirt@us.ibm.com,9.8,CRITICAL
CVE-2017-16885,2018-01-12T17:29:00.897,2026-06-17T01:10:05.563,cve@mitre.org,9.8,CRITICAL
CVE-2017-16887,2018-01-12T17:29:00.990,2026-06-17T01:10:05.827,cve@mitre.org,9.8,CRITICAL
CVE-2017-17970,2018-01-12T17:29:01.023,2026-06-17T01:11:58.280,cve@mitre.org,9.8,CRITICAL
CVE-2018-5262,2018-01-12T17:29:01.117,2026-06-17T01:59:55.990,cve@mitre.org,9.8,CRITICAL
CVE-2018-5315,2018-01-12T17:29:01.147,2026-06-17T02:00:06.770,cve@mitre.org,9.8,CRITICAL
CVE-2017-16743,2018-01-12T20:29:00.387,2026-06-17T01:09:44.613,ics-cert@hq.dhs.gov,9.8,CRITICAL
CVE-2015-9246,2018-01-12T22:29:00.217,2026-06-17T00:36:07.733,cve@mitre.org,9.8,CRITICAL
CVE-2015-9249,2018-01-12T22:29:00.323,2026-06-17T00:36:08.100,cve@mitre.org,9.8,CRITICAL
CVE-2017-13177,2018-01-12T23:29:00.343,2026-06-17T01:04:40.510,security@android.com,9.8,CRITICAL
CVE-2017-13178,2018-01-12T23:29:00.390,2026-06-17T01:04:40.623,security@android.com,9.8,CRITICAL
CVE-2017-13179,2018-01-12T23:29:00.420,2026-06-17T01:04:40.740,security@android.com,9.8,CRITICAL
CVE-2017-13185,2018-01-12T23:29:00.657,2026-06-17T01:04:41.350,security@android.com,9.1,CRITICAL
CVE-2017-13187,2018-01-12T23:29:00.733,2026-06-17T01:04:41.550,security@android.com,9.1,CRITICAL
CVE-2017-13188,2018-01-12T23:29:00.780,2026-06-17T01:04:41.653,security@android.com,9.1,CRITICAL
CVE-2017-13203,2018-01-12T23:29:01.373,2026-06-17T01:04:43.210,security@android.com,9.1,CRITICAL
CVE-2017-13204,2018-01-12T23:29:01.407,2026-06-17T01:04:43.310,security@android.com,9.1,CRITICAL
CVE-2017-13205,2018-01-12T23:29:01.453,2026-06-17T01:04:43.410,security@android.com,9.1,CRITICAL
CVE-2017-13208,2018-01-12T23:29:01.577,2026-06-17T01:04:43.717,security@android.com,9.8,CRITICAL
CVE-2018-5696,2018-01-14T04:29:00.473,2026-06-17T02:00:36.840,cve@mitre.org,9.8,CRITICAL
CVE-2018-5328,2018-01-15T21:29:00.203,2026-06-17T02:00:08.097,cve@mitre.org,9.8,CRITICAL
CVE-2018-5703,2018-01-16T09:29:00.420,2026-06-17T02:00:37.523,cve@mitre.org,9.8,CRITICAL
CVE-2018-5704,2018-01-16T09:29:00.467,2026-06-17T02:00:37.633,cve@mitre.org,9.6,CRITICAL
CVE-2018-5299,2018-01-16T22:29:00.240,2026-06-17T02:00:00.237,cve@mitre.org,9.8,CRITICAL
CVE-2018-5723,2018-01-16T22:29:00.287,2026-06-17T02:00:39.477,cve@mitre.org,9.8,CRITICAL
CVE-2018-5724,2018-01-16T22:29:00.347,2026-06-17T02:00:39.590,cve@mitre.org,9.8,CRITICAL
CVE-2018-5726,2018-01-16T22:29:00.443,2026-06-17T02:00:39.813,cve@mitre.org,9.8,CRITICAL
CVE-2018-5195,2018-01-17T17:29:01.100,2026-06-17T01:59:49.350,vuln@krcert.or.kr,9.8,CRITICAL
CVE-2017-10282,2018-01-18T02:29:16.163,2026-06-17T01:00:06.867,secalert_us@oracle.com,9.1,CRITICAL
CVE-2018-2611,2018-01-18T02:29:19.663,2026-06-17T01:55:55.263,secalert_us@oracle.com,10.0,CRITICAL
CVE-2018-2623,2018-01-18T02:29:20.210,2026-06-17T01:55:56.903,secalert_us@oracle.com,9.3,CRITICAL
CVE-2018-2655,2018-01-18T02:29:21.647,2026-06-17T01:56:02.773,secalert_us@oracle.com,9.1,CRITICAL
CVE-2018-2656,2018-01-18T02:29:21.697,2026-06-17T01:56:02.903,secalert_us@oracle.com,9.1,CRITICAL
CVE-2018-2664,2018-01-18T02:29:22.087,2026-06-17T01:56:04.080,secalert_us@oracle.com,9.0,CRITICAL
CVE-2018-2697,2018-01-18T02:29:23.633,2026-06-17T01:56:08.610,secalert_us@oracle.com,9.1,CRITICAL
CVE-2016-6814,2018-01-18T18:29:00.233,2026-06-17T00:51:49.333,cve@mitre.org,9.8,CRITICAL
CVE-2017-12729,2018-01-18T19:29:00.237,2026-06-17T01:03:51.300,ics-cert@hq.dhs.gov,9.8,CRITICAL
CVE-2017-18044,2018-01-19T17:29:00.413,2026-06-17T01:12:05.850,cve@mitre.org,9.8,CRITICAL
CVE-2017-14094,2018-01-19T19:29:00.467,2026-06-17T01:05:34.613,security@trendmicro.com,9.8,CRITICAL
CVE-2017-14097,2018-01-19T19:29:00.657,2026-06-17T01:05:34.930,security@trendmicro.com,9.8,CRITICAL
CVE-2017-14803,2018-01-20T00:29:00.343,2026-06-17T01:06:47.403,security@opentext.com,9.8,CRITICAL
CVE-2017-18045,2018-01-21T07:29:00.210,2026-06-17T01:12:05.963,cve@mitre.org,9.8,CRITICAL
CVE-2017-18046,2018-01-21T22:29:00.290,2026-06-17T01:12:06.083,cve@mitre.org,9.8,CRITICAL
CVE-2018-5955,2018-01-21T22:29:00.320,2026-06-17T02:01:03.720,cve@mitre.org,9.8,CRITICAL
CVE-2017-18047,2018-01-22T04:29:00.267,2026-06-17T01:12:06.193,cve@mitre.org,9.8,CRITICAL
CVE-2018-5999,2018-01-22T20:29:00.227,2026-06-17T02:01:09.330,cve@mitre.org,9.8,CRITICAL
CVE-2018-6000,2018-01-22T20:29:00.290,2026-06-17T02:01:09.450,cve@mitre.org,9.8,CRITICAL
CVE-2017-16597,2018-01-23T01:29:00.630,2026-06-17T01:09:32.437,zdi-disclosures@trendmicro.com,9.8,CRITICAL
CVE-2017-16608,2018-01-23T01:29:01.257,2026-06-17T01:09:33.593,zdi-disclosures@trendmicro.com,9.8,CRITICAL
CVE-2017-16610,2018-01-23T01:29:01.380,2026-06-17T01:09:33.823,zdi-disclosures@trendmicro.com,9.8,CRITICAL
CVE-2017-17406,2018-01-23T01:29:01.460,2026-06-17T01:10:44.817,zdi-disclosures@trendmicro.com,9.8,CRITICAL
CVE-2017-17407,2018-01-23T01:29:01.523,2026-06-17T01:10:44.923,zdi-disclosures@trendmicro.com,9.8,CRITICAL
CVE-2017-2741,2018-01-23T16:29:00.787,2026-06-17T01:16:46.930,hp-security-alert@hp.com,9.8,CRITICAL
CVE-2017-2750,2018-01-23T16:29:01.600,2026-06-17T01:16:48.047,hp-security-alert@hp.com,9.8,CRITICAL
CVE-2017-17999,2018-01-23T18:29:00.220,2026-06-17T01:12:01.013,cve@mitre.org,9.8,CRITICAL
CVE-2018-5749,2018-01-23T19:29:00.247,2026-06-17T02:00:42.927,cve@mitre.org,9.8,CRITICAL
CVE-2017-15531,2018-01-23T20:29:00.283,2026-06-17T01:07:51.313,secure@symantec.com,9.8,CRITICAL
CVE-2017-15697,2018-01-23T22:29:00.337,2026-06-17T01:08:06.890,security@apache.org,9.8,CRITICAL
CVE-2018-5972,2018-01-24T10:29:00.377,2026-06-17T02:01:05.443,cve@mitre.org,9.8,CRITICAL
CVE-2018-5977,2018-01-24T10:29:00.487,2026-06-17T02:01:06.000,cve@mitre.org,9.8,CRITICAL
CVE-2018-5978,2018-01-24T10:29:00.550,2026-06-17T02:01:06.107,cve@mitre.org,9.8,CRITICAL
CVE-2018-5979,2018-01-24T10:29:00.613,2026-06-17T02:01:06.217,cve@mitre.org,9.8,CRITICAL
CVE-2018-5984,2018-01-24T10:29:00.690,2026-06-17T02:01:06.757,cve@mitre.org,9.8,CRITICAL
CVE-2018-5985,2018-01-24T10:29:00.753,2026-06-17T02:01:06.863,cve@mitre.org,9.8,CRITICAL
CVE-2018-5986,2018-01-24T10:29:00.830,2026-06-17T02:01:06.970,cve@mitre.org,9.8,CRITICAL
CVE-2018-5988,2018-01-24T10:29:00.910,2026-06-17T02:01:07.197,cve@mitre.org,9.8,CRITICAL
CVE-2017-15718,2018-01-24T14:29:00.327,2026-06-17T01:08:09.567,security@apache.org,9.8,CRITICAL
CVE-2017-12176,2018-01-24T15:29:00.247,2026-06-17T01:02:50.660,secalert@redhat.com,9.8,CRITICAL
CVE-2017-12177,2018-01-24T15:29:00.307,2026-06-17T01:02:50.773,secalert@redhat.com,9.8,CRITICAL
CVE-2017-12178,2018-01-24T15:29:00.370,2026-06-17T01:02:50.883,secalert@redhat.com,9.8,CRITICAL
CVE-2017-12179,2018-01-24T15:29:00.433,2026-06-17T01:02:50.993,secalert@redhat.com,9.8,CRITICAL
CVE-2017-12180,2018-01-24T15:29:00.497,2026-06-17T01:02:51.100,secalert@redhat.com,9.8,CRITICAL
CVE-2017-12181,2018-01-24T15:29:00.557,2026-06-17T01:02:51.213,secalert@redhat.com,9.8,CRITICAL
CVE-2017-12182,2018-01-24T15:29:00.620,2026-06-17T01:02:51.327,secalert@redhat.com,9.8,CRITICAL
CVE-2017-12183,2018-01-24T15:29:00.700,2026-06-17T01:02:51.447,secalert@redhat.com,9.8,CRITICAL
CVE-2017-12184,2018-01-24T15:29:00.760,2026-06-17T01:02:51.563,secalert@redhat.com,9.8,CRITICAL
CVE-2017-12185,2018-01-24T15:29:00.840,2026-06-17T01:02:51.677,secalert@redhat.com,9.8,CRITICAL
CVE-2017-12186,2018-01-24T15:29:00.903,2026-06-17T01:02:51.800,secalert@redhat.com,9.8,CRITICAL
CVE-2017-12187,2018-01-24T15:29:00.997,2026-06-17T01:02:51.913,secalert@redhat.com,9.8,CRITICAL
CVE-2017-13696,2018-01-24T15:29:01.057,2026-06-17T01:05:00.360,cve@mitre.org,9.8,CRITICAL
CVE-2018-5777,2018-01-24T15:29:01.277,2026-06-17T02:00:45.663,cve@mitre.org,9.8,CRITICAL
CVE-2018-5778,2018-01-24T15:29:01.340,2026-06-17T02:00:45.777,cve@mitre.org,9.8,CRITICAL
CVE-2018-6017,2018-01-24T15:29:01.403,2026-06-17T02:01:11.693,cve@mitre.org,9.1,CRITICAL
CVE-2018-6018,2018-01-24T15:29:01.450,2026-06-17T02:01:11.803,cve@mitre.org,9.1,CRITICAL
CVE-2017-1000474,2018-01-24T22:29:00.230,2026-06-17T00:59:13.970,cve@mitre.org,9.8,CRITICAL
CVE-2018-1000005,2018-01-24T22:29:00.307,2026-06-17T01:32:11.433,cve@mitre.org,9.1,CRITICAL
CVE-2018-1000007,2018-01-24T22:29:00.353,2026-06-17T01:32:11.740,cve@mitre.org,9.8,CRITICAL
CVE-2018-6308,2018-01-25T08:29:00.383,2026-06-17T02:01:38.537,cve@mitre.org,9.8,CRITICAL
CVE-2018-5973,2018-01-25T17:29:00.210,2026-06-17T02:01:05.553,cve@mitre.org,9.8,CRITICAL
CVE-2018-5997,2018-01-25T17:29:00.303,2026-06-17T02:01:08.223,cve@mitre.org,9.8,CRITICAL
CVE-2018-5447,2018-01-25T22:29:00.237,2026-06-17T02:00:20.120,ics-cert@hq.dhs.gov,9.8,CRITICAL
CVE-2018-1342,2018-01-26T02:29:03.940,2026-06-17T01:51:03.707,security@opentext.com,9.8,CRITICAL
CVE-2018-0506,2018-01-26T16:29:00.273,2026-06-17T01:31:02.400,vultures@jpcert.or.jp,9.8,CRITICAL
CVE-2017-12377,2018-01-26T20:29:00.487,2026-06-17T01:03:14.703,psirt@cisco.com,9.8,CRITICAL
CVE-2017-12379,2018-01-26T20:29:00.613,2026-06-17T01:03:14.927,psirt@cisco.com,9.8,CRITICAL
CVE-2017-17976,2018-01-26T20:29:01.020,2026-06-17T01:11:59.020,cve@mitre.org,9.8,CRITICAL
CVE-2017-1204,2018-01-26T21:29:00.307,2026-06-17T01:14:03.523,psirt@us.ibm.com,9.8,CRITICAL
CVE-2018-6363,2018-01-29T05:29:00.497,2026-06-17T02:01:44.640,cve@mitre.org,9.8,CRITICAL
CVE-2018-6364,2018-01-29T05:29:00.543,2026-06-17T02:01:44.747,cve@mitre.org,9.8,CRITICAL
CVE-2018-6365,2018-01-29T05:29:00.590,2026-06-17T02:01:44.857,cve@mitre.org,9.8,CRITICAL
CVE-2018-6367,2018-01-29T05:29:00.650,2026-06-17T02:01:44.963,cve@mitre.org,9.8,CRITICAL
CVE-2017-14698,2018-01-29T16:29:00.293,2026-06-17T01:06:36.923,cve@mitre.org,9.8,CRITICAL
CVE-2017-4947,2018-01-29T16:29:00.730,2026-06-17T01:19:37.230,security@vmware.com,9.8,CRITICAL
CVE-2017-1000353,2018-01-29T17:29:00.193,2026-06-17T00:59:00.597,cve@mitre.org,9.8,CRITICAL
CVE-2018-6387,2018-01-29T18:29:00.283,2026-06-17T02:01:46.727,cve@mitre.org,9.8,CRITICAL
CVE-2016-10711,2018-01-29T20:29:00.217,2026-06-17T00:40:12.723,cve@mitre.org,9.8,CRITICAL
CVE-2018-0101,2018-01-29T20:29:00.280,2026-06-17T01:29:33.737,psirt@cisco.com,10.0,CRITICAL
CVE-2018-6395,2018-01-30T15:29:00.230,2026-06-17T02:01:47.633,cve@mitre.org,9.8,CRITICAL
CVE-2018-6398,2018-01-30T15:29:00.373,2026-06-17T02:01:47.960,cve@mitre.org,9.8,CRITICAL
CVE-2018-6376,2018-01-30T17:29:00.367,2026-06-17T02:01:45.620,cve@mitre.org,9.8,CRITICAL
CVE-2016-6598,2018-01-30T20:29:00.333,2026-06-17T00:51:25.773,cve@mitre.org,9.8,CRITICAL
CVE-2016-6599,2018-01-30T20:29:00.397,2026-06-17T00:51:25.903,cve@mitre.org,9.8,CRITICAL
CVE-2018-5701,2018-01-31T18:29:00.317,2026-06-17T02:00:37.280,cve@mitre.org,9.8,CRITICAL
CVE-2018-6476,2018-01-31T19:29:00.493,2026-06-17T02:01:53.147,cve@mitre.org,9.8,CRITICAL
CVE-2017-15655,2018-01-31T20:29:00.350,2026-06-17T01:08:03.997,cve@mitre.org,9.6,CRITICAL
CVE-2017-16861,2018-02-01T04:29:00.373,2026-06-17T01:10:02.497,security@atlassian.com,9.8,CRITICAL
CVE-2018-0510,2018-02-01T14:29:00.433,2026-06-17T01:31:02.917,vultures@jpcert.or.jp,9.8,CRITICAL
CVE-2018-6485,2018-02-01T14:29:00.623,2026-06-17T02:01:53.690,cve@mitre.org,9.8,CRITICAL
CVE-2011-4068,2018-02-01T17:29:00.227,2026-06-16T23:34:22.320,cve@mitre.org,9.8,CRITICAL
CVE-2011-4069,2018-02-01T17:29:00.290,2026-06-16T23:34:22.430,cve@mitre.org,9.8,CRITICAL
CVE-2014-3005,2018-02-01T17:29:00.463,2026-06-17T00:07:27.663,cve@mitre.org,9.8,CRITICAL
CVE-2014-3244,2018-02-01T17:29:00.570,2026-06-17T00:07:50.430,cve@mitre.org,9.8,CRITICAL
CVE-2018-6521,2018-02-02T01:29:00.370,2026-06-17T02:01:57.543,cve@mitre.org,9.8,CRITICAL
CVE-2018-6537,2018-02-02T09:29:00.430,2026-06-17T02:01:59.317,cve@mitre.org,9.8,CRITICAL
CVE-2018-6548,2018-02-02T09:29:00.850,2026-06-17T02:02:00.347,cve@mitre.org,9.8,CRITICAL
CVE-2018-6551,2018-02-02T14:29:01.590,2026-06-17T02:02:00.563,cve@mitre.org,9.8,CRITICAL
CVE-2018-6575,2018-02-02T17:29:00.217,2026-06-17T02:02:02.390,cve@mitre.org,9.8,CRITICAL
CVE-2018-6576,2018-02-02T17:29:00.293,2026-06-17T02:02:02.500,cve@mitre.org,9.8,CRITICAL
CVE-2018-6577,2018-02-02T17:29:00.357,2026-06-17T02:02:02.607,cve@mitre.org,9.8,CRITICAL
CVE-2018-6578,2018-02-02T17:29:00.420,2026-06-17T02:02:02.717,cve@mitre.org,9.8,CRITICAL
CVE-2018-6579,2018-02-02T17:29:00.467,2026-06-17T02:02:02.823,cve@mitre.org,9.8,CRITICAL
CVE-2018-6580,2018-02-02T17:29:00.513,2026-06-17T02:02:02.930,cve@mitre.org,9.8,CRITICAL
CVE-2018-6581,2018-02-02T17:29:00.577,2026-06-17T02:02:03.043,cve@mitre.org,9.8,CRITICAL
CVE-2018-6317,2018-02-02T21:29:00.853,2026-06-17T02:01:39.190,cve@mitre.org,9.1,CRITICAL
CVE-2017-17108,2018-02-03T15:29:00.497,2026-06-17T01:10:21.667,cve@mitre.org,9.8,CRITICAL
CVE-2018-6596,2018-02-03T21:29:00.210,2026-06-17T02:02:04.547,cve@mitre.org,9.1,CRITICAL
CVE-2015-4412,2018-02-05T16:29:00.410,2026-06-17T00:27:14.797,cve@mitre.org,9.8,CRITICAL
CVE-2018-5442,2018-02-05T18:29:00.310,2026-06-17T02:00:19.683,ics-cert@hq.dhs.gov,9.8,CRITICAL
CVE-2018-6624,2018-02-05T18:29:00.390,2026-06-17T02:02:06.853,cve@mitre.org,9.8,CRITICAL
CVE-2018-6582,2018-02-05T21:29:00.253,2026-06-17T02:02:03.150,cve@mitre.org,9.8,CRITICAL
CVE-2018-6604,2018-02-05T21:29:00.317,2026-06-17T02:02:05.117,cve@mitre.org,9.8,CRITICAL
CVE-2018-6605,2018-02-05T21:29:00.393,2026-06-17T02:02:05.220,cve@mitre.org,9.8,CRITICAL
CVE-2018-6609,2018-02-05T22:29:00.227,2026-06-17T02:02:05.547,cve@mitre.org,9.8,CRITICAL
CVE-2016-6813,2018-02-06T14:29:00.300,2026-06-17T00:51:49.217,security@apache.org,9.8,CRITICAL
CVE-2017-15095,2018-02-06T15:29:00.233,2026-06-17T01:07:14.343,secalert@redhat.com,9.8,CRITICAL
CVE-2017-7525,2018-02-06T15:29:00.297,2026-06-17T01:24:31.660,secalert@redhat.com,9.8,CRITICAL
CVE-2018-6289,2018-02-06T15:29:00.437,2026-06-17T02:01:36.623,vulnerability@kaspersky.com,9.8,CRITICAL
CVE-2017-6199,2018-02-06T16:29:00.730,2026-06-17T01:21:56.043,cve@mitre.org,9.8,CRITICAL
CVE-2017-17663,2018-02-06T17:29:00.207,2026-06-17T01:11:27.697,cve@mitre.org,9.8,CRITICAL
CVE-2016-3953,2018-02-06T18:29:00.273,2026-06-17T00:46:37.773,cve@mitre.org,9.8,CRITICAL
CVE-2016-3957,2018-02-06T18:29:00.400,2026-06-17T00:46:38.307,cve@mitre.org,9.8,CRITICAL
CVE-2018-6758,2018-02-06T18:29:00.447,2026-06-17T02:02:14.150,cve@mitre.org,9.8,CRITICAL
CVE-2018-4877,2018-02-06T21:29:00.253,2026-06-17T01:59:12.277,psirt@adobe.com,9.8,CRITICAL
CVE-2018-6822,2018-02-07T15:29:00.300,2026-06-17T02:02:19.113,cve@mitre.org,9.8,CRITICAL
CVE-2018-6823,2018-02-07T16:29:00.227,2026-06-17T02:02:19.220,cve@mitre.org,9.8,CRITICAL
CVE-2017-12465,2018-02-07T17:29:00.670,2026-06-17T01:03:20.937,cve@mitre.org,9.8,CRITICAL
CVE-2017-12466,2018-02-07T17:29:00.717,2026-06-17T01:03:21.043,cve@mitre.org,9.8,CRITICAL
CVE-2017-12468,2018-02-07T17:29:00.827,2026-06-17T01:03:21.270,cve@mitre.org,9.8,CRITICAL
CVE-2017-12469,2018-02-07T17:29:00.873,2026-06-17T01:03:21.390,cve@mitre.org,9.8,CRITICAL
CVE-2017-12470,2018-02-07T17:29:00.920,2026-06-17T01:03:21.507,cve@mitre.org,9.8,CRITICAL
CVE-2017-12471,2018-02-07T17:29:00.967,2026-06-17T01:03:21.620,cve@mitre.org,9.8,CRITICAL
CVE-2017-12472,2018-02-07T17:29:01.027,2026-06-17T01:03:21.733,cve@mitre.org,9.8,CRITICAL
CVE-2018-0125,2018-02-08T07:29:00.570,2026-06-17T01:29:37.637,psirt@cisco.com,9.8,CRITICAL
CVE-2018-0127,2018-02-08T07:29:00.633,2026-06-17T01:29:38.043,psirt@cisco.com,9.8,CRITICAL
CVE-2018-6835,2018-02-08T07:29:01.147,2026-06-17T02:02:20.470,cve@mitre.org,9.8,CRITICAL
CVE-2018-6836,2018-02-08T07:29:01.197,2026-06-17T02:02:20.580,cve@mitre.org,9.8,CRITICAL
CVE-2018-0514,2018-02-08T14:29:00.323,2026-06-17T01:31:03.463,vultures@jpcert.or.jp,9.8,CRITICAL
CVE-2017-17412,2018-02-08T18:29:00.210,2026-06-17T01:10:45.440,zdi-disclosures@trendmicro.com,9.8,CRITICAL
CVE-2017-17413,2018-02-08T18:29:00.257,2026-06-17T01:10:45.543,zdi-disclosures@trendmicro.com,9.8,CRITICAL
CVE-2017-17414,2018-02-08T18:29:00.307,2026-06-17T01:10:45.640,zdi-disclosures@trendmicro.com,9.8,CRITICAL
CVE-2017-17415,2018-02-08T18:29:00.353,2026-06-17T01:10:45.743,zdi-disclosures@trendmicro.com,9.8,CRITICAL
CVE-2017-17416,2018-02-08T18:29:00.400,2026-06-17T01:10:45.840,zdi-disclosures@trendmicro.com,9.8,CRITICAL
CVE-2017-17417,2018-02-08T18:29:00.447,2026-06-17T01:10:45.940,zdi-disclosures@trendmicro.com,9.8,CRITICAL
CVE-2017-17418,2018-02-08T18:29:00.493,2026-06-17T01:10:46.050,zdi-disclosures@trendmicro.com,9.8,CRITICAL
CVE-2017-17419,2018-02-08T18:29:00.557,2026-06-17T01:10:46.147,zdi-disclosures@trendmicro.com,9.8,CRITICAL
CVE-2017-17420,2018-02-08T18:29:00.617,2026-06-17T01:10:46.250,zdi-disclosures@trendmicro.com,9.8,CRITICAL
CVE-2017-17421,2018-02-08T18:29:00.663,2026-06-17T01:10:46.350,zdi-disclosures@trendmicro.com,9.8,CRITICAL
CVE-2017-17422,2018-02-08T18:29:00.697,2026-06-17T01:10:46.453,zdi-disclosures@trendmicro.com,9.8,CRITICAL
CVE-2017-17423,2018-02-08T18:29:00.773,2026-06-17T01:10:46.553,zdi-disclosures@trendmicro.com,9.8,CRITICAL
CVE-2017-17424,2018-02-08T18:29:00.820,2026-06-17T01:10:46.657,zdi-disclosures@trendmicro.com,9.8,CRITICAL
CVE-2017-17425,2018-02-08T18:29:00.867,2026-06-17T01:10:46.767,zdi-disclosures@trendmicro.com,9.8,CRITICAL
CVE-2017-17652,2018-02-08T18:29:00.913,2026-06-17T01:11:26.497,zdi-disclosures@trendmicro.com,9.8,CRITICAL
CVE-2017-17653,2018-02-08T18:29:00.960,2026-06-17T01:11:26.627,zdi-disclosures@trendmicro.com,9.8,CRITICAL
CVE-2017-17654,2018-02-08T18:29:00.993,2026-06-17T01:11:26.737,zdi-disclosures@trendmicro.com,9.8,CRITICAL
CVE-2017-17655,2018-02-08T18:29:01.040,2026-06-17T01:11:26.840,zdi-disclosures@trendmicro.com,9.8,CRITICAL
CVE-2017-17656,2018-02-08T18:29:01.087,2026-06-17T01:11:26.930,zdi-disclosures@trendmicro.com,9.8,CRITICAL
CVE-2017-17657,2018-02-08T18:29:01.133,2026-06-17T01:11:27.017,zdi-disclosures@trendmicro.com,9.8,CRITICAL
CVE-2017-17658,2018-02-08T18:29:01.180,2026-06-17T01:11:27.103,zdi-disclosures@trendmicro.com,9.8,CRITICAL
CVE-2017-17659,2018-02-08T18:29:01.243,2026-06-17T01:11:27.197,zdi-disclosures@trendmicro.com,9.8,CRITICAL
CVE-2018-1161,2018-02-08T18:29:01.290,2026-06-17T01:50:36.913,zdi-disclosures@trendmicro.com,9.8,CRITICAL
CVE-2018-1163,2018-02-08T18:29:01.400,2026-06-17T01:50:37.157,zdi-disclosures@trendmicro.com,9.8,CRITICAL
CVE-2011-4889,2018-02-08T23:29:00.267,2026-06-16T23:35:34.737,psirt@us.ibm.com,9.8,CRITICAL
CVE-2012-2166,2018-02-08T23:29:00.407,2026-06-16T23:41:07.053,psirt@us.ibm.com,9.8,CRITICAL
CVE-2018-6180,2018-02-08T23:29:01.077,2026-06-17T02:01:28.050,cve@mitre.org,9.8,CRITICAL
CVE-2018-6789,2018-02-08T23:29:01.170,2026-06-17T02:02:17.180,cve@mitre.org,9.8,CRITICAL
CVE-2018-6871,2018-02-09T06:29:00.303,2026-06-17T02:02:23.463,cve@mitre.org,9.8,CRITICAL
CVE-2018-6825,2018-02-09T15:29:00.207,2026-06-17T02:02:19.433,cve@mitre.org,9.8,CRITICAL
CVE-2018-3601,2018-02-09T22:29:00.740,2026-06-17T01:57:32.160,security@trendmicro.com,9.8,CRITICAL
CVE-2018-1000033,2018-02-09T23:29:01.120,2026-06-17T01:32:15.187,cve@mitre.org,9.1,CRITICAL
CVE-2018-1000034,2018-02-09T23:29:01.167,2026-06-17T01:32:15.320,cve@mitre.org,9.1,CRITICAL
CVE-2018-1000042,2018-02-09T23:29:01.323,2026-06-17T01:32:17.997,cve@mitre.org,9.8,CRITICAL
CVE-2018-1000043,2018-02-09T23:29:01.370,2026-06-17T01:32:18.130,cve@mitre.org,9.8,CRITICAL
CVE-2018-1000044,2018-02-09T23:29:01.417,2026-06-17T01:32:18.267,cve@mitre.org,9.8,CRITICAL
CVE-2018-1000059,2018-02-09T23:29:02.167,2026-06-17T01:32:20.287,cve@mitre.org,9.8,CRITICAL
CVE-2018-1000060,2018-02-09T23:29:02.213,2026-06-17T01:32:20.453,cve@mitre.org,9.8,CRITICAL
CVE-2017-18174,2018-02-11T18:29:00.227,2026-06-17T01:12:20.040,cve@mitre.org,9.8,CRITICAL
CVE-2018-6892,2018-02-11T18:29:00.290,2026-06-17T02:02:25.473,cve@mitre.org,9.8,CRITICAL
CVE-2018-6863,2018-02-12T03:29:00.467,2026-06-17T02:02:22.703,cve@mitre.org,9.8,CRITICAL
CVE-2018-6893,2018-02-12T14:29:00.473,2026-06-17T02:02:25.617,cve@mitre.org,9.8,CRITICAL
CVE-2017-13229,2018-02-12T19:29:00.290,2026-06-17T01:04:45.780,security@android.com,9.8,CRITICAL
CVE-2018-1297,2018-02-13T12:29:00.207,2026-06-17T01:50:56.750,security@apache.org,9.8,CRITICAL
CVE-2018-6292,2018-02-13T13:29:00.210,2026-06-17T02:01:36.920,vulnerability@kaspersky.com,9.8,CRITICAL
CVE-2018-6911,2018-02-13T14:29:00.217,2026-06-17T02:02:26.803,cve@mitre.org,9.8,CRITICAL
CVE-2018-0487,2018-02-13T15:29:00.217,2026-06-17T01:30:56.457,security@debian.org,9.8,CRITICAL
CVE-2018-0488,2018-02-13T15:29:00.263,2026-06-17T01:30:56.583,security@debian.org,9.8,CRITICAL
CVE-2018-6928,2018-02-13T17:29:00.217,2026-06-17T02:02:28.773,cve@mitre.org,9.8,CRITICAL
CVE-2018-6948,2018-02-13T17:29:00.250,2026-06-17T02:02:29.987,cve@mitre.org,9.8,CRITICAL
CVE-2018-1383,2018-02-13T20:29:00.437,2026-06-17T01:51:07.657,psirt@us.ibm.com,9.1,CRITICAL
CVE-2018-6953,2018-02-13T20:29:00.497,2026-06-17T02:02:30.320,cve@mitre.org,9.8,CRITICAL
CVE-2018-5459,2018-02-13T21:29:00.207,2026-06-17T02:00:21.240,ics-cert@hq.dhs.gov,9.8,CRITICAL
CVE-2018-1287,2018-02-14T14:29:00.210,2026-06-17T01:50:55.587,security@apache.org,9.8,CRITICAL
CVE-2017-18187,2018-02-14T17:29:00.237,2026-06-17T01:12:21.230,cve@mitre.org,9.8,CRITICAL
CVE-2018-7039,2018-02-14T19:29:00.307,2026-06-17T02:02:34.730,cve@mitre.org,9.8,CRITICAL
CVE-2018-5440,2018-02-15T10:29:00.680,2026-06-17T02:00:19.447,ics-cert@hq.dhs.gov,9.8,CRITICAL
CVE-2017-17301,2018-02-15T16:29:03.610,2026-06-17T01:10:39.237,psirt@huawei.com,9.8,CRITICAL
CVE-2018-7053,2018-02-15T20:29:00.743,2026-06-17T02:02:35.620,cve@mitre.org,9.8,CRITICAL
CVE-2018-7054,2018-02-15T20:29:00.807,2026-06-17T02:02:35.730,cve@mitre.org,9.8,CRITICAL
CVE-2011-4973,2018-02-15T21:29:00.227,2026-06-16T23:35:45.020,secalert@redhat.com,9.8,CRITICAL
CVE-2016-8511,2018-02-15T22:29:00.230,2026-06-17T00:54:28.467,security-alert@hpe.com,9.8,CRITICAL
CVE-2016-8512,2018-02-15T22:29:00.480,2026-06-17T00:54:28.573,security-alert@hpe.com,9.8,CRITICAL
CVE-2016-8519,2018-02-15T22:29:00.827,2026-06-17T00:54:29.270,security-alert@hpe.com,9.8,CRITICAL
CVE-2017-12542,2018-02-15T22:29:04.263,2026-06-17T01:03:28.647,security-alert@hpe.com,10.0,CRITICAL
CVE-2017-12556,2018-02-15T22:29:04.950,2026-06-17T01:03:30.080,security-alert@hpe.com,9.8,CRITICAL
CVE-2017-12557,2018-02-15T22:29:04.997,2026-06-17T01:03:30.180,security-alert@hpe.com,9.8,CRITICAL
CVE-2017-12558,2018-02-15T22:29:05.043,2026-06-17T01:03:30.283,security-alert@hpe.com,9.8,CRITICAL
CVE-2017-12561,2018-02-15T22:29:05.183,2026-06-17T01:03:30.587,security-alert@hpe.com,9.8,CRITICAL
CVE-2017-5790,2018-02-15T22:29:05.683,2026-06-17T01:21:11.413,security-alert@hpe.com,9.8,CRITICAL
CVE-2017-5792,2018-02-15T22:29:05.747,2026-06-17T01:21:11.650,security-alert@hpe.com,9.8,CRITICAL
CVE-2017-5802,2018-02-15T22:29:06.230,2026-06-17T01:21:12.833,security-alert@hpe.com,9.8,CRITICAL
CVE-2017-5804,2018-02-15T22:29:06.327,2026-06-17T01:21:13.073,security-alert@hpe.com,9.8,CRITICAL
CVE-2017-5805,2018-02-15T22:29:06.387,2026-06-17T01:21:13.193,security-alert@hpe.com,9.8,CRITICAL
CVE-2017-5806,2018-02-15T22:29:06.450,2026-06-17T01:21:13.313,security-alert@hpe.com,9.8,CRITICAL
CVE-2017-5807,2018-02-15T22:29:06.480,2026-06-17T01:21:13.430,security-alert@hpe.com,9.8,CRITICAL
CVE-2017-5810,2018-02-15T22:29:06.623,2026-06-17T01:21:13.793,security-alert@hpe.com,9.8,CRITICAL
CVE-2017-5814,2018-02-15T22:29:06.810,2026-06-17T01:21:14.283,security-alert@hpe.com,9.8,CRITICAL
CVE-2017-5815,2018-02-15T22:29:06.887,2026-06-17T01:21:14.417,security-alert@hpe.com,9.8,CRITICAL
CVE-2017-5816,2018-02-15T22:29:06.933,2026-06-17T01:21:14.530,security-alert@hpe.com,9.8,CRITICAL
CVE-2017-5817,2018-02-15T22:29:06.980,2026-06-17T01:21:14.660,security-alert@hpe.com,9.8,CRITICAL
CVE-2017-5819,2018-02-15T22:29:07.077,2026-06-17T01:21:14.927,security-alert@hpe.com,9.8,CRITICAL
CVE-2017-5820,2018-02-15T22:29:07.137,2026-06-17T01:21:15.043,security-alert@hpe.com,9.8,CRITICAL
CVE-2017-5821,2018-02-15T22:29:07.183,2026-06-17T01:21:15.167,security-alert@hpe.com,9.8,CRITICAL
CVE-2017-5823,2018-02-15T22:29:07.263,2026-06-17T01:21:15.397,security-alert@hpe.com,9.8,CRITICAL
CVE-2017-5824,2018-02-15T22:29:07.310,2026-06-17T01:21:15.513,security-alert@hpe.com,9.8,CRITICAL
CVE-2017-8947,2018-02-15T22:29:07.793,2026-06-17T01:27:15.123,security-alert@hpe.com,9.8,CRITICAL
CVE-2017-8948,2018-02-15T22:29:07.840,2026-06-17T01:27:15.227,security-alert@hpe.com,9.8,CRITICAL
CVE-2017-8954,2018-02-15T22:29:08.123,2026-06-17T01:27:15.853,security-alert@hpe.com,9.8,CRITICAL
CVE-2017-8956,2018-02-15T22:29:08.200,2026-06-17T01:27:16.057,security-alert@hpe.com,9.8,CRITICAL
CVE-2017-8957,2018-02-15T22:29:08.247,2026-06-17T01:27:16.153,security-alert@hpe.com,9.8,CRITICAL
CVE-2017-8960,2018-02-15T22:29:08.403,2026-06-17T01:27:16.470,security-alert@hpe.com,9.8,CRITICAL
CVE-2017-8975,2018-02-15T22:29:09.123,2026-06-17T01:27:17.963,security-alert@hpe.com,9.8,CRITICAL
CVE-2017-8976,2018-02-15T22:29:09.170,2026-06-17T01:27:18.067,security-alert@hpe.com,9.8,CRITICAL
CVE-2017-8977,2018-02-15T22:29:09.200,2026-06-17T01:27:18.173,security-alert@hpe.com,9.1,CRITICAL
CVE-2017-8979,2018-02-15T22:29:09.293,2026-06-17T01:27:18.370,security-alert@hpe.com,9.8,CRITICAL
CVE-2017-8981,2018-02-15T22:29:09.420,2026-06-17T01:27:18.577,security-alert@hpe.com,9.8,CRITICAL
CVE-2018-5767,2018-02-15T23:29:00.513,2026-06-17T02:00:44.983,cve@mitre.org,9.8,CRITICAL
CVE-2018-7186,2018-02-16T16:29:00.160,2026-06-17T02:02:45.863,cve@mitre.org,9.8,CRITICAL
CVE-2018-5970,2018-02-17T07:29:00.197,2026-06-17T02:01:05.220,cve@mitre.org,9.8,CRITICAL
CVE-2018-5971,2018-02-17T07:29:00.260,2026-06-17T02:01:05.337,cve@mitre.org,9.8,CRITICAL
CVE-2018-5974,2018-02-17T07:29:00.323,2026-06-17T02:01:05.667,cve@mitre.org,9.8,CRITICAL
CVE-2018-5975,2018-02-17T07:29:00.370,2026-06-17T02:01:05.780,cve@mitre.org,9.8,CRITICAL
CVE-2018-5980,2018-02-17T07:29:00.417,2026-06-17T02:01:06.323,cve@mitre.org,9.8,CRITICAL
CVE-2018-5981,2018-02-17T07:29:00.477,2026-06-17T02:01:06.430,cve@mitre.org,9.8,CRITICAL
CVE-2018-5982,2018-02-17T07:29:00.557,2026-06-17T02:01:06.537,cve@mitre.org,9.8,CRITICAL
CVE-2018-5983,2018-02-17T07:29:00.603,2026-06-17T02:01:06.640,cve@mitre.org,9.8,CRITICAL
CVE-2018-5987,2018-02-17T07:29:00.667,2026-06-17T02:01:07.087,cve@mitre.org,9.8,CRITICAL
CVE-2018-5989,2018-02-17T07:29:00.713,2026-06-17T02:01:07.307,cve@mitre.org,9.8,CRITICAL
CVE-2018-5990,2018-02-17T07:29:00.777,2026-06-17T02:01:07.413,cve@mitre.org,9.8,CRITICAL
CVE-2018-5991,2018-02-17T07:29:00.823,2026-06-17T02:01:07.523,cve@mitre.org,9.8,CRITICAL
CVE-2018-5992,2018-02-17T07:29:00.883,2026-06-17T02:01:07.633,cve@mitre.org,9.8,CRITICAL
CVE-2018-5993,2018-02-17T07:29:00.930,2026-06-17T02:01:07.743,cve@mitre.org,9.8,CRITICAL
CVE-2018-5994,2018-02-17T07:29:00.993,2026-06-17T02:01:07.850,cve@mitre.org,9.8,CRITICAL
CVE-2018-6004,2018-02-17T07:29:01.040,2026-06-17T02:01:10.250,cve@mitre.org,9.8,CRITICAL
CVE-2018-6005,2018-02-17T07:29:01.103,2026-06-17T02:01:10.360,cve@mitre.org,9.8,CRITICAL
CVE-2018-6006,2018-02-17T07:29:01.150,2026-06-17T02:01:10.470,cve@mitre.org,9.8,CRITICAL
CVE-2018-6368,2018-02-17T07:29:01.197,2026-06-17T02:01:45.077,cve@mitre.org,9.8,CRITICAL
CVE-2018-6370,2018-02-17T07:29:01.277,2026-06-17T02:01:45.187,cve@mitre.org,9.8,CRITICAL
CVE-2018-6372,2018-02-17T07:29:01.337,2026-06-17T02:01:45.297,cve@mitre.org,9.8,CRITICAL
CVE-2018-6373,2018-02-17T07:29:01.400,2026-06-17T02:01:45.400,cve@mitre.org,9.8,CRITICAL
CVE-2018-6394,2018-02-17T07:29:01.447,2026-06-17T02:01:47.527,cve@mitre.org,9.8,CRITICAL
CVE-2018-6396,2018-02-17T07:29:01.510,2026-06-17T02:01:47.740,cve@mitre.org,9.8,CRITICAL
CVE-2018-6583,2018-02-17T07:29:01.573,2026-06-17T02:02:03.257,cve@mitre.org,9.8,CRITICAL
CVE-2018-6584,2018-02-17T07:29:01.633,2026-06-17T02:02:03.363,cve@mitre.org,9.8,CRITICAL
CVE-2018-6585,2018-02-17T07:29:01.680,2026-06-17T02:02:03.470,cve@mitre.org,9.8,CRITICAL
CVE-2018-7177,2018-02-17T07:29:01.727,2026-06-17T02:02:44.837,cve@mitre.org,9.8,CRITICAL
CVE-2018-7178,2018-02-17T07:29:01.777,2026-06-17T02:02:44.950,cve@mitre.org,9.8,CRITICAL
CVE-2018-7179,2018-02-17T07:29:01.823,2026-06-17T02:02:45.057,cve@mitre.org,9.8,CRITICAL
CVE-2018-7180,2018-02-17T07:29:01.883,2026-06-17T02:02:45.163,cve@mitre.org,9.8,CRITICAL
CVE-2018-6024,2018-02-18T20:29:00.203,2026-06-17T02:01:12.473,cve@mitre.org,9.8,CRITICAL
CVE-2017-16924,2018-02-19T04:29:00.233,2026-06-17T01:10:09.373,cve@mitre.org,9.8,CRITICAL
CVE-2018-7225,2018-02-19T15:29:00.253,2026-06-17T02:02:49.120,cve@mitre.org,9.8,CRITICAL
CVE-2018-7226,2018-02-19T17:29:00.267,2026-06-17T02:02:49.287,cve@mitre.org,9.8,CRITICAL
CVE-2018-5439,2018-02-19T18:29:00.210,2026-06-17T02:00:19.340,ics-cert@hq.dhs.gov,9.8,CRITICAL
CVE-2018-5473,2018-02-19T18:29:00.257,2026-06-17T02:00:22.737,ics-cert@hq.dhs.gov,9.8,CRITICAL
CVE-2018-5475,2018-02-19T18:29:00.320,2026-06-17T02:00:22.943,ics-cert@hq.dhs.gov,9.8,CRITICAL
CVE-2018-7247,2018-02-19T18:29:00.367,2026-06-17T02:02:52.147,cve@mitre.org,9.8,CRITICAL
CVE-2016-9568,2018-02-19T19:29:00.563,2026-06-17T00:56:15.577,cve@mitre.org,9.8,CRITICAL
CVE-2017-17101,2018-02-19T19:29:00.657,2026-06-17T01:10:20.870,cve@mitre.org,9.8,CRITICAL
CVE-2017-7375,2018-02-19T19:29:00.703,2026-06-17T01:24:13.283,cve@mitre.org,9.8,CRITICAL
CVE-2017-7376,2018-02-19T19:29:00.767,2026-06-17T01:24:13.507,cve@mitre.org,9.8,CRITICAL
CVE-2018-7251,2018-02-19T22:29:00.220,2026-06-17T02:02:52.640,cve@mitre.org,9.8,CRITICAL
CVE-2018-7259,2018-02-20T00:29:00.207,2026-06-17T02:02:53.047,cve@mitre.org,9.8,CRITICAL
CVE-2015-2081,2018-02-20T06:29:00.227,2026-06-17T00:23:34.030,cve@mitre.org,9.8,CRITICAL
CVE-2015-9254,2018-02-20T06:29:00.277,2026-06-17T00:36:08.937,cve@mitre.org,9.8,CRITICAL
CVE-2018-7263,2018-02-20T21:29:00.333,2026-06-17T02:02:53.557,cve@mitre.org,9.8,CRITICAL
CVE-2018-1164,2018-02-21T14:29:00.423,2026-06-17T01:50:37.273,zdi-disclosures@trendmicro.com,9.8,CRITICAL
CVE-2015-5725,2018-02-21T16:29:00.473,2026-06-17T00:29:39.683,cve@mitre.org,9.8,CRITICAL
CVE-2018-0121,2018-02-22T00:29:00.203,2026-06-17T01:29:36.760,psirt@cisco.com,9.8,CRITICAL
CVE-2018-0124,2018-02-22T00:29:00.267,2026-06-17T01:29:37.430,psirt@cisco.com,9.8,CRITICAL
CVE-2018-0130,2018-02-22T00:29:00.313,2026-06-17T01:29:38.833,psirt@cisco.com,9.8,CRITICAL
CVE-2018-7313,2018-02-22T14:29:00.230,2026-06-17T02:03:00.093,cve@mitre.org,9.8,CRITICAL
CVE-2017-18194,2018-02-22T16:29:00.217,2026-06-17T01:12:22.110,cve@mitre.org,9.8,CRITICAL
CVE-2017-5249,2018-02-22T16:29:00.280,2026-06-17T01:20:14.623,cve@rapid7.com,9.8,CRITICAL
CVE-2017-5250,2018-02-22T16:29:00.310,2026-06-17T01:20:14.747,cve@rapid7.com,9.8,CRITICAL
CVE-2018-7409,2018-02-22T18:29:00.317,2026-06-17T02:03:05.530,cve@mitre.org,9.8,CRITICAL
CVE-2018-7297,2018-02-22T19:29:04.810,2026-06-17T02:02:58.323,cve@mitre.org,9.8,CRITICAL
CVE-2018-7300,2018-02-22T19:29:05.733,2026-06-17T02:02:58.693,cve@mitre.org,9.8,CRITICAL
CVE-2018-7301,2018-02-22T19:29:06.547,2026-06-17T02:02:58.823,cve@mitre.org,9.8,CRITICAL
CVE-2018-7312,2018-02-22T19:29:06.907,2026-06-17T02:02:59.970,cve@mitre.org,9.8,CRITICAL
CVE-2018-7314,2018-02-22T19:29:07.453,2026-06-17T02:03:00.213,cve@mitre.org,9.8,CRITICAL
CVE-2018-7315,2018-02-22T19:29:07.733,2026-06-17T02:03:00.340,cve@mitre.org,9.8,CRITICAL
CVE-2018-7316,2018-02-22T19:29:08.047,2026-06-17T02:03:00.463,cve@mitre.org,9.8,CRITICAL
CVE-2018-7318,2018-02-22T19:29:09.060,2026-06-17T02:03:00.710,cve@mitre.org,9.8,CRITICAL
CVE-2018-7319,2018-02-22T19:29:09.843,2026-06-17T02:03:00.837,cve@mitre.org,9.8,CRITICAL
CVE-2018-6489,2018-02-22T22:29:00.333,2026-06-17T02:01:54.140,security@opentext.com,9.8,CRITICAL
CVE-2014-3205,2018-02-23T17:29:00.333,2026-06-17T00:07:48.100,cve@mitre.org,9.8,CRITICAL
CVE-2014-3206,2018-02-23T17:29:00.410,2026-06-17T00:07:48.210,cve@mitre.org,9.8,CRITICAL
CVE-2018-6859,2018-02-23T18:29:00.240,2026-06-17T02:02:22.280,cve@mitre.org,9.8,CRITICAL
CVE-2018-7440,2018-02-23T21:29:00.600,2026-06-17T02:03:07.837,cve@mitre.org,9.8,CRITICAL
CVE-2018-7442,2018-02-23T21:29:00.710,2026-06-17T02:03:08.090,cve@mitre.org,9.1,CRITICAL
CVE-2017-14910,2018-02-23T23:29:00.297,2026-06-17T01:06:57.753,product-security@qualcomm.com,9.8,CRITICAL
CVE-2017-18197,2018-02-24T02:29:01.893,2026-06-17T01:12:22.490,cve@mitre.org,9.8,CRITICAL
CVE-2017-9426,2018-02-26T04:29:00.273,2026-06-17T01:28:04.710,cve@mitre.org,9.8,CRITICAL
CVE-2018-7463,2018-02-26T13:29:00.250,2026-06-17T02:03:09.780,cve@mitre.org,9.8,CRITICAL
CVE-2017-18201,2018-02-26T14:29:00.273,2026-06-17T01:12:22.970,cve@mitre.org,9.8,CRITICAL
CVE-2018-7485,2018-02-26T14:29:00.383,2026-06-17T02:03:13.333,cve@mitre.org,9.8,CRITICAL
CVE-2018-7489,2018-02-26T15:29:00.417,2026-06-17T02:03:13.713,cve@mitre.org,9.8,CRITICAL
CVE-2017-11632,2018-02-26T22:29:00.243,2026-06-17T01:02:06.710,cve@mitre.org,9.8,CRITICAL
CVE-2017-11634,2018-02-26T22:29:00.350,2026-06-17T01:02:06.953,cve@mitre.org,9.8,CRITICAL
CVE-2018-4872,2018-02-27T05:29:00.220,2026-06-17T01:59:11.797,psirt@adobe.com,10.0,CRITICAL
CVE-2018-4879,2018-02-27T05:29:00.390,2026-06-17T01:59:12.633,psirt@adobe.com,9.8,CRITICAL
CVE-2018-4895,2018-02-27T05:29:01.220,2026-06-17T01:59:14.413,psirt@adobe.com,9.8,CRITICAL
CVE-2017-15692,2018-02-27T15:29:00.207,2026-06-17T01:08:06.373,security@apache.org,9.8,CRITICAL
CVE-2018-1372,2018-02-27T17:29:00.210,2026-06-17T01:51:06.700,psirt@us.ibm.com,9.8,CRITICAL
CVE-2018-6481,2018-02-27T19:29:00.357,2026-06-17T02:01:53.470,cve@mitre.org,9.8,CRITICAL
CVE-2014-10071,2018-02-27T22:29:00.307,2026-06-17T00:04:11.167,cve@mitre.org,9.8,CRITICAL
CVE-2014-10072,2018-02-27T22:29:00.370,2026-06-17T00:04:11.277,cve@mitre.org,9.8,CRITICAL
CVE-2016-10714,2018-02-27T22:29:00.433,2026-06-17T00:40:13.107,cve@mitre.org,9.8,CRITICAL
CVE-2017-18206,2018-02-27T22:29:00.543,2026-06-17T01:12:23.643,cve@mitre.org,9.8,CRITICAL
CVE-2018-7548,2018-02-27T22:29:00.590,2026-06-17T02:03:21.063,cve@mitre.org,9.8,CRITICAL
CVE-2018-6638,2018-02-28T05:29:00.210,2026-06-17T02:02:08.150,cve@mitre.org,9.8,CRITICAL
CVE-2018-6639,2018-02-28T05:29:00.273,2026-06-17T02:02:08.260,cve@mitre.org,9.8,CRITICAL
CVE-2018-6640,2018-02-28T05:29:00.337,2026-06-17T02:02:08.367,cve@mitre.org,9.8,CRITICAL
CVE-2018-6641,2018-02-28T05:29:00.383,2026-06-17T02:02:08.470,cve@mitre.org,9.8,CRITICAL
CVE-2018-7551,2018-02-28T06:29:00.233,2026-06-17T02:03:21.460,cve@mitre.org,9.8,CRITICAL
CVE-2018-7552,2018-02-28T06:29:00.297,2026-06-17T02:03:21.587,cve@mitre.org,9.8,CRITICAL
CVE-2018-7553,2018-02-28T06:29:00.357,2026-06-17T02:03:21.710,cve@mitre.org,9.8,CRITICAL
CVE-2018-7554,2018-02-28T06:29:00.437,2026-06-17T02:03:21.830,cve@mitre.org,9.8,CRITICAL
CVE-2018-7477,2018-02-28T07:29:00.293,2026-06-17T02:03:11.260,cve@mitre.org,9.8,CRITICAL
CVE-2018-7556,2018-02-28T07:29:00.400,2026-06-17T02:03:21.953,cve@mitre.org,9.1,CRITICAL
CVE-2018-7264,2018-02-28T17:29:00.923,2026-06-17T02:02:53.677,cve@mitre.org,9.8,CRITICAL
CVE-2017-12627,2018-03-01T14:29:00.250,2026-06-17T01:03:39.753,security@apache.org,9.8,CRITICAL
CVE-2018-7561,2018-03-01T15:29:00.213,2026-06-17T02:03:22.463,cve@mitre.org,9.8,CRITICAL
CVE-2018-2368,2018-03-01T17:29:00.350,2026-06-17T01:55:34.987,cna@sap.com,9.8,CRITICAL
CVE-2018-7573,2018-03-01T17:29:00.587,2026-06-17T02:03:23.927,cve@mitre.org,9.8,CRITICAL
CVE-2018-7584,2018-03-01T19:29:00.293,2026-06-17T02:03:25.057,cve@mitre.org,9.8,CRITICAL
CVE-2017-18210,2018-03-01T21:29:00.280,2026-06-17T01:12:24.150,cve@mitre.org,9.8,CRITICAL
CVE-2017-18211,2018-03-01T21:29:00.343,2026-06-17T01:12:24.270,cve@mitre.org,9.8,CRITICAL
CVE-2018-7047,2018-03-01T21:29:00.407,2026-06-17T02:02:34.950,cve@mitre.org,9.8,CRITICAL
CVE-2017-18212,2018-03-01T22:29:00.297,2026-06-17T01:12:24.390,cve@mitre.org,9.8,CRITICAL
CVE-2018-7648,2018-03-02T16:29:00.213,2026-06-17T02:03:28.360,cve@mitre.org,9.8,CRITICAL
CVE-2018-7664,2018-03-05T07:29:00.337,2026-06-17T02:03:30.110,cve@mitre.org,9.8,CRITICAL
CVE-2018-7665,2018-03-05T07:29:00.383,2026-06-17T02:03:30.233,cve@mitre.org,9.8,CRITICAL
CVE-2018-7666,2018-03-05T07:29:00.447,2026-06-17T02:03:30.350,cve@mitre.org,9.8,CRITICAL
CVE-2018-7667,2018-03-05T07:29:00.493,2026-06-17T02:03:30.473,cve@mitre.org,9.8,CRITICAL
CVE-2018-5455,2018-03-05T17:29:00.613,2026-06-17T02:00:20.917,ics-cert@hq.dhs.gov,9.8,CRITICAL
CVE-2017-18215,2018-03-05T18:29:00.297,2026-06-17T01:12:24.717,cve@mitre.org,9.8,CRITICAL
CVE-2018-7493,2018-03-05T20:29:00.333,2026-06-17T02:03:14.377,cve@mitre.org,9.8,CRITICAL
CVE-2018-7715,2018-03-05T23:29:00.363,2026-06-17T02:03:34.697,cve@mitre.org,9.8,CRITICAL
CVE-2018-7716,2018-03-05T23:29:00.410,2026-06-17T02:03:34.820,cve@mitre.org,9.8,CRITICAL
CVE-2018-1000101,2018-03-06T17:29:00.260,2026-06-17T01:32:25.833,cve@mitre.org,9.8,CRITICAL
CVE-2018-7732,2018-03-06T18:29:00.627,2026-06-17T02:03:36.820,cve@mitre.org,9.8,CRITICAL
CVE-2015-5377,2018-03-06T20:29:00.390,2026-06-17T00:29:02.850,cve@mitre.org,9.8,CRITICAL
CVE-2018-1343,2018-03-06T20:29:00.500,2026-06-17T01:51:03.817,security@opentext.com,9.8,CRITICAL
CVE-2018-6530,2018-03-06T20:29:00.987,2026-06-17T02:01:58.547,cve@mitre.org,9.8,CRITICAL
CVE-2018-6809,2018-03-06T20:29:01.127,2026-06-17T02:02:18.713,cve@mitre.org,9.8,CRITICAL
CVE-2018-5469,2018-03-06T21:29:00.393,2026-06-17T02:00:22.270,ics-cert@hq.dhs.gov,9.8,CRITICAL
CVE-2016-5179,2018-03-07T02:29:00.330,2026-06-17T00:48:54.970,chrome-cve-admin@google.com,9.8,CRITICAL
CVE-2016-7443,2018-03-07T02:29:00.393,2026-06-17T00:53:04.693,cve@mitre.org,9.8,CRITICAL
CVE-2018-7739,2018-03-07T02:29:03.597,2026-06-17T02:03:37.693,cve@mitre.org,9.8,CRITICAL
CVE-2018-1000116,2018-03-07T14:29:00.217,2026-06-17T01:32:27.633,cve@mitre.org,9.8,CRITICAL
CVE-2014-5044,2018-03-07T15:29:00.210,2026-06-17T00:10:58.520,secalert@redhat.com,9.8,CRITICAL
CVE-2017-15367,2018-03-07T20:29:00.247,2026-06-17T01:07:42.357,cve@mitre.org,9.8,CRITICAL
CVE-2018-7753,2018-03-07T23:29:00.273,2026-06-17T02:03:39.290,cve@mitre.org,9.8,CRITICAL
CVE-2018-0147,2018-03-08T07:29:00.377,2026-06-17T01:29:56.093,psirt@cisco.com,9.8,CRITICAL
CVE-2017-7640,2018-03-08T14:29:00.473,2026-06-17T01:24:51.790,security@qnapsecurity.com.tw,9.8,CRITICAL
CVE-2018-1216,2018-03-08T15:29:00.627,2026-06-17T01:50:43.320,security_alert@emc.com,9.8,CRITICAL
CVE-2018-7183,2018-03-08T20:29:00.423,2026-06-17T02:02:45.410,cve@mitre.org,9.8,CRITICAL
CVE-2018-7890,2018-03-08T22:29:00.233,2026-06-17T02:03:54.977,cve@mitre.org,9.8,CRITICAL
CVE-2018-6916,2018-03-09T15:29:00.313,2026-06-17T02:02:27.443,secteam@freebsd.org,9.8,CRITICAL
CVE-2014-2592,2018-03-09T20:29:00.207,2026-06-17T00:06:51.220,cve@mitre.org,9.8,CRITICAL
CVE-2014-4861,2018-03-09T20:29:00.287,2026-06-17T00:10:42.393,cret@cert.org,9.8,CRITICAL
CVE-2014-6617,2018-03-09T20:29:00.347,2026-06-17T00:13:26.747,cve@mitre.org,9.8,CRITICAL
CVE-2018-7228,2018-03-09T23:29:00.373,2026-06-17T02:02:49.543,cybersecurity@se.com,9.8,CRITICAL
CVE-2018-7229,2018-03-09T23:29:00.437,2026-06-17T02:02:49.680,cybersecurity@se.com,9.8,CRITICAL
CVE-2018-7231,2018-03-09T23:29:00.547,2026-06-17T02:02:49.957,cybersecurity@se.com,9.8,CRITICAL
CVE-2018-7232,2018-03-09T23:29:00.593,2026-06-17T02:02:50.090,cybersecurity@se.com,9.8,CRITICAL
CVE-2018-7233,2018-03-09T23:29:00.640,2026-06-17T02:02:50.227,cybersecurity@se.com,9.8,CRITICAL
CVE-2018-7237,2018-03-09T23:29:00.873,2026-06-17T02:02:50.793,cybersecurity@se.com,9.1,CRITICAL
CVE-2018-7238,2018-03-09T23:29:00.920,2026-06-17T02:02:50.933,cybersecurity@se.com,9.8,CRITICAL
CVE-2018-7213,2018-03-11T05:29:00.210,2026-06-17T02:02:48.523,cve@mitre.org,9.8,CRITICAL
CVE-2018-8057,2018-03-11T18:29:00.317,2026-06-17T02:04:11.217,cve@mitre.org,9.8,CRITICAL
CVE-2017-2628,2018-03-12T15:29:00.490,2026-06-17T01:16:32.660,secalert@redhat.com,9.8,CRITICAL
CVE-2018-7749,2018-03-12T19:29:00.207,2026-06-17T02:03:38.587,cve@mitre.org,9.8,CRITICAL
CVE-2016-9953,2018-03-12T21:29:00.563,2026-06-17T00:56:49.663,cve@mitre.org,9.8,CRITICAL
CVE-2018-7538,2018-03-12T21:29:01.077,2026-06-17T02:03:19.870,cve@mitre.org,9.8,CRITICAL
CVE-2018-1000076,2018-03-13T15:29:00.613,2026-06-17T01:32:22.247,cve@mitre.org,9.8,CRITICAL
CVE-2018-6294,2018-03-13T17:29:00.327,2026-06-17T02:01:37.120,vulnerability@kaspersky.com,9.8,CRITICAL
CVE-2018-6295,2018-03-13T17:29:00.373,2026-06-17T02:01:37.220,vulnerability@kaspersky.com,9.8,CRITICAL
CVE-2018-6297,2018-03-13T17:29:00.483,2026-06-17T02:01:37.423,vulnerability@kaspersky.com,9.8,CRITICAL
CVE-2018-6298,2018-03-13T17:29:00.543,2026-06-17T02:01:37.520,vulnerability@kaspersky.com,9.8,CRITICAL
CVE-2018-6299,2018-03-13T17:29:00.607,2026-06-17T02:01:37.620,vulnerability@kaspersky.com,9.8,CRITICAL
CVE-2018-6300,2018-03-13T17:29:00.653,2026-06-17T02:01:37.723,vulnerability@kaspersky.com,9.8,CRITICAL
CVE-2018-7750,2018-03-13T18:29:00.303,2026-06-17T02:03:38.710,cve@mitre.org,9.8,CRITICAL
CVE-2018-1000123,2018-03-13T21:29:00.273,2026-06-17T01:32:28.733,cve@mitre.org,9.8,CRITICAL
CVE-2018-1000124,2018-03-13T21:29:00.320,2026-06-17T01:32:28.863,cve@mitre.org,10.0,CRITICAL
CVE-2018-1000125,2018-03-13T21:29:00.367,2026-06-17T01:32:28.990,cve@mitre.org,9.8,CRITICAL
CVE-2018-8096,2018-03-14T00:29:00.547,2026-06-17T02:04:15.083,cve@mitre.org,9.8,CRITICAL
CVE-2018-8097,2018-03-14T12:29:00.210,2026-06-17T02:04:15.210,cve@mitre.org,9.8,CRITICAL
CVE-2018-1000131,2018-03-14T13:29:00.347,2026-06-17T01:32:29.683,cve@mitre.org,9.8,CRITICAL
CVE-2018-1000132,2018-03-14T13:29:00.407,2026-06-17T01:32:29.817,cve@mitre.org,9.1,CRITICAL
CVE-2018-7279,2018-03-14T13:29:00.503,2026-06-17T02:02:56.687,cve@mitre.org,9.8,CRITICAL
CVE-2018-7474,2018-03-14T14:29:00.250,2026-06-17T02:03:10.887,cve@mitre.org,9.8,CRITICAL
CVE-2018-5779,2018-03-14T16:29:00.257,2026-06-17T02:00:45.883,cve@mitre.org,9.8,CRITICAL
CVE-2018-5780,2018-03-14T16:29:00.337,2026-06-17T02:00:46.000,cve@mitre.org,9.8,CRITICAL
CVE-2018-5781,2018-03-14T16:29:00.383,2026-06-17T02:00:46.110,cve@mitre.org,9.8,CRITICAL
CVE-2018-5782,2018-03-14T16:29:00.430,2026-06-17T02:00:46.217,cve@mitre.org,9.8,CRITICAL
CVE-2018-1000120,2018-03-14T18:29:00.233,2026-06-17T01:32:28.170,cve@mitre.org,9.8,CRITICAL
CVE-2018-1000122,2018-03-14T18:29:00.373,2026-06-17T01:32:28.547,cve@mitre.org,9.1,CRITICAL
CVE-2018-7500,2018-03-14T18:29:00.500,2026-06-17T02:03:15.223,ics-cert@hq.dhs.gov,9.8,CRITICAL
CVE-2018-6328,2018-03-14T19:29:00.597,2026-06-17T02:01:40.077,cve@mitre.org,9.8,CRITICAL
CVE-2018-6329,2018-03-14T19:29:00.657,2026-06-17T02:01:40.183,cve@mitre.org,9.8,CRITICAL
CVE-2018-8710,2018-03-14T19:29:00.720,2026-06-17T02:05:16.347,cve@mitre.org,9.8,CRITICAL
CVE-2018-8711,2018-03-14T19:29:00.783,2026-06-17T02:05:16.470,cve@mitre.org,9.8,CRITICAL
CVE-2018-8712,2018-03-14T19:29:00.830,2026-06-17T02:05:16.587,cve@mitre.org,9.8,CRITICAL
CVE-2017-12194,2018-03-14T21:29:00.207,2026-06-17T01:02:52.690,secalert@redhat.com,9.8,CRITICAL
CVE-2018-7702,2018-03-15T01:29:03.197,2026-06-17T02:03:33.377,cve@mitre.org,9.1,CRITICAL
CVE-2018-7756,2018-03-15T01:29:03.573,2026-06-17T02:03:39.697,cve@mitre.org,9.8,CRITICAL
CVE-2018-6220,2018-03-15T19:29:00.610,2026-06-17T02:01:31.900,security@trendmicro.com,9.8,CRITICAL
CVE-2018-6223,2018-03-15T19:29:00.797,2026-06-17T02:01:32.220,security@trendmicro.com,9.8,CRITICAL
CVE-2018-6228,2018-03-15T19:29:01.127,2026-06-17T02:01:32.717,security@trendmicro.com,9.8,CRITICAL
CVE-2018-6229,2018-03-15T19:29:01.173,2026-06-17T02:01:32.813,security@trendmicro.com,9.8,CRITICAL
CVE-2018-6231,2018-03-15T19:29:01.280,2026-06-17T02:01:33.017,security@trendmicro.com,9.8,CRITICAL
CVE-2016-10393,2018-03-15T21:29:00.213,2026-06-17T00:39:35.453,product-security@qualcomm.com,9.8,CRITICAL
CVE-2017-15815,2018-03-15T21:29:00.463,2026-06-17T01:08:19.187,product-security@qualcomm.com,9.8,CRITICAL
CVE-2017-17773,2018-03-15T21:29:00.573,2026-06-17T01:11:37.333,product-security@qualcomm.com,9.8,CRITICAL
CVE-2017-18067,2018-03-15T21:29:00.790,2026-06-17T01:12:08.410,product-security@qualcomm.com,9.8,CRITICAL
CVE-2018-7033,2018-03-15T22:29:00.527,2026-06-17T02:02:34.400,cve@mitre.org,9.8,CRITICAL
CVE-2018-1000134,2018-03-16T14:29:44.927,2026-06-17T01:32:30.110,cve@mitre.org,9.8,CRITICAL
CVE-2018-7544,2018-03-16T15:29:00.247,2026-06-17T02:03:20.650,cve@mitre.org,9.1,CRITICAL
CVE-2018-8739,2018-03-16T18:29:00.293,2026-06-17T02:05:19.507,cve@mitre.org,9.8,CRITICAL
CVE-2016-9880,2018-03-16T20:29:00.227,2026-06-17T00:56:43.290,security_alert@emc.com,9.8,CRITICAL
CVE-2017-8013,2018-03-16T20:29:00.350,2026-06-17T01:25:38.437,security_alert@emc.com,9.8,CRITICAL
CVE-2018-1078,2018-03-16T20:29:00.383,2026-06-17T01:50:25.867,secalert@redhat.com,9.8,CRITICAL
CVE-2017-18239,2018-03-18T03:29:00.213,2026-06-17T01:12:27.637,cve@mitre.org,9.8,CRITICAL
CVE-2018-8766,2018-03-18T06:29:00.363,2026-06-17T02:05:21.000,cve@mitre.org,9.8,CRITICAL
CVE-2018-5551,2018-03-19T15:29:00.230,2026-06-17T02:00:30.997,cve@rapid7.com,9.0,CRITICAL
CVE-2014-2652,2018-03-19T21:29:00.410,2026-06-17T00:06:58.787,cve@mitre.org,9.8,CRITICAL
CVE-2018-7445,2018-03-19T21:29:01.083,2026-06-17T02:03:08.460,cve@mitre.org,9.8,CRITICAL
CVE-2018-5770,2018-03-20T15:29:00.657,2026-06-17T02:00:45.220,cve@mitre.org,9.8,CRITICAL
CVE-2017-14002,2018-03-20T16:29:00.267,2026-06-17T01:05:25.370,ics-cert@hq.dhs.gov,9.8,CRITICAL
CVE-2017-14004,2018-03-20T16:29:00.327,2026-06-17T01:05:25.603,ics-cert@hq.dhs.gov,9.8,CRITICAL
CVE-2017-14006,2018-03-20T16:29:00.373,2026-06-17T01:05:25.810,ics-cert@hq.dhs.gov,9.8,CRITICAL
CVE-2017-14008,2018-03-20T16:29:00.437,2026-06-17T01:05:26.027,ics-cert@hq.dhs.gov,9.8,CRITICAL
CVE-2018-8088,2018-03-20T16:29:00.547,2026-06-17T02:04:14.477,cve@mitre.org,9.8,CRITICAL
CVE-2018-5768,2018-03-20T19:29:00.210,2026-06-17T02:00:45.103,cve@mitre.org,9.8,CRITICAL
CVE-2018-8828,2018-03-20T20:29:00.350,2026-06-17T02:05:28.123,cve@mitre.org,9.8,CRITICAL
CVE-2014-3990,2018-03-20T21:29:00.703,2026-06-17T00:09:15.403,cve@mitre.org,9.8,CRITICAL
CVE-2018-7269,2018-03-21T18:29:00.237,2026-06-17T02:02:54.053,cve@mitre.org,9.8,CRITICAL
CVE-2018-8073,2018-03-21T18:29:00.300,2026-06-17T02:04:12.560,cve@mitre.org,9.8,CRITICAL
CVE-2017-0915,2018-03-21T20:29:00.293,2026-06-17T00:58:31.233,support@hackerone.com,9.8,CRITICAL
CVE-2017-0916,2018-03-21T20:29:00.357,2026-06-17T00:58:31.337,support@hackerone.com,9.8,CRITICAL
CVE-2014-4912,2018-03-22T04:29:00.217,2026-06-17T00:10:47.040,cve@mitre.org,9.8,CRITICAL
CVE-2017-1789,2018-03-22T12:29:00.503,2026-06-17T01:14:50.873,psirt@us.ibm.com,9.8,CRITICAL
CVE-2018-0539,2018-03-22T13:29:00.547,2026-06-17T01:31:07.093,vultures@jpcert.or.jp,9.8,CRITICAL
CVE-2018-0541,2018-03-22T13:29:00.653,2026-06-17T01:31:07.340,vultures@jpcert.or.jp,9.8,CRITICAL
CVE-2018-5225,2018-03-22T13:29:00.810,2026-06-17T01:59:52.370,security@atlassian.com,9.9,CRITICAL
CVE-2018-8930,2018-03-22T14:29:00.597,2026-06-17T02:05:40.440,cve@mitre.org,9.0,CRITICAL
CVE-2018-8931,2018-03-22T14:29:00.677,2026-06-17T02:05:40.570,cve@mitre.org,9.0,CRITICAL
CVE-2018-8932,2018-03-22T14:29:00.737,2026-06-17T02:05:40.703,cve@mitre.org,9.0,CRITICAL
CVE-2018-8933,2018-03-22T14:29:00.800,2026-06-17T02:05:40.833,cve@mitre.org,9.0,CRITICAL
CVE-2018-8934,2018-03-22T14:29:00.863,2026-06-17T02:05:40.960,cve@mitre.org,9.0,CRITICAL
CVE-2018-8935,2018-03-22T14:29:00.940,2026-06-17T02:05:41.093,cve@mitre.org,9.0,CRITICAL
CVE-2018-8936,2018-03-22T14:29:01.003,2026-06-17T02:05:41.220,cve@mitre.org,9.0,CRITICAL
CVE-2018-7520,2018-03-22T18:29:00.963,2026-06-17T02:03:17.570,ics-cert@hq.dhs.gov,9.8,CRITICAL
CVE-2018-7528,2018-03-22T18:29:01.087,2026-06-17T02:03:18.610,ics-cert@hq.dhs.gov,9.1,CRITICAL
CVE-2018-7532,2018-03-22T18:29:01.137,2026-06-17T02:03:19.090,ics-cert@hq.dhs.gov,9.8,CRITICAL
CVE-2018-8943,2018-03-22T21:29:00.603,2026-06-17T02:05:42.093,cve@mitre.org,9.8,CRITICAL
CVE-2018-8944,2018-03-22T21:29:00.650,2026-06-17T02:05:42.220,cve@mitre.org,9.8,CRITICAL
CVE-2018-1207,2018-03-23T14:29:00.277,2026-06-17T01:50:42.383,security_alert@emc.com,9.8,CRITICAL
CVE-2017-17736,2018-03-23T15:29:00.223,2026-06-17T01:11:33.840,cve@mitre.org,9.8,CRITICAL
CVE-2018-1000138,2018-03-23T21:29:00.457,2026-06-17T01:32:30.670,cve@mitre.org,9.1,CRITICAL
CVE-2018-1000140,2018-03-23T21:29:00.647,2026-06-17T01:32:30.977,cve@mitre.org,9.8,CRITICAL
CVE-2018-1000141,2018-03-23T21:29:00.707,2026-06-17T01:32:31.130,cve@mitre.org,9.1,CRITICAL
CVE-2018-8967,2018-03-24T18:29:00.550,2026-06-17T02:05:44.440,cve@mitre.org,9.8,CRITICAL
CVE-2018-8971,2018-03-24T21:29:00.303,2026-06-17T02:05:44.933,cve@mitre.org,9.8,CRITICAL
CVE-2018-5468,2018-03-26T14:29:00.543,2026-06-17T02:00:22.160,ics-cert@hq.dhs.gov,9.8,CRITICAL
CVE-2018-5472,2018-03-26T14:29:00.650,2026-06-17T02:00:22.627,ics-cert@hq.dhs.gov,9.8,CRITICAL
CVE-2018-5474,2018-03-26T14:29:00.713,2026-06-17T02:00:22.840,ics-cert@hq.dhs.gov,9.8,CRITICAL
CVE-2018-1312,2018-03-26T15:29:00.587,2026-06-17T01:50:59.497,security@apache.org,9.8,CRITICAL
CVE-2014-2048,2018-03-26T18:29:00.237,2026-06-17T00:05:59.313,cve@mitre.org,9.8,CRITICAL
CVE-2014-2293,2018-03-26T18:29:00.300,2026-06-17T00:06:22.060,cve@mitre.org,9.8,CRITICAL
CVE-2017-12815,2018-03-26T21:29:00.267,2026-06-17T01:03:59.080,cve@mitre.org,10.0,CRITICAL
CVE-2018-9032,2018-03-27T03:29:00.480,2026-06-17T02:05:57.027,cve@mitre.org,9.8,CRITICAL
CVE-2014-4959,2018-03-27T16:29:00.280,2026-06-17T00:10:50.053,cve@mitre.org,9.8,CRITICAL
CVE-2018-9057,2018-03-27T18:29:00.307,2026-06-17T02:06:00.107,cve@mitre.org,9.8,CRITICAL
CVE-2018-1237,2018-03-27T21:29:00.860,2026-06-17T01:50:47.470,security_alert@emc.com,9.8,CRITICAL
CVE-2018-8823,2018-03-28T02:29:00.227,2026-06-17T02:05:27.440,cve@mitre.org,9.8,CRITICAL
CVE-2018-9109,2018-03-28T06:29:00.260,2026-06-17T02:06:05.270,cve@mitre.org,9.1,CRITICAL
CVE-2018-9110,2018-03-28T14:29:00.297,2026-06-17T02:06:05.403,cve@mitre.org,9.1,CRITICAL
CVE-2017-11510,2018-03-28T17:29:00.273,2026-06-17T01:01:55.170,vulnreport@tenable.com,9.8,CRITICAL
CVE-2018-5451,2018-03-28T17:29:00.337,2026-06-17T02:00:20.483,ics-cert@hq.dhs.gov,9.8,CRITICAL
CVE-2018-7498,2018-03-28T17:29:00.383,2026-06-17T02:03:14.980,ics-cert@hq.dhs.gov,9.8,CRITICAL
CVE-2018-0150,2018-03-28T22:29:00.217,2026-06-17T01:29:56.657,psirt@cisco.com,9.8,CRITICAL
CVE-2018-0151,2018-03-28T22:29:00.297,2026-06-17T01:29:56.790,psirt@cisco.com,9.8,CRITICAL
CVE-2018-0171,2018-03-28T22:29:01.063,2026-06-17T01:29:59.627,psirt@cisco.com,9.8,CRITICAL
CVE-2018-7600,2018-03-29T07:29:00.260,2026-06-17T02:03:25.850,mlhess@drupal.org,9.8,CRITICAL
CVE-2018-9116,2018-03-29T07:29:00.323,2026-06-17T02:06:06.040,cve@mitre.org,9.1,CRITICAL
CVE-2018-4841,2018-03-29T13:29:00.210,2026-06-17T01:59:08.967,productcert@siemens.com,9.8,CRITICAL
CVE-2018-9031,2018-03-29T16:29:00.207,2026-06-17T02:05:56.903,cve@mitre.org,9.8,CRITICAL
CVE-2014-5170,2018-03-29T18:29:00.497,2026-06-17T00:11:08.913,cve@mitre.org,9.8,CRITICAL
CVE-2015-2000,2018-03-29T18:29:00.637,2026-06-17T00:23:26.030,psirt@us.ibm.com,9.8,CRITICAL
CVE-2015-2001,2018-03-29T18:29:00.717,2026-06-17T00:23:26.130,psirt@us.ibm.com,9.8,CRITICAL
CVE-2015-2002,2018-03-29T18:29:00.777,2026-06-17T00:23:26.230,psirt@us.ibm.com,9.8,CRITICAL
CVE-2015-2003,2018-03-29T18:29:00.840,2026-06-17T00:23:26.330,psirt@us.ibm.com,9.8,CRITICAL
CVE-2015-2004,2018-03-29T18:29:00.903,2026-06-17T00:23:26.433,psirt@us.ibm.com,9.8,CRITICAL
CVE-2015-2020,2018-03-29T18:29:01.060,2026-06-17T00:23:27.950,psirt@us.ibm.com,9.8,CRITICAL
CVE-2016-0898,2018-03-29T22:29:00.260,2026-06-17T00:38:26.093,security_alert@emc.com,10.0,CRITICAL
CVE-2016-6658,2018-03-29T22:29:00.477,2026-06-17T00:51:32.703,security_alert@emc.com,9.6,CRITICAL
CVE-2018-9139,2018-03-30T08:29:00.620,2026-06-17T02:06:08.640,cve@mitre.org,9.8,CRITICAL
CVE-2018-9143,2018-03-30T08:29:00.853,2026-06-17T02:06:09.133,cve@mitre.org,9.8,CRITICAL
CVE-2017-11010,2018-03-30T15:29:00.290,2026-06-17T01:01:05.270,product-security@qualcomm.com,9.8,CRITICAL
CVE-2017-14906,2018-03-30T15:29:00.370,2026-06-17T01:06:57.347,product-security@qualcomm.com,9.8,CRITICAL
CVE-2017-14911,2018-03-30T15:29:00.433,2026-06-17T01:06:57.877,product-security@qualcomm.com,9.8,CRITICAL
CVE-2017-14912,2018-03-30T15:29:00.493,2026-06-17T01:06:58.000,product-security@qualcomm.com,9.8,CRITICAL
CVE-2017-14913,2018-03-30T15:29:00.557,2026-06-17T01:06:58.123,product-security@qualcomm.com,9.8,CRITICAL
CVE-2017-14915,2018-03-30T15:29:00.603,2026-06-17T01:06:58.330,product-security@qualcomm.com,9.8,CRITICAL
CVE-2018-9148,2018-03-30T19:29:00.397,2026-06-17T02:06:09.653,cve@mitre.org,9.8,CRITICAL
CVE-2018-3822,2018-03-30T20:29:00.490,2026-06-17T01:57:50.877,security@elastic.co,9.8,CRITICAL
CVE-2017-14876,2018-03-30T21:29:00.403,2026-06-17T01:06:54.350,product-security@qualcomm.com,9.8,CRITICAL
CVE-2017-14877,2018-03-30T21:29:00.463,2026-06-17T01:06:54.450,product-security@qualcomm.com,9.8,CRITICAL
CVE-2017-14881,2018-03-30T21:29:00.527,2026-06-17T01:06:54.860,product-security@qualcomm.com,9.8,CRITICAL
CVE-2017-14883,2018-03-30T21:29:00.607,2026-06-17T01:06:55.070,product-security@qualcomm.com,9.8,CRITICAL
CVE-2017-16614,2018-03-30T21:29:01.120,2026-06-17T01:09:34.390,cve@mitre.org,9.8,CRITICAL
CVE-2017-17766,2018-03-30T21:29:01.183,2026-06-17T01:11:36.717,product-security@qualcomm.com,9.8,CRITICAL
CVE-2015-9259,2018-03-31T21:29:00.310,2026-06-17T00:36:09.570,cve@mitre.org,9.8,CRITICAL
CVE-2018-9160,2018-03-31T21:29:00.453,2026-06-17T02:06:10.987,cve@mitre.org,9.8,CRITICAL
CVE-2018-9161,2018-03-31T22:29:00.353,2026-06-17T02:06:11.113,cve@mitre.org,9.8,CRITICAL
CVE-2018-9162,2018-03-31T22:29:00.417,2026-06-17T02:06:11.237,cve@mitre.org,9.8,CRITICAL
CVE-2018-9174,2018-04-02T03:29:00.557,2026-06-17T02:06:11.997,cve@mitre.org,9.8,CRITICAL
CVE-2018-9175,2018-04-02T03:29:00.620,2026-06-17T02:06:12.120,cve@mitre.org,9.8,CRITICAL
CVE-2016-8717,2018-04-02T17:29:00.217,2026-06-17T00:54:52.380,talos-cna@cisco.com,9.8,CRITICAL
CVE-2018-1295,2018-04-02T17:29:00.277,2026-06-17T01:50:56.513,security@apache.org,9.8,CRITICAL
CVE-2018-9127,2018-04-02T17:29:00.387,2026-06-17T02:06:07.187,cve@mitre.org,9.8,CRITICAL
CVE-2018-9230,2018-04-02T18:29:00.233,2026-06-17T02:06:14.557,cve@mitre.org,9.8,CRITICAL
CVE-2018-4091,2018-04-03T06:29:03.407,2026-06-17T01:58:21.090,product-security@apple.com,10.0,CRITICAL
CVE-2018-4105,2018-04-03T06:29:04.217,2026-06-17T01:58:22.450,product-security@apple.com,9.8,CRITICAL
CVE-2018-4108,2018-04-03T06:29:04.390,2026-06-17T01:58:22.750,product-security@apple.com,9.8,CRITICAL
CVE-2018-4110,2018-04-03T06:29:04.517,2026-06-17T01:58:22.957,product-security@apple.com,9.8,CRITICAL
CVE-2018-4115,2018-04-03T06:29:04.813,2026-06-17T01:58:23.510,product-security@apple.com,9.8,CRITICAL
CVE-2018-4124,2018-04-03T06:29:05.453,2026-06-17T01:58:24.580,product-security@apple.com,9.8,CRITICAL
CVE-2018-4148,2018-04-03T06:29:06.733,2026-06-17T01:58:27.230,product-security@apple.com,9.8,CRITICAL
CVE-2018-4164,2018-04-03T06:29:07.610,2026-06-17T01:58:28.953,product-security@apple.com,9.8,CRITICAL
CVE-2017-18147,2018-04-03T17:29:00.693,2026-06-17T01:12:16.977,product-security@qualcomm.com,9.8,CRITICAL
CVE-2018-3596,2018-04-03T17:29:00.927,2026-06-17T01:57:31.660,product-security@qualcomm.com,9.8,CRITICAL
CVE-2018-3599,2018-04-03T17:29:01.020,2026-06-17T01:57:31.957,product-security@qualcomm.com,9.8,CRITICAL
CVE-2018-3641,2018-04-03T21:29:00.330,2026-06-17T01:57:36.917,secure@intel.com,9.8,CRITICAL
CVE-2018-8780,2018-04-03T22:29:00.947,2026-06-17T02:05:22.490,cve@mitre.org,9.1,CRITICAL
CVE-2018-9247,2018-04-04T00:29:00.277,2026-06-17T02:06:17.180,cve@mitre.org,9.8,CRITICAL
CVE-2018-9248,2018-04-04T15:29:00.470,2026-06-17T02:06:17.303,cve@mitre.org,9.8,CRITICAL
CVE-2018-9249,2018-04-04T15:29:00.533,2026-06-17T02:06:17.430,cve@mitre.org,9.8,CRITICAL
CVE-2017-13267,2018-04-04T16:29:00.227,2026-06-17T01:04:49.527,security@android.com,9.8,CRITICAL
CVE-2017-13274,2018-04-04T16:29:00.290,2026-06-17T01:04:50.227,security@android.com,9.8,CRITICAL
CVE-2017-13281,2018-04-04T16:29:00.697,2026-06-17T01:04:50.923,security@android.com,9.8,CRITICAL
CVE-2017-13282,2018-04-04T16:29:00.760,2026-06-17T01:04:51.020,security@android.com,9.8,CRITICAL
CVE-2017-13283,2018-04-04T16:29:00.807,2026-06-17T01:04:51.117,security@android.com,9.8,CRITICAL
CVE-2017-13284,2018-04-04T16:29:00.867,2026-06-17T01:04:51.220,security@android.com,9.8,CRITICAL
CVE-2017-13285,2018-04-04T16:29:00.900,2026-06-17T01:04:51.320,security@android.com,9.8,CRITICAL
CVE-2017-13292,2018-04-04T16:29:01.277,2026-06-17T01:04:52.010,security@android.com,9.8,CRITICAL
CVE-2017-13266,2018-04-04T17:29:01.207,2026-06-17T01:04:49.423,security@android.com,9.8,CRITICAL
CVE-2017-13272,2018-04-04T17:29:01.473,2026-06-17T01:04:50.030,security@android.com,9.8,CRITICAL
CVE-2018-6873,2018-04-04T17:29:01.647,2026-06-17T02:02:23.713,cve@mitre.org,9.8,CRITICAL
CVE-2014-9953,2018-04-04T18:29:00.217,2026-06-17T00:19:18.160,security@android.com,9.8,CRITICAL
CVE-2014-9954,2018-04-04T18:29:00.263,2026-06-17T00:19:18.280,security@android.com,9.8,CRITICAL
CVE-2014-9955,2018-04-04T18:29:00.327,2026-06-17T00:19:18.390,security@android.com,9.8,CRITICAL
CVE-2014-9956,2018-04-04T18:29:00.373,2026-06-17T00:19:18.493,security@android.com,9.8,CRITICAL
CVE-2014-9957,2018-04-04T18:29:00.433,2026-06-17T00:19:18.590,security@android.com,9.8,CRITICAL
CVE-2014-9958,2018-04-04T18:29:00.480,2026-06-17T00:19:18.693,security@android.com,9.8,CRITICAL
CVE-2014-9959,2018-04-04T18:29:00.527,2026-06-17T00:19:18.797,security@android.com,9.8,CRITICAL
CVE-2015-9008,2018-04-04T18:29:00.577,2026-06-17T00:35:39.740,security@android.com,9.8,CRITICAL
CVE-2015-9009,2018-04-04T18:29:00.637,2026-06-17T00:35:39.843,security@android.com,9.8,CRITICAL
CVE-2015-9010,2018-04-04T18:29:00.683,2026-06-17T00:35:39.950,security@android.com,9.8,CRITICAL
CVE-2015-9011,2018-04-04T18:29:00.747,2026-06-17T00:35:40.050,security@android.com,9.8,CRITICAL
CVE-2015-9012,2018-04-04T18:29:00.793,2026-06-17T00:35:40.150,security@android.com,9.8,CRITICAL
CVE-2015-9013,2018-04-04T18:29:00.840,2026-06-17T00:35:40.250,security@android.com,9.8,CRITICAL
CVE-2015-9014,2018-04-04T18:29:00.887,2026-06-17T00:35:40.350,security@android.com,9.8,CRITICAL
CVE-2016-10230,2018-04-04T18:29:01.027,2026-06-17T00:39:20.007,security@android.com,9.8,CRITICAL
CVE-2016-10233,2018-04-04T18:29:01.200,2026-06-17T00:39:20.320,security@android.com,9.8,CRITICAL
CVE-2016-10298,2018-04-04T18:29:01.417,2026-06-17T00:39:26.493,security@android.com,9.8,CRITICAL
CVE-2016-10299,2018-04-04T18:29:01.467,2026-06-17T00:39:26.593,security@android.com,9.8,CRITICAL
CVE-2016-8484,2018-04-04T18:29:01.513,2026-06-17T00:54:26.563,security@android.com,9.8,CRITICAL
CVE-2016-8487,2018-04-04T18:29:01.683,2026-06-17T00:54:26.857,security@android.com,9.8,CRITICAL
CVE-2016-8488,2018-04-04T18:29:01.763,2026-06-17T00:54:26.950,security@android.com,9.8,CRITICAL
CVE-2018-1469,2018-04-04T18:29:02.357,2026-06-17T01:51:18.230,psirt@us.ibm.com,9.8,CRITICAL
CVE-2018-9035,2018-04-04T19:29:00.377,2026-06-17T02:05:57.280,cve@mitre.org,9.6,CRITICAL
CVE-2018-9126,2018-04-04T19:29:00.517,2026-06-17T02:06:07.060,cve@mitre.org,9.8,CRITICAL
CVE-2018-9284,2018-04-04T19:29:00.597,2026-06-17T02:06:21.363,cve@mitre.org,9.8,CRITICAL
CVE-2018-9285,2018-04-04T19:29:00.687,2026-06-17T02:06:21.497,cve@mitre.org,9.8,CRITICAL
CVE-2018-1002150,2018-04-04T20:29:00.210,2026-06-17T01:33:20.910,patrick@puiterwijk.org,9.1,CRITICAL
CVE-2018-9309,2018-04-05T01:29:07.267,2026-06-17T02:06:22.290,cve@mitre.org,9.8,CRITICAL
CVE-2018-1282,2018-04-05T13:29:00.997,2026-06-17T01:50:54.710,security@apache.org,9.1,CRITICAL
CVE-2014-3413,2018-04-05T17:29:00.253,2026-06-17T00:08:08.440,cve@mitre.org,9.8,CRITICAL
CVE-2017-2853,2018-04-05T19:29:00.313,2026-06-17T01:16:59.957,talos-cna@cisco.com,9.8,CRITICAL
CVE-2017-2867,2018-04-05T19:29:00.423,2026-06-17T01:17:01.590,talos-cna@cisco.com,9.8,CRITICAL
CVE-2017-2868,2018-04-05T19:29:00.487,2026-06-17T01:17:01.710,talos-cna@cisco.com,9.8,CRITICAL
CVE-2017-2869,2018-04-05T19:29:00.547,2026-06-17T01:17:01.830,talos-cna@cisco.com,9.8,CRITICAL
CVE-2017-14462,2018-04-05T21:29:00.507,2026-06-17T01:06:11.580,talos-cna@cisco.com,9.8,CRITICAL
CVE-2017-14463,2018-04-05T21:29:00.570,2026-06-17T01:06:11.693,talos-cna@cisco.com,9.8,CRITICAL
CVE-2017-14464,2018-04-05T21:29:00.633,2026-06-17T01:06:11.803,talos-cna@cisco.com,9.8,CRITICAL
CVE-2017-14465,2018-04-05T21:29:00.693,2026-06-17T01:06:11.917,talos-cna@cisco.com,9.8,CRITICAL
CVE-2017-14466,2018-04-05T21:29:00.787,2026-06-17T01:06:12.023,talos-cna@cisco.com,9.8,CRITICAL
CVE-2017-14467,2018-04-05T21:29:00.867,2026-06-17T01:06:12.133,talos-cna@cisco.com,9.8,CRITICAL
CVE-2017-14468,2018-04-05T21:29:00.913,2026-06-17T01:06:12.247,talos-cna@cisco.com,9.8,CRITICAL
CVE-2017-14469,2018-04-05T21:29:00.977,2026-06-17T01:06:12.353,talos-cna@cisco.com,10.0,CRITICAL
CVE-2017-14470,2018-04-05T21:29:01.037,2026-06-17T01:06:12.463,talos-cna@cisco.com,10.0,CRITICAL
CVE-2017-14471,2018-04-05T21:29:01.087,2026-06-17T01:06:12.570,talos-cna@cisco.com,10.0,CRITICAL
CVE-2017-14472,2018-04-05T21:29:01.133,2026-06-17T01:06:12.683,talos-cna@cisco.com,10.0,CRITICAL
CVE-2017-14473,2018-04-05T21:29:01.193,2026-06-17T01:06:12.790,talos-cna@cisco.com,10.0,CRITICAL
CVE-2018-1270,2018-04-06T13:29:00.453,2026-06-17T01:50:52.960,security_alert@emc.com,9.8,CRITICAL
CVE-2014-3539,2018-04-06T16:29:00.320,2026-06-17T00:08:26.897,secalert@redhat.com,9.8,CRITICAL
CVE-2018-9838,2018-04-06T18:29:00.207,2026-06-17T02:07:05.167,cve@mitre.org,9.8,CRITICAL
CVE-2018-9326,2018-04-07T21:29:00.290,2026-06-17T02:06:23.700,cve@mitre.org,9.8,CRITICAL
CVE-2018-9847,2018-04-07T21:29:00.460,2026-06-17T02:07:17.130,cve@mitre.org,9.8,CRITICAL
CVE-2018-9848,2018-04-07T21:29:00.523,2026-06-17T02:07:17.250,cve@mitre.org,9.8,CRITICAL
CVE-2018-9852,2018-04-08T02:29:00.440,2026-06-17T02:07:17.750,cve@mitre.org,9.8,CRITICAL
CVE-2018-0545,2018-04-09T13:29:00.507,2026-06-17T01:31:07.830,vultures@jpcert.or.jp,9.8,CRITICAL
CVE-2018-1217,2018-04-09T20:29:00.277,2026-06-17T01:50:44.773,security_alert@emc.com,9.8,CRITICAL
CVE-2018-9924,2018-04-10T06:29:00.330,2026-06-17T02:07:20.023,cve@mitre.org,9.8,CRITICAL
CVE-2014-2073,2018-04-10T15:29:00.677,2026-06-17T00:06:01.910,cve@mitre.org,9.8,CRITICAL
CVE-2014-3114,2018-04-10T15:29:00.830,2026-06-17T00:07:37.280,cve@mitre.org,9.8,CRITICAL
CVE-2017-14323,2018-04-10T15:29:01.080,2026-06-17T01:05:57.323,cve@mitre.org,9.8,CRITICAL
CVE-2017-14611,2018-04-10T15:29:01.143,2026-06-17T01:06:28.997,cve@mitre.org,9.1,CRITICAL
CVE-2018-9995,2018-04-10T22:29:00.290,2026-06-17T02:07:27.907,cve@mitre.org,9.8,CRITICAL
CVE-2018-1273,2018-04-11T13:29:00.290,2026-06-17T01:50:53.517,security_alert@emc.com,9.8,CRITICAL
CVE-2018-1275,2018-04-11T13:29:00.353,2026-06-17T01:50:53.827,security_alert@emc.com,9.8,CRITICAL
CVE-2017-11011,2018-04-11T15:29:00.240,2026-06-17T01:01:05.377,product-security@qualcomm.com,9.8,CRITICAL
CVE-2017-18071,2018-04-11T15:29:00.287,2026-06-17T01:12:08.850,product-security@qualcomm.com,9.8,CRITICAL
CVE-2017-18074,2018-04-11T15:29:00.460,2026-06-17T01:12:09.297,product-security@qualcomm.com,9.8,CRITICAL
CVE-2017-18127,2018-04-11T15:29:00.617,2026-06-17T01:12:14.593,product-security@qualcomm.com,9.8,CRITICAL
CVE-2017-18129,2018-04-11T15:29:00.727,2026-06-17T01:12:14.803,product-security@qualcomm.com,9.8,CRITICAL
CVE-2017-18130,2018-04-11T15:29:00.787,2026-06-17T01:12:14.913,product-security@qualcomm.com,9.8,CRITICAL
CVE-2017-18132,2018-04-11T15:29:00.850,2026-06-17T01:12:15.170,product-security@qualcomm.com,9.8,CRITICAL
CVE-2017-18133,2018-04-11T15:29:00.897,2026-06-17T01:12:15.273,product-security@qualcomm.com,9.8,CRITICAL
CVE-2017-18134,2018-04-11T15:29:00.977,2026-06-17T01:12:15.380,product-security@qualcomm.com,9.8,CRITICAL
CVE-2017-18135,2018-04-11T15:29:01.037,2026-06-17T01:12:15.490,product-security@qualcomm.com,9.8,CRITICAL
CVE-2017-18136,2018-04-11T15:29:01.100,2026-06-17T01:12:15.600,product-security@qualcomm.com,9.8,CRITICAL
CVE-2017-18137,2018-04-11T15:29:01.180,2026-06-17T01:12:15.727,product-security@qualcomm.com,9.8,CRITICAL
CVE-2017-18138,2018-04-11T15:29:01.257,2026-06-17T01:12:15.847,product-security@qualcomm.com,9.8,CRITICAL
CVE-2017-18139,2018-04-11T15:29:01.303,2026-06-17T01:12:15.977,product-security@qualcomm.com,9.8,CRITICAL
CVE-2017-18140,2018-04-11T15:29:01.367,2026-06-17T01:12:16.113,product-security@qualcomm.com,9.8,CRITICAL
CVE-2017-18142,2018-04-11T15:29:01.413,2026-06-17T01:12:16.387,product-security@qualcomm.com,9.8,CRITICAL
CVE-2017-18144,2018-04-11T15:29:01.523,2026-06-17T01:12:16.597,product-security@qualcomm.com,9.8,CRITICAL
CVE-2017-18145,2018-04-11T15:29:01.587,2026-06-17T01:12:16.710,product-security@qualcomm.com,9.8,CRITICAL
CVE-2017-18146,2018-04-11T15:29:01.633,2026-06-17T01:12:16.837,product-security@qualcomm.com,9.8,CRITICAL
CVE-2017-8274,2018-04-11T15:29:01.680,2026-06-17T01:26:05.287,product-security@qualcomm.com,9.8,CRITICAL
CVE-2017-8275,2018-04-11T15:29:01.740,2026-06-17T01:26:05.400,product-security@qualcomm.com,9.8,CRITICAL
CVE-2018-3589,2018-04-11T15:29:01.803,2026-06-17T01:57:30.783,product-security@qualcomm.com,9.8,CRITICAL
CVE-2018-3590,2018-04-11T15:29:01.850,2026-06-17T01:57:30.893,product-security@qualcomm.com,9.8,CRITICAL
CVE-2018-3591,2018-04-11T15:29:01.897,2026-06-17T01:57:31.010,product-security@qualcomm.com,9.8,CRITICAL
CVE-2018-3592,2018-04-11T15:29:01.943,2026-06-17T01:57:31.143,product-security@qualcomm.com,9.8,CRITICAL
CVE-2018-3593,2018-04-11T15:29:01.990,2026-06-17T01:57:31.270,product-security@qualcomm.com,9.8,CRITICAL
CVE-2018-3594,2018-04-11T15:29:02.037,2026-06-17T01:57:31.400,product-security@qualcomm.com,9.8,CRITICAL
CVE-2017-14459,2018-04-11T16:29:00.213,2026-06-17T01:06:11.223,talos-cna@cisco.com,10.0,CRITICAL
CVE-2018-10024,2018-04-11T17:29:00.397,2026-06-17T01:33:23.397,cve@mitre.org,9.8,CRITICAL
CVE-2018-8954,2018-04-11T17:29:00.520,2026-06-17T02:05:43.070,vuln@ca.com,9.8,CRITICAL
CVE-2018-9843,2018-04-12T15:29:00.787,2026-06-17T02:07:16.617,cve@mitre.org,9.8,CRITICAL
CVE-2014-6120,2018-04-12T21:29:00.223,2026-06-17T00:12:36.230,psirt@us.ibm.com,9.8,CRITICAL
CVE-2014-8888,2018-04-12T21:29:00.537,2026-06-17T00:17:29.120,psirt@us.ibm.com,9.8,CRITICAL
CVE-2015-0150,2018-04-12T21:29:00.660,2026-06-17T00:19:38.880,psirt@us.ibm.com,9.8,CRITICAL
CVE-2015-0152,2018-04-12T21:29:00.770,2026-06-17T00:19:39.083,psirt@us.ibm.com,9.8,CRITICAL
CVE-2018-10081,2018-04-13T05:29:00.213,2026-06-17T01:33:27.980,cve@mitre.org,9.8,CRITICAL
CVE-2018-10085,2018-04-13T05:29:00.430,2026-06-17T01:33:28.503,cve@mitre.org,9.8,CRITICAL
CVE-2018-5506,2018-04-13T13:29:00.627,2026-06-17T02:00:25.857,f5sirt@f5.com,9.8,CRITICAL
CVE-2018-6959,2018-04-13T13:29:00.957,2026-06-17T02:02:30.880,security@vmware.com,9.8,CRITICAL
CVE-2017-0356,2018-04-13T15:29:00.273,2026-06-17T00:57:33.567,security@debian.org,9.8,CRITICAL
CVE-2017-0357,2018-04-13T15:29:00.337,2026-06-17T00:57:33.677,security@debian.org,9.8,CRITICAL
CVE-2017-0359,2018-04-13T16:29:00.220,2026-06-17T00:57:33.963,security@debian.org,9.8,CRITICAL
CVE-2017-0372,2018-04-13T16:29:00.940,2026-06-17T00:57:35.410,security@debian.org,9.8,CRITICAL
CVE-2018-6546,2018-04-13T16:29:01.063,2026-06-17T02:02:00.123,cve@mitre.org,9.8,CRITICAL
CVE-2018-6547,2018-04-13T16:29:01.127,2026-06-17T02:02:00.233,cve@mitre.org,9.1,CRITICAL
CVE-2018-10106,2018-04-16T09:58:09.790,2026-06-17T01:33:31.140,cve@mitre.org,9.8,CRITICAL
CVE-2018-10133,2018-04-16T15:29:00.513,2026-06-17T01:33:34.440,cve@mitre.org,9.8,CRITICAL
CVE-2018-10169,2018-04-16T21:29:00.467,2026-06-17T01:33:36.703,cve@mitre.org,9.8,CRITICAL
CVE-2018-10170,2018-04-16T21:29:00.513,2026-06-17T01:33:36.833,cve@mitre.org,9.8,CRITICAL
CVE-2018-5190,2018-04-17T13:29:00.300,2026-06-17T01:59:49.227,cve@mitre.org,9.8,CRITICAL
CVE-2017-9634,2018-04-17T14:29:00.353,2026-06-17T01:28:37.717,ics-cert@hq.dhs.gov,9.8,CRITICAL
CVE-2017-9636,2018-04-17T14:29:00.417,2026-06-17T01:28:37.950,ics-cert@hq.dhs.gov,9.8,CRITICAL
CVE-2017-9638,2018-04-17T14:29:00.463,2026-06-17T01:28:38.160,ics-cert@hq.dhs.gov,9.8,CRITICAL
CVE-2014-2294,2018-04-17T19:29:00.217,2026-06-17T00:06:22.173,cve@mitre.org,9.8,CRITICAL
CVE-2018-6797,2018-04-17T20:29:00.520,2026-06-17T02:02:18.107,cve@mitre.org,9.8,CRITICAL
CVE-2018-6913,2018-04-17T20:29:00.660,2026-06-17T02:02:27.057,cve@mitre.org,9.8,CRITICAL
CVE-2018-7539,2018-04-17T20:29:00.737,2026-06-17T02:03:19.993,cve@mitre.org,9.8,CRITICAL
CVE-2018-10191,2018-04-17T21:29:00.233,2026-06-17T01:33:38.970,cve@mitre.org,9.8,CRITICAL
CVE-2018-10192,2018-04-17T21:29:00.297,2026-06-17T01:33:39.110,cve@mitre.org,9.8,CRITICAL
CVE-2018-8733,2018-04-18T00:29:00.317,2026-06-17T02:05:18.737,cve@mitre.org,9.8,CRITICAL
CVE-2018-8734,2018-04-18T00:29:00.380,2026-06-17T02:05:18.867,cve@mitre.org,9.8,CRITICAL
CVE-2018-5337,2018-04-18T08:29:00.250,2026-06-17T02:00:09.270,cve@mitre.org,9.8,CRITICAL
CVE-2018-5338,2018-04-18T08:29:00.297,2026-06-17T02:00:09.390,cve@mitre.org,9.8,CRITICAL
CVE-2018-5339,2018-04-18T08:29:00.357,2026-06-17T02:00:09.500,cve@mitre.org,9.8,CRITICAL
CVE-2018-5341,2018-04-18T08:29:00.467,2026-06-17T02:00:09.723,cve@mitre.org,9.8,CRITICAL
CVE-2018-8092,2018-04-18T08:29:00.657,2026-06-17T02:04:14.967,cve@mitre.org,9.8,CRITICAL
CVE-2014-10039,2018-04-18T14:29:00.230,2026-06-17T00:04:08.113,product-security@qualcomm.com,9.8,CRITICAL
CVE-2014-10045,2018-04-18T14:29:00.387,2026-06-17T00:04:08.457,product-security@qualcomm.com,9.8,CRITICAL
CVE-2014-10046,2018-04-18T14:29:00.450,2026-06-17T00:04:08.587,product-security@qualcomm.com,9.8,CRITICAL
CVE-2014-10048,2018-04-18T14:29:00.620,2026-06-17T00:04:08.807,product-security@qualcomm.com,9.8,CRITICAL
CVE-2014-10050,2018-04-18T14:29:00.700,2026-06-17T00:04:08.960,product-security@qualcomm.com,9.8,CRITICAL
CVE-2014-10051,2018-04-18T14:29:00.760,2026-06-17T00:04:09.067,product-security@qualcomm.com,9.8,CRITICAL
CVE-2014-10052,2018-04-18T14:29:00.807,2026-06-17T00:04:09.183,product-security@qualcomm.com,9.8,CRITICAL
CVE-2014-10053,2018-04-18T14:29:00.857,2026-06-17T00:04:09.317,product-security@qualcomm.com,9.8,CRITICAL
CVE-2014-10054,2018-04-18T14:29:00.903,2026-06-17T00:04:09.443,product-security@qualcomm.com,9.8,CRITICAL
CVE-2014-10056,2018-04-18T14:29:01.010,2026-06-17T00:04:09.680,product-security@qualcomm.com,9.8,CRITICAL
CVE-2014-10057,2018-04-18T14:29:01.073,2026-06-17T00:04:09.787,product-security@qualcomm.com,9.8,CRITICAL
CVE-2014-10059,2018-04-18T14:29:01.167,2026-06-17T00:04:10.020,product-security@qualcomm.com,9.8,CRITICAL
CVE-2014-9985,2018-04-18T14:29:01.323,2026-06-17T00:19:21.390,product-security@qualcomm.com,9.8,CRITICAL
CVE-2014-9987,2018-04-18T14:29:01.760,2026-06-17T00:19:22.633,product-security@qualcomm.com,9.8,CRITICAL
CVE-2014-9988,2018-04-18T14:29:01.903,2026-06-17T00:19:22.780,product-security@qualcomm.com,9.8,CRITICAL
CVE-2014-9989,2018-04-18T14:29:01.963,2026-06-17T00:19:22.913,product-security@qualcomm.com,9.8,CRITICAL
CVE-2014-9990,2018-04-18T14:29:02.010,2026-06-17T00:19:23.040,product-security@qualcomm.com,9.8,CRITICAL
CVE-2014-9991,2018-04-18T14:29:02.073,2026-06-17T00:19:23.167,product-security@qualcomm.com,9.8,CRITICAL
CVE-2014-9993,2018-04-18T14:29:02.120,2026-06-17T00:19:23.317,product-security@qualcomm.com,9.8,CRITICAL
CVE-2014-9994,2018-04-18T14:29:02.183,2026-06-17T00:19:23.450,product-security@qualcomm.com,9.8,CRITICAL
CVE-2014-9995,2018-04-18T14:29:02.293,2026-06-17T00:19:23.553,product-security@qualcomm.com,9.8,CRITICAL
CVE-2014-9996,2018-04-18T14:29:02.340,2026-06-17T00:19:23.657,product-security@qualcomm.com,9.8,CRITICAL
CVE-2014-9997,2018-04-18T14:29:02.433,2026-06-17T00:19:23.760,product-security@qualcomm.com,9.8,CRITICAL
CVE-2014-9998,2018-04-18T14:29:02.480,2026-06-17T00:19:23.887,product-security@qualcomm.com,9.8,CRITICAL
CVE-2015-9108,2018-04-18T14:29:02.527,2026-06-17T00:35:49.360,product-security@qualcomm.com,9.8,CRITICAL
CVE-2015-9109,2018-04-18T14:29:02.573,2026-06-17T00:35:49.473,product-security@qualcomm.com,9.8,CRITICAL
CVE-2015-9110,2018-04-18T14:29:02.620,2026-06-17T00:35:49.587,product-security@qualcomm.com,9.8,CRITICAL
CVE-2015-9111,2018-04-18T14:29:02.700,2026-06-17T00:35:49.697,product-security@qualcomm.com,9.8,CRITICAL
CVE-2015-9112,2018-04-18T14:29:02.777,2026-06-17T00:35:49.817,product-security@qualcomm.com,9.8,CRITICAL
CVE-2015-9113,2018-04-18T14:29:02.963,2026-06-17T00:35:49.923,product-security@qualcomm.com,9.8,CRITICAL
CVE-2015-9114,2018-04-18T14:29:03.057,2026-06-17T00:35:50.033,product-security@qualcomm.com,9.8,CRITICAL
CVE-2015-9115,2018-04-18T14:29:03.107,2026-06-17T00:35:50.147,product-security@qualcomm.com,9.8,CRITICAL
CVE-2015-9116,2018-04-18T14:29:03.167,2026-06-17T00:35:50.260,product-security@qualcomm.com,9.8,CRITICAL
CVE-2015-9118,2018-04-18T14:29:03.230,2026-06-17T00:35:50.380,product-security@qualcomm.com,9.8,CRITICAL
CVE-2015-9120,2018-04-18T14:29:03.340,2026-06-17T00:35:50.623,product-security@qualcomm.com,9.8,CRITICAL
CVE-2015-9122,2018-04-18T14:29:03.417,2026-06-17T00:35:50.767,product-security@qualcomm.com,9.8,CRITICAL
CVE-2015-9124,2018-04-18T14:29:03.510,2026-06-17T00:35:51.043,product-security@qualcomm.com,9.1,CRITICAL
CVE-2015-9126,2018-04-18T14:29:03.590,2026-06-17T00:35:51.180,product-security@qualcomm.com,9.8,CRITICAL
CVE-2015-9127,2018-04-18T14:29:03.667,2026-06-17T00:35:51.310,product-security@qualcomm.com,9.8,CRITICAL
CVE-2015-9128,2018-04-18T14:29:03.933,2026-06-17T00:35:51.427,product-security@qualcomm.com,9.8,CRITICAL
CVE-2015-9129,2018-04-18T14:29:03.980,2026-06-17T00:35:51.560,product-security@qualcomm.com,9.8,CRITICAL
CVE-2015-9130,2018-04-18T14:29:04.043,2026-06-17T00:35:51.697,product-security@qualcomm.com,9.8,CRITICAL
CVE-2015-9133,2018-04-18T14:29:04.200,2026-06-17T00:35:52.040,product-security@qualcomm.com,9.8,CRITICAL
CVE-2015-9135,2018-04-18T14:29:04.307,2026-06-17T00:35:52.257,product-security@qualcomm.com,9.8,CRITICAL
CVE-2015-9136,2018-04-18T14:29:04.357,2026-06-17T00:35:52.380,product-security@qualcomm.com,9.8,CRITICAL
CVE-2015-9138,2018-04-18T14:29:04.480,2026-06-17T00:35:52.647,product-security@qualcomm.com,9.8,CRITICAL
CVE-2015-9139,2018-04-18T14:29:04.527,2026-06-17T00:35:52.793,product-security@qualcomm.com,9.8,CRITICAL
CVE-2015-9141,2018-04-18T14:29:04.637,2026-06-17T00:35:53.053,product-security@qualcomm.com,9.8,CRITICAL
CVE-2015-9142,2018-04-18T14:29:04.700,2026-06-17T00:35:53.177,product-security@qualcomm.com,9.8,CRITICAL
CVE-2015-9143,2018-04-18T14:29:04.747,2026-06-17T00:35:53.313,product-security@qualcomm.com,9.8,CRITICAL
CVE-2015-9144,2018-04-18T14:29:04.823,2026-06-17T00:35:53.443,product-security@qualcomm.com,9.8,CRITICAL
CVE-2015-9145,2018-04-18T14:29:04.870,2026-06-17T00:35:53.580,product-security@qualcomm.com,9.8,CRITICAL
CVE-2015-9146,2018-04-18T14:29:04.917,2026-06-17T00:35:53.710,product-security@qualcomm.com,9.8,CRITICAL
CVE-2015-9147,2018-04-18T14:29:04.980,2026-06-17T00:35:53.823,product-security@qualcomm.com,9.8,CRITICAL
CVE-2015-9148,2018-04-18T14:29:05.027,2026-06-17T00:35:53.933,product-security@qualcomm.com,9.8,CRITICAL
CVE-2015-9149,2018-04-18T14:29:05.090,2026-06-17T00:35:54.070,product-security@qualcomm.com,9.8,CRITICAL
CVE-2015-9150,2018-04-18T14:29:05.167,2026-06-17T00:35:54.200,product-security@qualcomm.com,9.8,CRITICAL
CVE-2015-9151,2018-04-18T14:29:05.213,2026-06-17T00:35:54.303,product-security@qualcomm.com,9.8,CRITICAL
CVE-2015-9152,2018-04-18T14:29:05.260,2026-06-17T00:35:54.410,product-security@qualcomm.com,9.8,CRITICAL
CVE-2015-9153,2018-04-18T14:29:05.307,2026-06-17T00:35:54.537,product-security@qualcomm.com,9.8,CRITICAL
CVE-2015-9156,2018-04-18T14:29:05.340,2026-06-17T00:35:54.687,product-security@qualcomm.com,9.8,CRITICAL
CVE-2015-9157,2018-04-18T14:29:05.403,2026-06-17T00:35:54.810,product-security@qualcomm.com,9.8,CRITICAL
CVE-2015-9158,2018-04-18T14:29:05.463,2026-06-17T00:35:54.940,product-security@qualcomm.com,9.8,CRITICAL
CVE-2015-9159,2018-04-18T14:29:05.510,2026-06-17T00:35:55.067,product-security@qualcomm.com,9.8,CRITICAL
CVE-2015-9160,2018-04-18T14:29:05.573,2026-06-17T00:35:55.190,product-security@qualcomm.com,9.8,CRITICAL
CVE-2015-9161,2018-04-18T14:29:05.620,2026-06-17T00:35:55.327,product-security@qualcomm.com,9.8,CRITICAL
CVE-2015-9162,2018-04-18T14:29:05.667,2026-06-17T00:35:55.453,product-security@qualcomm.com,9.8,CRITICAL
CVE-2015-9164,2018-04-18T14:29:05.777,2026-06-17T00:35:55.700,product-security@qualcomm.com,9.8,CRITICAL
CVE-2015-9165,2018-04-18T14:29:05.823,2026-06-17T00:35:55.827,product-security@qualcomm.com,9.8,CRITICAL
CVE-2015-9167,2018-04-18T14:29:05.917,2026-06-17T00:35:56.087,product-security@qualcomm.com,9.8,CRITICAL
CVE-2015-9170,2018-04-18T14:29:06.027,2026-06-17T00:35:56.340,product-security@qualcomm.com,9.8,CRITICAL
CVE-2015-9171,2018-04-18T14:29:06.073,2026-06-17T00:35:56.470,product-security@qualcomm.com,9.8,CRITICAL
CVE-2015-9172,2018-04-18T14:29:06.120,2026-06-17T00:35:56.600,product-security@qualcomm.com,9.8,CRITICAL
CVE-2015-9173,2018-04-18T14:29:06.183,2026-06-17T00:35:56.733,product-security@qualcomm.com,9.8,CRITICAL
CVE-2015-9174,2018-04-18T14:29:06.247,2026-06-17T00:35:56.847,product-security@qualcomm.com,9.8,CRITICAL
CVE-2015-9175,2018-04-18T14:29:06.293,2026-06-17T00:35:56.957,product-security@qualcomm.com,9.8,CRITICAL
CVE-2015-9177,2018-04-18T14:29:06.403,2026-06-17T00:35:57.213,product-security@qualcomm.com,9.8,CRITICAL
CVE-2015-9178,2018-04-18T14:29:06.590,2026-06-17T00:35:57.350,product-security@qualcomm.com,9.8,CRITICAL
CVE-2015-9179,2018-04-18T14:29:06.777,2026-06-17T00:35:57.480,product-security@qualcomm.com,9.8,CRITICAL
CVE-2015-9180,2018-04-18T14:29:06.887,2026-06-17T00:35:57.587,product-security@qualcomm.com,9.8,CRITICAL
CVE-2015-9181,2018-04-18T14:29:06.933,2026-06-17T00:35:57.720,product-security@qualcomm.com,9.8,CRITICAL
CVE-2015-9182,2018-04-18T14:29:06.997,2026-06-17T00:35:57.850,product-security@qualcomm.com,9.8,CRITICAL
CVE-2015-9183,2018-04-18T14:29:07.057,2026-06-17T00:35:57.983,product-security@qualcomm.com,9.8,CRITICAL
CVE-2015-9184,2018-04-18T14:29:07.107,2026-06-17T00:35:58.097,product-security@qualcomm.com,9.8,CRITICAL
CVE-2015-9185,2018-04-18T14:29:07.153,2026-06-17T00:35:58.287,product-security@qualcomm.com,9.8,CRITICAL
CVE-2015-9186,2018-04-18T14:29:07.200,2026-06-17T00:35:58.500,product-security@qualcomm.com,9.8,CRITICAL
CVE-2015-9187,2018-04-18T14:29:07.247,2026-06-17T00:35:58.720,product-security@qualcomm.com,9.8,CRITICAL
CVE-2015-9188,2018-04-18T14:29:07.293,2026-06-17T00:35:58.940,product-security@qualcomm.com,9.8,CRITICAL
CVE-2015-9190,2018-04-18T14:29:07.403,2026-06-17T00:35:59.343,product-security@qualcomm.com,9.8,CRITICAL
CVE-2015-9191,2018-04-18T14:29:07.480,2026-06-17T00:35:59.543,product-security@qualcomm.com,9.8,CRITICAL
CVE-2015-9192,2018-04-18T14:29:07.527,2026-06-17T00:35:59.730,product-security@qualcomm.com,9.8,CRITICAL
CVE-2015-9195,2018-04-18T14:29:07.683,2026-06-17T00:36:01.510,product-security@qualcomm.com,9.8,CRITICAL
CVE-2015-9196,2018-04-18T14:29:07.730,2026-06-17T00:36:01.693,product-security@qualcomm.com,9.8,CRITICAL
CVE-2015-9197,2018-04-18T14:29:07.777,2026-06-17T00:36:01.867,product-security@qualcomm.com,9.8,CRITICAL
CVE-2015-9198,2018-04-18T14:29:07.823,2026-06-17T00:36:02.063,product-security@qualcomm.com,9.8,CRITICAL
CVE-2015-9199,2018-04-18T14:29:07.887,2026-06-17T00:36:02.240,product-security@qualcomm.com,9.8,CRITICAL
CVE-2015-9200,2018-04-18T14:29:07.917,2026-06-17T00:36:02.367,product-security@qualcomm.com,9.8,CRITICAL
CVE-2015-9201,2018-04-18T14:29:07.963,2026-06-17T00:36:02.483,product-security@qualcomm.com,9.8,CRITICAL
CVE-2015-9202,2018-04-18T14:29:08.010,2026-06-17T00:36:02.617,product-security@qualcomm.com,9.8,CRITICAL
CVE-2015-9203,2018-04-18T14:29:08.073,2026-06-17T00:36:02.750,product-security@qualcomm.com,9.8,CRITICAL
CVE-2015-9204,2018-04-18T14:29:08.137,2026-06-17T00:36:02.890,product-security@qualcomm.com,9.8,CRITICAL
CVE-2015-9205,2018-04-18T14:29:08.183,2026-06-17T00:36:03.007,product-security@qualcomm.com,9.8,CRITICAL
CVE-2015-9206,2018-04-18T14:29:08.230,2026-06-17T00:36:03.123,product-security@qualcomm.com,9.8,CRITICAL
CVE-2015-9207,2018-04-18T14:29:08.277,2026-06-17T00:36:03.240,product-security@qualcomm.com,9.8,CRITICAL
CVE-2015-9208,2018-04-18T14:29:08.323,2026-06-17T00:36:03.363,product-security@qualcomm.com,9.8,CRITICAL
CVE-2015-9209,2018-04-18T14:29:08.370,2026-06-17T00:36:03.493,product-security@qualcomm.com,9.8,CRITICAL
CVE-2015-9210,2018-04-18T14:29:08.433,2026-06-17T00:36:03.637,product-security@qualcomm.com,9.8,CRITICAL
CVE-2015-9211,2018-04-18T14:29:08.497,2026-06-17T00:36:03.773,product-security@qualcomm.com,9.8,CRITICAL
CVE-2015-9212,2018-04-18T14:29:08.543,2026-06-17T00:36:03.917,product-security@qualcomm.com,9.8,CRITICAL
CVE-2015-9215,2018-04-18T14:29:08.653,2026-06-17T00:36:04.187,product-security@qualcomm.com,9.8,CRITICAL
CVE-2015-9216,2018-04-18T14:29:08.700,2026-06-17T00:36:04.293,product-security@qualcomm.com,9.8,CRITICAL
CVE-2015-9219,2018-04-18T14:29:08.840,2026-06-17T00:36:04.690,product-security@qualcomm.com,9.8,CRITICAL
CVE-2015-9220,2018-04-18T14:29:08.903,2026-06-17T00:36:04.797,product-security@qualcomm.com,9.8,CRITICAL
CVE-2015-9221,2018-04-18T14:29:08.980,2026-06-17T00:36:04.933,product-security@qualcomm.com,9.8,CRITICAL
CVE-2015-9223,2018-04-18T14:29:09.357,2026-06-17T00:36:05.173,product-security@qualcomm.com,9.8,CRITICAL
CVE-2015-9224,2018-04-18T14:29:09.480,2026-06-17T00:36:05.283,product-security@qualcomm.com,9.8,CRITICAL
CVE-2016-10407,2018-04-18T14:29:09.637,2026-06-17T00:39:37.133,product-security@qualcomm.com,9.8,CRITICAL
CVE-2016-10410,2018-04-18T14:29:09.823,2026-06-17T00:39:37.523,product-security@qualcomm.com,9.8,CRITICAL
CVE-2016-10412,2018-04-18T14:29:09.997,2026-06-17T00:39:37.790,product-security@qualcomm.com,9.8,CRITICAL
CVE-2016-10414,2018-04-18T14:29:10.073,2026-06-17T00:39:37.943,product-security@qualcomm.com,9.8,CRITICAL
CVE-2016-10419,2018-04-18T14:29:10.357,2026-06-17T00:39:38.617,product-security@qualcomm.com,9.8,CRITICAL
CVE-2016-10421,2018-04-18T14:29:10.463,2026-06-17T00:39:38.870,product-security@qualcomm.com,9.8,CRITICAL
CVE-2016-10422,2018-04-18T14:29:10.527,2026-06-17T00:39:39.007,product-security@qualcomm.com,9.8,CRITICAL
CVE-2016-10424,2018-04-18T14:29:10.620,2026-06-17T00:39:39.263,product-security@qualcomm.com,9.8,CRITICAL
CVE-2016-10425,2018-04-18T14:29:10.667,2026-06-17T00:39:39.390,product-security@qualcomm.com,9.8,CRITICAL
CVE-2016-10426,2018-04-18T14:29:10.713,2026-06-17T00:39:39.527,product-security@qualcomm.com,9.8,CRITICAL
CVE-2016-10430,2018-04-18T14:29:10.933,2026-06-17T00:39:40.040,product-security@qualcomm.com,9.8,CRITICAL
CVE-2016-10431,2018-04-18T14:29:10.997,2026-06-17T00:39:40.150,product-security@qualcomm.com,9.8,CRITICAL
CVE-2016-10436,2018-04-18T14:29:11.247,2026-06-17T00:39:40.763,product-security@qualcomm.com,9.8,CRITICAL
CVE-2016-10440,2018-04-18T14:29:11.450,2026-06-17T00:39:41.280,product-security@qualcomm.com,9.8,CRITICAL
CVE-2016-10441,2018-04-18T14:29:11.510,2026-06-17T00:39:41.393,product-security@qualcomm.com,9.8,CRITICAL
CVE-2016-10442,2018-04-18T14:29:11.573,2026-06-17T00:39:41.533,product-security@qualcomm.com,9.8,CRITICAL
CVE-2016-10444,2018-04-18T14:29:11.683,2026-06-17T00:39:41.783,product-security@qualcomm.com,9.8,CRITICAL
CVE-2016-10445,2018-04-18T14:29:11.717,2026-06-17T00:39:41.900,product-security@qualcomm.com,9.8,CRITICAL
CVE-2016-10448,2018-04-18T14:29:11.917,2026-06-17T00:39:42.273,product-security@qualcomm.com,9.8,CRITICAL
CVE-2016-10449,2018-04-18T14:29:11.950,2026-06-17T00:39:42.410,product-security@qualcomm.com,9.8,CRITICAL
CVE-2016-10450,2018-04-18T14:29:12.010,2026-06-17T00:39:42.543,product-security@qualcomm.com,9.8,CRITICAL
CVE-2016-10452,2018-04-18T14:29:12.107,2026-06-17T00:39:42.810,product-security@qualcomm.com,9.8,CRITICAL
CVE-2016-10454,2018-04-18T14:29:12.153,2026-06-17T00:39:42.950,product-security@qualcomm.com,9.8,CRITICAL
CVE-2016-10456,2018-04-18T14:29:12.260,2026-06-17T00:39:43.207,product-security@qualcomm.com,9.8,CRITICAL
CVE-2016-10457,2018-04-18T14:29:12.307,2026-06-17T00:39:43.353,product-security@qualcomm.com,9.8,CRITICAL
CVE-2016-10458,2018-04-18T14:29:12.357,2026-06-17T00:39:43.487,product-security@qualcomm.com,9.8,CRITICAL
CVE-2016-10460,2018-04-18T14:29:12.450,2026-06-17T00:39:43.757,product-security@qualcomm.com,9.8,CRITICAL
CVE-2016-10461,2018-04-18T14:29:12.527,2026-06-17T00:39:43.870,product-security@qualcomm.com,9.8,CRITICAL
CVE-2016-10462,2018-04-18T14:29:12.573,2026-06-17T00:39:43.983,product-security@qualcomm.com,9.8,CRITICAL
CVE-2016-10466,2018-04-18T14:29:12.667,2026-06-17T00:39:44.260,product-security@qualcomm.com,9.8,CRITICAL
CVE-2016-10467,2018-04-18T14:29:12.717,2026-06-17T00:39:44.390,product-security@qualcomm.com,9.8,CRITICAL
CVE-2016-10471,2018-04-18T14:29:12.823,2026-06-17T00:39:44.687,product-security@qualcomm.com,9.8,CRITICAL
CVE-2016-10472,2018-04-18T14:29:12.887,2026-06-17T00:39:44.800,product-security@qualcomm.com,9.8,CRITICAL
CVE-2016-10473,2018-04-18T14:29:12.917,2026-06-17T00:39:44.933,product-security@qualcomm.com,9.8,CRITICAL
CVE-2016-10474,2018-04-18T14:29:12.980,2026-06-17T00:39:45.067,product-security@qualcomm.com,9.8,CRITICAL
CVE-2016-10475,2018-04-18T14:29:13.027,2026-06-17T00:39:45.203,product-security@qualcomm.com,9.8,CRITICAL
CVE-2016-10476,2018-04-18T14:29:13.090,2026-06-17T00:39:45.320,product-security@qualcomm.com,9.8,CRITICAL
CVE-2016-10477,2018-04-18T14:29:13.137,2026-06-17T00:39:45.463,product-security@qualcomm.com,9.8,CRITICAL
CVE-2016-10478,2018-04-18T14:29:13.183,2026-06-17T00:39:45.583,product-security@qualcomm.com,9.8,CRITICAL
CVE-2016-10479,2018-04-18T14:29:13.230,2026-06-17T00:39:45.687,product-security@qualcomm.com,9.8,CRITICAL
CVE-2016-10480,2018-04-18T14:29:13.277,2026-06-17T00:39:45.813,product-security@qualcomm.com,9.8,CRITICAL
CVE-2016-10481,2018-04-18T14:29:13.323,2026-06-17T00:39:45.943,product-security@qualcomm.com,9.8,CRITICAL
CVE-2016-10482,2018-04-18T14:29:13.370,2026-06-17T00:39:46.073,product-security@qualcomm.com,9.8,CRITICAL
CVE-2016-10484,2018-04-18T14:29:13.467,2026-06-17T00:39:46.320,product-security@qualcomm.com,9.8,CRITICAL
CVE-2016-10485,2018-04-18T14:29:13.510,2026-06-17T00:39:46.457,product-security@qualcomm.com,9.8,CRITICAL
CVE-2016-10486,2018-04-18T14:29:13.557,2026-06-17T00:39:46.590,product-security@qualcomm.com,9.8,CRITICAL
CVE-2016-10487,2018-04-18T14:29:13.607,2026-06-17T00:39:46.707,product-security@qualcomm.com,9.8,CRITICAL
CVE-2016-10489,2018-04-18T14:29:13.653,2026-06-17T00:39:46.853,product-security@qualcomm.com,9.8,CRITICAL
CVE-2016-10490,2018-04-18T14:29:13.717,2026-06-17T00:39:46.957,product-security@qualcomm.com,9.8,CRITICAL
CVE-2016-10491,2018-04-18T14:29:13.760,2026-06-17T00:39:47.087,product-security@qualcomm.com,9.8,CRITICAL
CVE-2016-10492,2018-04-18T14:29:13.807,2026-06-17T00:39:47.220,product-security@qualcomm.com,9.1,CRITICAL
CVE-2016-10493,2018-04-18T14:29:13.887,2026-06-17T00:39:47.347,product-security@qualcomm.com,9.8,CRITICAL
CVE-2016-10494,2018-04-18T14:29:13.933,2026-06-17T00:39:47.477,product-security@qualcomm.com,9.8,CRITICAL
CVE-2016-10495,2018-04-18T14:29:13.980,2026-06-17T00:39:47.610,product-security@qualcomm.com,9.8,CRITICAL
CVE-2016-10496,2018-04-18T14:29:14.027,2026-06-17T00:39:47.710,product-security@qualcomm.com,9.8,CRITICAL
CVE-2016-10498,2018-04-18T14:29:14.137,2026-06-17T00:39:47.960,product-security@qualcomm.com,9.8,CRITICAL
CVE-2016-10501,2018-04-18T14:29:14.230,2026-06-17T00:39:48.250,product-security@qualcomm.com,9.8,CRITICAL
CVE-2018-10199,2018-04-18T15:29:00.207,2026-06-17T01:33:40.130,cve@mitre.org,9.8,CRITICAL
CVE-2018-7241,2018-04-18T20:29:00.327,2026-06-17T02:02:51.327,cybersecurity@se.com,9.8,CRITICAL
CVE-2018-7242,2018-04-18T20:29:00.373,2026-06-17T02:02:51.497,cybersecurity@se.com,9.8,CRITICAL
CVE-2018-7243,2018-04-18T20:29:00.420,2026-06-17T02:02:51.670,cybersecurity@se.com,9.8,CRITICAL
CVE-2018-7245,2018-04-18T20:29:00.513,2026-06-17T02:02:51.900,cybersecurity@se.com,9.1,CRITICAL
CVE-2018-7246,2018-04-18T20:29:00.577,2026-06-17T02:02:52.020,cybersecurity@se.com,9.8,CRITICAL
CVE-2018-7760,2018-04-18T20:29:00.747,2026-06-17T02:03:40.310,cybersecurity@se.com,9.8,CRITICAL
CVE-2018-7761,2018-04-18T20:29:00.793,2026-06-17T02:03:40.477,cybersecurity@se.com,9.8,CRITICAL
CVE-2018-8840,2018-04-18T20:29:00.920,2026-06-17T02:05:29.330,ics-cert@hq.dhs.gov,9.8,CRITICAL
CVE-2018-2628,2018-04-19T02:29:00.457,2026-06-17T01:55:57.647,secalert_us@oracle.com,9.8,CRITICAL
CVE-2018-2739,2018-04-19T02:29:00.723,2026-06-17T01:56:13.503,secalert_us@oracle.com,9.3,CRITICAL
CVE-2018-2870,2018-04-19T02:29:07.397,2026-06-17T01:56:31.757,secalert_us@oracle.com,9.1,CRITICAL
CVE-2018-2871,2018-04-19T02:29:07.460,2026-06-17T01:56:31.887,secalert_us@oracle.com,9.1,CRITICAL
CVE-2018-2879,2018-04-19T02:29:07.803,2026-06-17T01:56:32.883,secalert_us@oracle.com,9.0,CRITICAL
CVE-2018-10225,2018-04-19T08:29:00.737,2026-06-17T01:33:42.563,cve@mitre.org,9.8,CRITICAL
CVE-2018-1143,2018-04-19T13:29:00.230,2026-06-17T01:50:34.670,vulnreport@tenable.com,9.8,CRITICAL
CVE-2018-1144,2018-04-19T13:29:00.277,2026-06-17T01:50:34.783,vulnreport@tenable.com,9.8,CRITICAL
CVE-2018-1145,2018-04-19T13:29:00.340,2026-06-17T01:50:34.900,vulnreport@tenable.com,9.8,CRITICAL
CVE-2017-3774,2018-04-19T14:29:00.357,2026-06-17T01:18:54.717,psirt@lenovo.com,9.8,CRITICAL
CVE-2018-0112,2018-04-19T20:29:00.253,2026-06-17T01:29:35.263,psirt@cisco.com,9.0,CRITICAL
CVE-2018-0238,2018-04-19T20:29:00.707,2026-06-17T01:30:17.660,psirt@cisco.com,9.9,CRITICAL
CVE-2018-10238,2018-04-20T07:29:00.227,2026-06-17T01:33:44.560,cve@mitre.org,9.8,CRITICAL
CVE-2018-1290,2018-04-20T18:29:00.613,2026-06-17T01:50:56.027,security@apache.org,9.8,CRITICAL
CVE-2018-8826,2018-04-20T20:29:00.583,2026-06-17T02:05:27.813,cve@mitre.org,9.8,CRITICAL
CVE-2014-0931,2018-04-20T21:29:00.457,2026-06-17T00:03:53.193,psirt@us.ibm.com,9.1,CRITICAL
CVE-2018-9059,2018-04-20T21:29:01.033,2026-06-17T02:06:00.360,cve@mitre.org,9.8,CRITICAL
CVE-2018-10283,2018-04-21T19:29:00.227,2026-06-17T01:33:47.880,cve@mitre.org,9.8,CRITICAL
CVE-2018-10284,2018-04-21T19:29:00.307,2026-06-17T01:33:48.007,cve@mitre.org,9.8,CRITICAL
CVE-2018-10285,2018-04-22T13:29:00.240,2026-06-17T01:33:48.137,cve@mitre.org,9.8,CRITICAL
CVE-2018-9245,2018-04-22T13:29:00.380,2026-06-17T02:06:16.930,cve@mitre.org,9.8,CRITICAL
CVE-2017-17902,2018-04-22T15:29:00.390,2026-06-17T01:11:51.777,cve@mitre.org,9.8,CRITICAL
CVE-2017-17833,2018-04-23T18:29:00.663,2026-06-17T01:11:44.653,cve@mitre.org,9.8,CRITICAL
CVE-2017-7893,2018-04-23T22:29:00.227,2026-06-17T01:25:24.753,cve@mitre.org,9.8,CRITICAL
CVE-2018-10305,2018-04-24T02:29:00.210,2026-06-17T01:33:49.873,cve@mitre.org,9.8,CRITICAL
CVE-2017-9656,2018-04-24T15:29:00.867,2026-06-17T01:28:39.870,ics-cert@hq.dhs.gov,9.1,CRITICAL
CVE-2017-12087,2018-04-24T19:29:00.970,2026-06-17T01:02:39.650,talos-cna@cisco.com,10.0,CRITICAL
CVE-2017-2885,2018-04-24T19:29:02.783,2026-06-17T01:17:03.853,talos-cna@cisco.com,9.8,CRITICAL
CVE-2018-10362,2018-04-25T05:29:00.313,2026-06-17T01:33:54.460,cve@mitre.org,9.8,CRITICAL
CVE-2018-10375,2018-04-25T09:29:00.647,2026-06-17T01:33:56.030,cve@mitre.org,9.8,CRITICAL
CVE-2014-5014,2018-04-25T17:29:00.270,2026-06-17T00:10:55.413,cve@mitre.org,9.8,CRITICAL
CVE-2018-10381,2018-04-26T00:29:00.250,2026-06-17T01:33:56.693,cve@mitre.org,9.8,CRITICAL
CVE-2018-10429,2018-04-26T17:29:00.340,2026-06-17T01:33:59.313,cve@mitre.org,9.8,CRITICAL
CVE-2018-10469,2018-04-27T04:29:00.220,2026-06-17T01:34:00.283,cve@mitre.org,9.8,CRITICAL
CVE-2018-1475,2018-04-27T15:29:00.640,2026-06-17T01:51:18.743,psirt@us.ibm.com,9.8,CRITICAL
CVE-2014-2552,2018-04-27T16:29:00.783,2026-06-17T00:06:47.997,cve@mitre.org,9.8,CRITICAL
CVE-2018-9845,2018-04-29T18:29:00.223,2026-06-17T02:07:16.877,cve@mitre.org,9.8,CRITICAL
