date,n_posts_total,n_burnout,n_EX,n_EMO,n_COG,n_MD
2018-01-01,8,3,1,3,0,0
2018-01-02,28,3,0,2,2,0
2018-01-03,37,2,1,1,0,1
2018-01-04,40,7,4,4,2,2
2018-01-05,25,5,2,4,0,0
2018-01-06,21,5,2,2,0,2
2018-01-07,12,3,1,2,1,0
2018-01-08,35,8,3,7,1,3
2018-01-09,42,7,1,5,2,1
2018-01-10,33,2,0,2,0,0
2018-01-11,44,13,6,11,0,2
2018-01-12,36,5,1,4,1,2
2018-01-13,18,3,2,3,1,1
2018-01-14,12,3,0,3,0,0
2018-01-15,37,6,2,5,1,1
2018-01-16,39,7,2,7,1,1
2018-01-17,44,10,2,8,0,5
2018-01-18,53,7,2,5,0,2
2018-01-19,38,5,2,4,1,3
2018-01-20,17,3,1,3,1,1
2018-01-21,15,1,0,1,0,0
2018-01-22,42,5,1,4,1,1
2018-01-23,51,11,2,10,1,1
2018-01-24,41,5,2,4,0,0
2018-01-25,46,11,3,9,3,3
2018-01-26,50,7,1,5,1,1
2018-01-27,15,5,1,4,0,2
2018-01-28,9,0,0,0,0,0
2018-01-29,29,3,2,3,2,0
2018-01-30,49,11,4,9,0,2
2018-01-31,45,8,1,7,1,3
2018-02-01,50,7,2,5,2,0
2018-02-02,38,6,2,5,1,3
2018-02-03,11,2,0,1,0,1
2018-02-04,16,3,1,3,0,0
2018-02-05,32,4,0,3,1,1
2018-02-06,50,4,1,3,1,1
2018-02-07,44,8,3,8,1,0
2018-02-08,61,13,4,11,1,3
2018-02-09,49,9,2,7,1,1
2018-02-10,18,2,0,2,0,0
2018-02-11,15,3,0,2,1,1
2018-02-12,36,10,4,8,2,2
2018-02-13,44,8,1,7,0,0
2018-02-14,49,7,2,7,0,2
2018-02-15,51,14,4,10,1,4
2018-02-16,46,9,2,7,1,1
2018-02-17,8,2,0,2,0,0
2018-02-18,13,2,0,1,0,2
2018-02-19,28,7,4,5,1,2
2018-02-20,38,7,2,6,0,3
2018-02-21,45,7,3,6,1,0
2018-02-22,46,6,3,4,2,0
2018-02-23,36,7,2,5,1,1
2018-02-24,17,4,0,2,2,0
2018-02-25,12,1,0,1,0,0
2018-02-26,43,7,0,5,1,2
2018-02-27,45,11,4,7,1,1
2018-02-28,53,7,1,7,0,2
2018-03-01,44,9,4,6,1,2
2018-03-02,42,5,1,4,0,2
2018-03-03,13,2,1,2,0,2
2018-03-04,14,4,2,2,1,0
2018-03-05,44,6,3,3,0,2
2018-03-06,46,5,3,4,1,2
2018-03-07,57,9,4,7,0,4
2018-03-08,36,5,1,4,1,0
2018-03-09,34,6,0,4,2,1
2018-03-10,24,6,1,6,1,1
2018-03-11,17,5,0,4,0,2
2018-03-12,56,5,2,5,0,2
2018-03-13,55,11,1,10,1,3
2018-03-14,51,7,2,6,0,0
2018-03-15,33,7,2,4,4,1
2018-03-16,54,9,3,6,1,1
2018-03-17,19,3,1,2,1,0
2018-03-18,18,1,1,1,0,1
2018-03-19,38,10,4,9,2,3
2018-03-20,56,8,2,6,2,2
2018-03-21,51,9,3,6,1,1
2018-03-22,51,13,4,10,4,2
2018-03-23,50,10,4,10,1,2
2018-03-24,25,6,2,4,1,3
2018-03-25,19,4,1,3,0,2
2018-03-26,41,12,6,9,0,2
2018-03-27,54,5,2,5,0,1
2018-03-28,58,6,2,6,1,0
2018-03-29,50,13,5,12,4,3
2018-03-30,26,6,1,4,1,1
2018-03-31,17,2,0,1,1,0
2018-04-01,12,2,0,1,0,1
2018-04-02,32,7,3,6,1,2
2018-04-03,43,9,2,5,2,0
2018-04-04,54,13,4,11,0,3
2018-04-05,51,14,4,11,2,1
2018-04-06,37,6,2,6,0,1
2018-04-07,15,2,0,1,1,0
2018-04-08,13,2,1,2,0,0
2018-04-09,41,4,1,2,1,1
2018-04-10,51,5,1,4,2,0
2018-04-11,57,9,1,7,1,0
2018-04-12,67,6,1,5,0,3
2018-04-13,41,9,4,7,0,1
2018-04-14,19,6,4,5,3,2
2018-04-15,19,5,0,5,0,1
2018-04-16,56,14,2,13,2,4
2018-04-17,40,11,4,9,2,4
2018-04-18,64,12,5,12,1,2
2018-04-19,55,13,4,11,1,2
2018-04-20,34,5,1,5,2,0
2018-04-21,19,8,4,7,1,3
2018-04-22,16,3,0,3,0,0
2018-04-23,36,3,1,3,1,0
2018-04-24,49,6,1,6,0,0
2018-04-25,46,7,1,6,1,2
2018-04-26,43,6,1,4,2,0
2018-04-27,37,10,4,7,0,1
2018-04-28,15,2,1,2,0,0
2018-04-29,20,2,0,2,0,0
2018-04-30,57,5,2,5,0,0
2018-05-01,38,7,2,5,1,1
2018-05-02,40,5,1,4,1,0
2018-05-03,48,10,3,8,1,3
2018-05-04,38,10,3,9,0,2
2018-05-05,14,5,4,3,0,3
2018-05-06,16,5,2,4,1,2
2018-05-07,40,8,1,7,2,2
2018-05-08,58,14,3,8,4,2
2018-05-09,63,11,2,9,1,0
2018-05-10,47,11,2,8,3,1
2018-05-11,54,10,3,7,2,3
2018-05-12,19,7,1,6,1,1
2018-05-13,12,1,0,1,0,0
2018-05-14,55,10,4,10,4,1
2018-05-15,60,5,2,4,1,2
2018-05-16,45,8,2,7,2,1
2018-05-17,34,5,1,5,0,0
2018-05-18,50,7,3,4,3,0
2018-05-19,15,7,4,3,2,1
2018-05-20,11,1,1,0,0,0
2018-05-21,40,8,4,4,2,2
2018-05-22,42,13,3,9,3,3
2018-05-23,45,8,3,7,2,2
2018-05-24,49,11,3,9,2,5
2018-05-25,48,9,0,8,0,3
2018-05-26,18,5,1,4,2,0
2018-05-27,12,2,0,1,1,0
2018-05-28,26,7,3,6,3,1
2018-05-29,46,7,3,7,0,1
2018-05-30,60,13,3,10,3,2
2018-05-31,52,7,2,6,0,0
2018-06-01,50,13,3,10,1,5
2018-06-02,23,4,1,4,0,0
2018-06-03,14,6,3,5,2,2
2018-06-04,44,8,2,8,0,2
2018-06-05,54,10,4,5,4,0
2018-06-06,53,12,3,8,1,1
2018-06-07,68,15,6,12,5,2
2018-06-08,47,8,2,7,0,4
2018-06-09,21,6,1,5,2,0
2018-06-10,19,5,1,5,1,0
2018-06-11,42,4,2,2,1,0
2018-06-12,50,10,3,10,1,4
2018-06-13,49,9,2,6,1,2
2018-06-14,48,7,1,7,1,1
2018-06-15,46,8,4,7,1,1
2018-06-16,20,5,2,5,0,3
2018-06-17,12,3,2,2,0,1
2018-06-18,42,8,2,7,0,2
2018-06-19,51,9,0,8,1,1
2018-06-20,54,14,2,14,0,1
2018-06-21,43,10,3,7,0,3
2018-06-22,41,9,3,6,3,1
2018-06-23,7,0,0,0,0,0
2018-06-24,14,3,1,3,0,0
2018-06-25,42,6,2,6,0,1
2018-06-26,61,12,3,8,0,4
2018-06-27,47,8,2,6,2,1
2018-06-28,59,6,2,5,0,1
2018-06-29,45,11,4,7,1,4
2018-06-30,14,3,1,2,0,1
2018-07-01,17,2,0,1,0,1
2018-07-02,49,10,3,8,1,2
2018-07-03,49,10,2,7,4,3
2018-07-04,27,3,0,3,0,2
2018-07-05,41,7,3,6,1,1
2018-07-06,42,8,2,6,0,1
2018-07-07,13,3,1,1,1,1
2018-07-08,11,2,1,1,0,2
2018-07-09,50,15,5,12,3,7
2018-07-10,32,2,2,2,0,0
2018-07-11,61,13,2,10,2,1
2018-07-12,55,7,0,6,1,0
2018-07-13,45,11,4,8,2,3
2018-07-14,15,5,3,4,0,1
2018-07-15,10,2,1,1,0,0
2018-07-16,51,9,4,9,2,1
2018-07-17,64,7,3,7,2,2
2018-07-18,48,5,2,5,0,2
2018-07-19,50,12,2,9,0,4
2018-07-20,45,7,1,7,1,0
2018-07-21,21,5,2,4,0,0
2018-07-22,13,2,1,2,1,0
2018-07-23,48,9,2,5,3,1
2018-07-24,47,12,0,9,1,2
2018-07-25,61,15,3,12,3,5
2018-07-26,42,11,3,9,3,1
2018-07-27,41,10,2,10,1,1
2018-07-28,17,2,0,2,1,0
2018-07-29,17,4,2,1,3,0
2018-07-30,49,6,2,5,2,1
2018-07-31,47,13,5,12,6,3
2018-08-01,52,10,3,6,2,1
2018-08-02,55,17,10,16,0,6
2018-08-03,37,11,3,11,0,1
2018-08-04,23,4,2,1,1,0
2018-08-05,14,1,0,1,0,0
2018-08-06,40,5,0,5,0,0
2018-08-07,56,11,2,10,0,1
2018-08-08,50,8,4,6,0,1
2018-08-09,53,13,4,11,3,2
2018-08-10,44,12,4,10,0,2
2018-08-11,19,3,1,1,1,1
2018-08-12,12,0,0,0,0,0
2018-08-13,48,10,2,9,2,1
2018-08-14,58,13,1,13,0,5
2018-08-15,46,11,3,10,3,1
2018-08-16,51,13,7,10,2,6
2018-08-17,54,15,6,12,4,1
2018-08-18,8,2,2,0,1,0
2018-08-19,10,1,0,1,0,1
2018-08-20,42,9,1,6,3,0
2018-08-21,45,9,5,8,1,3
2018-08-22,34,6,0,6,0,2
2018-08-23,49,14,4,11,2,1
2018-08-24,42,7,2,7,0,2
2018-08-25,19,1,0,1,0,0
2018-08-26,16,5,2,4,0,1
2018-08-27,52,6,4,5,0,2
2018-08-28,43,11,1,9,1,0
2018-08-29,42,6,2,5,0,0
2018-08-30,59,15,6,11,1,3
2018-08-31,45,12,3,11,0,4
2018-09-01,16,4,2,2,0,2
2018-09-02,11,4,1,4,0,1
2018-09-03,20,4,1,2,2,0
2018-09-04,34,6,1,5,0,2
2018-09-05,58,6,0,5,1,1
2018-09-06,51,12,2,9,3,4
2018-09-07,44,4,3,3,2,3
2018-09-08,23,4,3,4,0,1
2018-09-09,12,4,1,4,2,1
2018-09-10,53,12,3,12,0,2
2018-09-11,50,13,5,8,1,2
2018-09-12,34,4,1,2,0,2
2018-09-13,52,9,1,7,1,2
2018-09-14,35,7,1,6,2,0
2018-09-15,9,3,2,3,0,1
2018-09-16,12,2,2,1,0,1
2018-09-17,44,6,4,4,1,1
2018-09-18,35,9,5,7,1,1
2018-09-19,52,11,4,7,1,4
2018-09-20,56,13,4,11,0,3
2018-09-21,37,4,2,3,2,0
2018-09-22,19,1,1,1,0,0
2018-09-23,12,4,0,4,0,1
2018-09-24,28,5,2,5,1,3
2018-09-25,36,7,3,6,2,3
2018-09-26,45,10,4,9,2,2
2018-09-27,48,12,4,10,1,4
2018-09-28,44,9,3,8,1,1
2018-09-29,11,3,3,2,1,1
2018-09-30,17,6,3,5,1,0
2018-10-01,25,3,3,3,1,1
2018-10-02,56,10,1,9,1,2
2018-10-03,53,15,4,14,1,3
2018-10-04,47,10,3,8,0,1
2018-10-05,43,7,4,6,3,3
2018-10-06,15,5,2,4,0,2
2018-10-07,13,1,0,1,0,0
2018-10-08,38,7,3,7,0,1
2018-10-09,44,8,2,8,1,1
2018-10-10,46,11,5,9,1,3
2018-10-11,59,13,4,10,3,0
2018-10-12,51,12,4,11,1,3
2018-10-13,13,1,1,1,1,1
2018-10-14,12,4,0,3,0,2
2018-10-15,41,7,5,6,2,4
2018-10-16,53,11,3,7,4,2
2018-10-17,52,4,2,4,0,1
2018-10-18,55,13,3,13,1,6
2018-10-19,45,10,3,8,4,0
2018-10-20,18,4,0,4,1,1
2018-10-21,11,2,1,2,0,0
2018-10-22,48,13,4,10,2,3
2018-10-23,52,10,1,9,1,3
2018-10-24,54,15,5,13,1,5
2018-10-25,56,7,3,3,1,0
2018-10-26,48,17,5,14,2,3
2018-10-27,16,4,2,3,0,1
2018-10-28,17,5,2,4,0,1
2018-10-29,52,6,3,6,0,2
2018-10-30,42,6,2,6,0,1
2018-10-31,52,13,2,11,0,5
2018-11-01,35,7,3,7,2,1
2018-11-02,46,9,5,7,0,1
2018-11-03,15,3,0,2,0,1
2018-11-04,10,3,0,3,0,1
2018-11-05,44,7,3,6,1,4
2018-11-06,41,6,1,5,1,0
2018-11-07,35,4,0,4,1,0
2018-11-08,51,9,4,5,2,4
2018-11-09,51,10,2,8,3,1
2018-11-10,16,4,2,3,1,0
2018-11-11,18,2,0,2,0,0
2018-11-12,32,3,3,2,1,1
2018-11-13,45,13,3,10,1,7
2018-11-14,45,13,6,11,2,3
2018-11-15,52,11,1,8,0,3
2018-11-16,35,6,1,5,0,1
2018-11-17,17,3,1,2,1,0
2018-11-18,9,3,3,3,0,1
2018-11-19,42,5,3,4,0,2
2018-11-20,39,8,4,7,0,3
2018-11-21,35,6,1,6,1,1
2018-11-22,24,6,0,6,0,0
2018-11-23,18,2,0,2,0,1
2018-11-24,10,1,0,1,0,0
2018-11-25,16,3,0,3,0,0
2018-11-26,32,8,1,7,1,3
2018-11-27,49,10,4,8,3,1
2018-11-28,56,9,3,8,1,2
2018-11-29,54,8,1,7,1,0
2018-11-30,42,9,1,9,0,1
2018-12-01,16,5,2,5,0,1
2018-12-02,12,0,0,0,0,0
2018-12-03,47,6,2,4,1,3
2018-12-04,63,17,8,13,3,3
2018-12-05,47,10,2,8,0,3
2018-12-06,48,8,1,7,0,3
2018-12-07,54,7,1,5,2,1
2018-12-08,20,2,1,2,0,0
2018-12-09,20,5,1,4,1,0
2018-12-10,35,9,1,8,0,2
2018-12-11,46,9,5,7,0,2
2018-12-12,47,15,6,12,2,3
2018-12-13,47,8,3,7,1,2
2018-12-14,43,8,2,7,1,1
2018-12-15,19,3,2,2,1,1
2018-12-16,17,4,1,4,0,2
2018-12-17,42,5,1,4,0,0
2018-12-18,41,11,5,7,0,1
2018-12-19,54,8,1,8,0,2
2018-12-20,50,11,5,11,1,4
2018-12-21,46,10,4,8,2,3
2018-12-22,15,1,0,0,0,1
2018-12-23,14,4,2,4,0,0
2018-12-24,22,4,2,2,0,2
2018-12-25,13,1,0,0,1,0
2018-12-26,25,6,4,6,1,2
2018-12-27,24,6,0,5,1,1
2018-12-28,18,1,0,1,0,0
2018-12-29,19,7,2,7,0,1
2018-12-30,12,2,1,1,0,0
2018-12-31,24,4,0,3,1,0
2019-01-01,16,2,0,1,0,1
2019-01-02,46,6,2,4,1,2
2019-01-03,47,13,3,12,1,3
2019-01-04,50,7,6,7,3,2
2019-01-05,23,2,1,2,0,0
2019-01-06,29,4,0,4,0,0
2019-01-07,43,8,1,6,1,3
2019-01-08,57,8,2,7,0,4
2019-01-09,46,13,4,12,2,0
2019-01-10,54,9,5,7,1,2
2019-01-11,59,10,3,9,2,0
2019-01-12,18,3,2,2,1,1
2019-01-13,21,2,0,2,0,0
2019-01-14,50,14,4,11,2,4
2019-01-15,44,7,2,7,0,2
2019-01-16,55,13,3,12,2,3
2019-01-17,60,12,4,8,1,3
2019-01-18,39,5,1,3,1,0
2019-01-19,20,5,3,5,2,1
2019-01-20,9,1,0,1,0,1
2019-01-21,40,6,1,5,2,0
2019-01-22,57,21,6,15,6,5
2019-01-23,44,10,0,8,1,2
2019-01-24,74,15,6,13,3,5
2019-01-25,46,9,0,9,0,1
2019-01-26,23,5,1,4,2,2
2019-01-27,28,3,0,2,0,1
2019-01-28,58,13,2,10,1,5
2019-01-29,63,9,4,6,5,4
2019-01-30,73,13,5,9,1,4
2019-01-31,62,11,2,10,1,3
2019-02-01,51,11,4,10,1,6
2019-02-02,13,2,1,1,1,0
2019-02-03,17,4,1,4,0,1
2019-02-04,51,2,0,2,1,0
2019-02-05,45,11,5,7,1,2
2019-02-06,61,10,3,7,1,5
2019-02-07,62,14,4,10,0,3
2019-02-08,66,12,3,9,0,4
2019-02-09,15,2,0,1,0,1
2019-02-10,24,3,1,3,0,0
2019-02-11,44,6,1,5,1,0
2019-02-12,55,12,5,8,1,3
2019-02-13,58,15,5,11,1,0
2019-02-14,51,14,2,14,0,2
2019-02-15,51,4,1,3,0,1
2019-02-16,35,4,1,2,2,0
2019-02-17,13,3,1,3,0,1
2019-02-18,44,7,0,6,1,2
2019-02-19,43,13,1,7,2,3
2019-02-20,57,16,2,13,3,3
2019-02-21,63,14,5,13,0,5
2019-02-22,53,12,4,10,0,5
2019-02-23,31,7,2,5,1,2
2019-02-24,18,8,0,6,1,2
2019-02-25,62,10,3,8,2,3
2019-02-26,44,4,1,3,0,2
2019-02-27,51,7,3,5,3,2
2019-02-28,63,9,2,8,1,2
2019-03-01,43,7,3,6,2,2
2019-03-02,27,3,0,1,0,2
2019-03-03,20,4,2,2,1,1
2019-03-04,42,5,1,5,0,3
2019-03-05,63,13,5,9,5,1
2019-03-06,62,12,2,10,1,4
2019-03-07,62,13,4,10,1,4
2019-03-08,43,8,0,7,0,1
2019-03-09,19,2,0,1,0,1
2019-03-10,17,5,0,5,0,1
2019-03-11,46,5,2,4,0,1
2019-03-12,47,6,0,4,2,0
2019-03-13,60,8,5,8,0,3
2019-03-14,49,15,6,11,1,5
2019-03-15,49,9,0,8,1,1
2019-03-16,16,2,0,2,0,0
2019-03-17,13,4,1,4,0,2
2019-03-18,43,6,2,5,0,1
2019-03-19,45,10,1,9,1,1
2019-03-20,48,7,1,6,2,2
2019-03-21,47,12,5,10,0,3
2019-03-22,55,11,6,10,3,1
2019-03-23,23,4,2,3,1,1
2019-03-24,17,3,1,2,1,1
2019-03-25,49,10,3,10,1,3
2019-03-26,52,9,3,6,2,2
2019-03-27,43,6,0,6,0,0
2019-03-28,62,12,3,11,1,4
2019-03-29,46,16,4,14,2,4
2019-03-30,13,4,1,3,0,1
2019-03-31,15,5,3,5,1,2
2019-04-01,58,9,4,7,1,4
2019-04-02,51,11,3,9,2,2
2019-04-03,46,6,4,5,4,3
2019-04-04,62,7,2,7,1,0
2019-04-05,51,9,1,8,0,0
2019-04-06,21,2,2,1,0,0
2019-04-07,13,3,2,3,0,2
2019-04-08,36,6,3,4,1,1
2019-04-09,55,14,4,14,1,2
2019-04-10,48,6,1,5,1,3
2019-04-11,55,9,4,8,0,3
2019-04-12,51,10,2,9,1,1
2019-04-13,24,4,3,2,0,1
2019-04-14,22,6,1,4,1,1
2019-04-15,43,6,0,6,0,2
2019-04-16,53,7,3,6,0,0
2019-04-17,51,12,5,9,2,0
2019-04-18,56,13,5,9,2,2
2019-04-19,36,6,1,6,1,1
2019-04-20,11,3,0,2,1,2
2019-04-21,16,2,1,0,0,1
2019-04-22,35,2,1,1,0,0
2019-04-23,44,6,2,6,1,1
2019-04-24,51,12,1,11,2,2
2019-04-25,47,7,3,7,3,2
2019-04-26,47,10,3,9,1,2
2019-04-27,16,3,2,3,1,1
2019-04-28,14,3,1,3,0,1
2019-04-29,35,4,0,4,0,2
2019-04-30,48,3,2,3,0,2
2019-05-01,50,12,5,11,3,2
2019-05-02,58,12,3,11,1,2
2019-05-03,35,7,3,3,0,2
2019-05-04,22,3,2,3,0,1
2019-05-05,13,2,0,1,1,1
2019-05-06,33,5,0,5,0,0
2019-05-07,50,10,3,8,0,1
2019-05-08,50,3,0,2,2,0
2019-05-09,44,7,3,6,2,4
2019-05-10,40,7,2,7,1,2
2019-05-11,17,3,2,1,0,2
2019-05-12,13,2,1,1,0,0
2019-05-13,40,8,3,5,2,3
2019-05-14,63,13,6,9,2,2
2019-05-15,43,7,2,4,1,2
2019-05-16,55,11,3,11,1,2
2019-05-17,30,5,1,4,1,0
2019-05-18,19,5,3,5,0,3
2019-05-19,14,4,0,4,0,2
2019-05-20,48,6,3,5,0,1
2019-05-21,56,14,4,12,3,4
2019-05-22,53,11,2,8,4,1
2019-05-23,36,2,2,2,0,1
2019-05-24,41,6,2,5,2,0
2019-05-25,19,2,0,1,0,1
2019-05-26,17,3,1,3,1,0
2019-05-27,22,6,2,3,2,2
2019-05-28,50,7,2,6,1,1
2019-05-29,56,8,5,6,3,1
2019-05-30,57,7,2,5,2,1
2019-05-31,44,6,3,6,3,1
2019-06-01,20,2,0,1,1,0
2019-06-02,18,2,1,2,1,1
2019-06-03,41,8,2,6,1,0
2019-06-04,54,13,3,11,3,2
2019-06-05,53,7,1,6,0,1
2019-06-06,51,8,1,8,1,1
2019-06-07,38,3,0,3,0,0
2019-06-08,14,3,3,2,0,2
2019-06-09,6,2,1,2,0,1
2019-06-10,32,3,0,3,0,1
2019-06-11,57,10,3,8,2,1
2019-06-12,34,5,2,4,0,2
2019-06-13,49,6,2,6,2,1
2019-06-14,42,9,5,6,1,2
2019-06-15,14,2,1,1,1,1
2019-06-16,22,3,2,2,0,1
2019-06-17,50,7,1,4,1,1
2019-06-18,57,11,1,10,1,2
2019-06-19,43,14,3,10,4,2
2019-06-20,48,5,1,4,0,1
2019-06-21,45,9,2,9,0,1
2019-06-22,17,4,0,4,0,0
2019-06-23,17,3,2,2,0,2
2019-06-24,47,11,1,11,0,2
2019-06-25,46,6,2,5,0,2
2019-06-26,56,13,3,10,3,0
2019-06-27,49,4,0,3,0,1
2019-06-28,44,7,0,6,0,4
2019-06-29,22,3,0,1,1,1
2019-06-30,18,0,0,0,0,0
2019-07-01,40,5,2,5,2,0
2019-07-02,48,9,4,7,1,0
2019-07-03,58,12,3,9,3,0
2019-07-04,25,4,4,4,0,1
2019-07-05,32,5,3,4,1,3
2019-07-06,21,2,0,2,1,0
2019-07-07,15,2,0,2,0,0
2019-07-08,32,5,1,4,0,3
2019-07-09,45,7,1,6,0,2
2019-07-10,65,9,5,9,2,4
2019-07-11,55,9,3,9,0,2
2019-07-12,50,9,0,8,0,2
2019-07-13,18,5,3,5,1,1
2019-07-14,14,4,0,3,1,2
2019-07-15,39,8,5,6,0,4
2019-07-16,41,6,2,6,0,2
2019-07-17,62,12,3,11,1,3
2019-07-18,49,6,2,4,1,0
2019-07-19,35,6,1,4,0,1
2019-07-20,28,9,2,6,3,0
2019-07-21,19,1,1,1,0,1
2019-07-22,47,6,2,4,1,0
2019-07-23,45,5,0,5,0,0
2019-07-24,48,13,2,13,2,1
2019-07-25,36,5,0,5,0,0
2019-07-26,33,7,3,6,0,1
2019-07-27,17,3,1,3,0,1
2019-07-28,26,1,0,1,0,0
2019-07-29,50,7,4,4,2,3
2019-07-30,47,8,3,7,2,0
2019-07-31,52,6,0,6,0,0
2019-08-01,60,12,5,8,2,4
2019-08-02,43,8,3,6,2,2
2019-08-03,16,3,1,3,1,0
2019-08-04,24,5,3,2,0,3
2019-08-05,51,12,6,10,4,4
2019-08-06,57,15,2,13,4,1
2019-08-07,54,8,3,7,2,0
2019-08-08,53,3,0,3,0,0
2019-08-09,49,15,4,13,4,2
2019-08-10,18,4,1,4,0,1
2019-08-11,19,7,4,5,0,2
2019-08-12,54,6,1,6,0,2
2019-08-13,52,6,1,6,1,1
2019-08-14,58,7,4,5,1,0
2019-08-15,61,8,5,6,0,1
2019-08-16,51,8,1,8,0,1
2019-08-17,15,6,0,5,0,1
2019-08-18,19,3,1,2,1,1
2019-08-19,41,9,2,8,1,1
2019-08-20,47,7,3,6,3,2
2019-08-21,58,11,4,8,1,2
2019-08-22,50,11,4,9,3,2
2019-08-23,45,11,1,10,1,3
2019-08-24,23,2,1,2,0,0
2019-08-25,17,5,3,2,0,1
2019-08-26,55,11,1,9,1,2
2019-08-27,71,14,6,12,4,5
2019-08-28,55,11,3,10,3,1
2019-08-29,58,12,5,7,5,2
2019-08-30,45,10,2,9,1,3
2019-08-31,16,4,2,3,0,0
2019-09-01,18,3,1,2,2,1
2019-09-02,29,2,0,2,0,0
2019-09-03,49,8,3,4,2,0
2019-09-04,42,11,6,10,0,1
2019-09-05,51,9,1,7,1,3
2019-09-06,44,5,1,5,0,2
2019-09-07,22,3,1,3,1,2
2019-09-08,14,2,0,1,0,1
2019-09-09,45,10,6,6,2,2
2019-09-10,48,9,2,7,1,1
2019-09-11,57,8,1,8,0,1
2019-09-12,67,13,3,12,0,2
2019-09-13,44,10,3,8,1,4
2019-09-14,14,3,1,3,0,1
2019-09-15,21,2,0,2,0,0
2019-09-16,52,8,0,8,0,1
2019-09-17,41,1,1,1,0,0
2019-09-18,47,9,4,5,2,3
2019-09-19,51,11,5,9,5,3
2019-09-20,47,14,3,12,1,3
2019-09-21,11,3,0,2,1,0
2019-09-22,19,1,1,0,1,0
2019-09-23,42,8,1,6,1,1
2019-09-24,53,5,1,4,0,3
2019-09-25,47,14,2,12,1,3
2019-09-26,53,9,1,9,1,1
2019-09-27,52,13,1,13,2,3
2019-09-28,20,5,2,5,1,1
2019-09-29,16,2,0,2,0,0
2019-09-30,52,8,1,7,1,2
2019-10-01,54,9,3,7,1,4
2019-10-02,56,7,2,3,1,2
2019-10-03,40,11,2,11,2,1
2019-10-04,37,9,4,7,3,2
2019-10-05,19,2,1,2,0,1
2019-10-06,11,1,0,0,0,1
2019-10-07,41,12,4,10,1,2
2019-10-08,63,13,3,11,2,3
2019-10-09,55,13,3,11,3,0
2019-10-10,49,9,2,7,1,3
2019-10-11,39,9,1,7,2,2
2019-10-12,22,6,2,6,1,1
2019-10-13,15,3,2,1,0,0
2019-10-14,38,3,0,2,1,0
2019-10-15,51,6,2,5,2,0
2019-10-16,54,7,2,6,0,2
2019-10-17,38,6,3,5,0,1
2019-10-18,46,6,0,6,1,0
2019-10-19,15,0,0,0,0,0
2019-10-20,15,2,0,2,0,0
2019-10-21,49,5,1,4,2,3
2019-10-22,48,7,3,5,1,3
2019-10-23,51,6,1,5,1,0
2019-10-24,53,12,4,9,4,3
2019-10-25,51,10,1,9,1,1
2019-10-26,23,8,4,6,2,2
2019-10-27,9,1,1,1,0,0
2019-10-28,51,4,2,1,0,1
2019-10-29,50,7,4,5,1,0
2019-10-30,52,8,3,7,1,1
2019-10-31,45,12,3,11,0,4
2019-11-01,35,6,2,6,1,2
2019-11-02,22,1,0,1,0,0
2019-11-03,21,3,1,3,2,1
2019-11-04,48,3,0,2,0,1
2019-11-05,41,12,3,12,1,2
2019-11-06,39,8,4,6,0,1
2019-11-07,57,12,1,10,0,2
2019-11-08,41,10,3,9,0,2
2019-11-09,15,4,0,3,0,1
2019-11-10,12,2,0,2,0,0
2019-11-11,34,7,5,7,0,2
2019-11-12,49,5,0,4,1,0
2019-11-13,60,7,2,5,1,1
2019-11-14,57,8,5,6,3,3
2019-11-15,51,8,5,6,2,2
2019-11-16,16,2,1,1,1,1
2019-11-17,20,3,1,3,2,0
2019-11-18,33,7,1,6,1,1
2019-11-19,43,6,1,5,0,1
2019-11-20,53,6,1,6,1,0
2019-11-21,49,9,4,6,1,0
2019-11-22,56,13,2,12,1,1
2019-11-23,18,2,1,1,0,0
2019-11-24,23,5,2,3,1,2
2019-11-25,33,3,0,3,0,0
2019-11-26,45,4,2,3,1,0
2019-11-27,44,7,3,7,0,1
2019-11-28,28,4,0,4,0,0
2019-11-29,22,4,1,4,0,1
2019-11-30,21,4,0,3,2,0
2019-12-01,10,2,1,2,0,0
2019-12-02,42,6,1,6,0,2
2019-12-03,46,6,3,4,1,2
2019-12-04,57,13,6,13,2,3
2019-12-05,47,10,2,9,1,1
2019-12-06,44,6,1,5,1,3
2019-12-07,23,7,3,6,0,1
2019-12-08,15,2,1,1,1,0
2019-12-09,53,16,0,14,0,2
2019-12-10,50,10,5,10,2,3
2019-12-11,38,9,5,8,1,5
2019-12-12,39,7,1,5,1,1
2019-12-13,47,6,2,5,1,2
2019-12-14,15,6,3,5,1,1
2019-12-15,14,4,1,3,0,1
2019-12-16,40,6,3,5,2,0
2019-12-17,61,8,2,6,2,1
2019-12-18,50,10,1,10,0,2
2019-12-19,39,8,1,5,1,4
2019-12-20,32,3,1,3,0,1
2019-12-21,16,3,0,3,0,0
2019-12-22,16,3,0,1,2,0
2019-12-23,25,3,1,2,1,0
2019-12-24,22,4,2,3,1,2
2019-12-25,8,2,1,1,1,1
2019-12-26,25,7,0,6,1,3
2019-12-27,18,2,1,2,0,2
2019-12-28,10,3,1,2,1,1
2019-12-29,14,3,0,2,0,1
2019-12-30,39,4,0,4,0,0
2019-12-31,33,9,3,8,0,2
2020-01-01,21,4,1,2,2,0
2020-01-02,36,8,4,5,1,1
2020-01-03,43,6,4,4,1,1
2020-01-04,16,2,1,1,0,0
2020-01-05,10,3,1,2,1,1
2020-01-06,51,7,4,3,1,1
2020-01-07,69,10,3,8,1,4
2020-01-08,50,9,4,8,1,4
2020-01-09,41,5,3,3,1,1
2020-01-10,59,7,0,7,0,1
2020-01-11,22,3,0,3,0,1
2020-01-12,21,4,1,2,2,0
2020-01-13,53,12,3,10,1,2
2020-01-14,50,8,3,6,1,3
2020-01-15,52,9,3,7,0,3
2020-01-16,60,8,4,7,1,2
2020-01-17,52,5,0,3,2,0
2020-01-18,21,3,3,2,1,1
2020-01-19,14,2,1,2,0,0
2020-01-20,51,5,3,4,0,0
2020-01-21,53,10,1,8,1,2
2020-01-22,49,3,0,3,1,0
2020-01-23,67,10,4,9,0,2
2020-01-24,63,10,3,6,1,3
2020-01-25,14,0,0,0,0,0
2020-01-26,14,7,3,6,0,0
2020-01-27,48,1,0,1,0,0
2020-01-28,50,6,1,3,2,4
2020-01-29,56,11,4,9,2,2
2020-01-30,66,10,3,10,0,1
2020-01-31,54,13,6,12,0,4
2020-02-01,17,3,0,1,1,1
2020-02-02,21,3,0,3,0,2
2020-02-03,47,12,2,10,3,3
2020-02-04,58,9,2,9,3,2
2020-02-05,71,7,3,5,0,1
2020-02-06,55,9,1,8,1,2
2020-02-07,43,10,1,8,1,3
2020-02-08,17,0,0,0,0,0
2020-02-09,18,3,2,3,0,1
2020-02-10,60,10,3,10,0,2
2020-02-11,54,6,4,4,2,1
2020-02-12,58,14,4,10,3,2
2020-02-13,63,10,3,7,2,3
2020-02-14,53,11,3,9,1,0
2020-02-15,22,4,0,4,0,0
2020-02-16,22,3,0,3,0,0
2020-02-17,46,9,2,7,0,2
2020-02-18,73,17,7,15,2,3
2020-02-19,60,11,4,7,4,1
2020-02-20,63,9,4,8,1,1
2020-02-21,47,16,8,14,4,5
2020-02-22,26,6,3,5,0,3
2020-02-23,26,2,0,1,1,0
2020-02-24,53,4,2,3,0,1
2020-02-25,61,12,4,10,3,2
2020-02-26,73,13,2,10,2,2
2020-02-27,46,8,2,7,0,0
2020-02-28,53,8,0,7,0,2
2020-02-29,24,4,2,3,1,0
2020-03-01,19,2,0,1,1,0
2020-03-02,42,3,0,2,1,0
2020-03-03,44,3,0,3,0,0
2020-03-04,47,10,2,9,1,3
2020-03-05,65,11,6,9,0,2
2020-03-06,61,12,3,9,3,2
2020-03-07,28,4,2,2,1,0
2020-03-08,21,8,4,7,1,2
2020-03-09,43,5,4,5,0,1
2020-03-10,53,10,4,10,2,4
2020-03-11,54,9,0,8,0,1
2020-03-12,50,7,3,6,1,3
2020-03-13,35,5,1,4,1,0
2020-03-14,27,6,2,5,0,3
2020-03-15,33,6,2,5,0,1
2020-03-16,46,9,3,7,2,3
2020-03-17,59,15,3,13,2,0
2020-03-18,54,12,5,9,2,1
2020-03-19,68,15,8,11,2,1
2020-03-20,56,12,5,10,2,1
2020-03-21,29,6,3,4,2,1
2020-03-22,26,8,3,4,1,2
2020-03-23,60,12,5,10,1,3
2020-03-24,50,8,1,7,0,1
2020-03-25,58,15,7,11,3,3
2020-03-26,71,15,4,14,2,2
2020-03-27,69,17,7,14,3,5
2020-03-28,21,5,2,4,0,0
2020-03-29,14,0,0,0,0,0
2020-03-30,56,8,3,6,3,2
2020-03-31,66,10,2,10,2,2
2020-04-01,64,14,3,12,2,1
2020-04-02,53,18,5,14,4,4
2020-04-03,52,11,5,9,1,2
2020-04-04,25,5,1,4,0,1
2020-04-05,24,5,2,4,1,0
2020-04-06,49,7,2,4,4,2
2020-04-07,48,7,3,4,2,1
2020-04-08,59,8,2,7,3,1
2020-04-09,53,4,2,3,0,0
2020-04-10,40,10,3,8,0,2
2020-04-11,27,5,1,5,1,3
2020-04-12,19,2,2,1,1,1
2020-04-13,34,4,2,1,2,0
2020-04-14,55,8,2,7,2,1
2020-04-15,46,4,1,4,1,0
2020-04-16,58,12,4,11,3,1
2020-04-17,45,9,4,8,1,1
2020-04-18,18,5,1,5,0,0
2020-04-19,15,4,2,4,0,0
2020-04-20,38,8,1,6,1,0
2020-04-21,62,7,1,5,2,1
2020-04-22,39,4,1,4,1,0
2020-04-23,40,9,1,7,3,3
2020-04-24,39,13,2,13,2,2
2020-04-25,24,2,1,1,1,1
2020-04-26,18,5,2,4,0,1
2020-04-27,53,11,2,6,3,3
2020-04-28,49,10,5,9,2,3
2020-04-29,68,14,6,11,3,4
2020-04-30,63,13,5,13,1,2
2020-05-01,44,7,2,6,1,3
2020-05-02,22,1,0,1,0,0
2020-05-03,14,1,0,1,0,0
2020-05-04,48,12,5,11,0,2
2020-05-05,40,8,4,8,0,1
2020-05-06,47,8,3,6,3,3
2020-05-07,46,5,3,5,0,2
2020-05-08,54,11,1,10,1,1
2020-05-09,22,1,0,1,0,1
2020-05-10,15,2,2,1,1,1
2020-05-11,47,10,3,7,3,2
2020-05-12,47,9,1,9,1,2
2020-05-13,35,4,2,3,0,0
2020-05-14,55,9,2,7,2,2
2020-05-15,47,5,3,4,1,3
2020-05-16,17,4,0,3,0,1
2020-05-17,20,6,2,5,1,2
2020-05-18,34,7,1,7,0,2
2020-05-19,54,11,4,10,3,3
2020-05-20,37,11,3,11,0,3
2020-05-21,48,7,2,7,0,3
2020-05-22,42,8,3,8,2,1
2020-05-23,21,3,1,3,0,0
2020-05-24,19,2,1,2,0,0
2020-05-25,15,1,0,1,0,0
2020-05-26,30,8,1,6,2,2
2020-05-27,41,8,3,7,0,1
2020-05-28,38,8,6,6,1,1
2020-05-29,38,7,3,5,2,2
2020-05-30,17,4,1,3,0,0
2020-05-31,19,3,2,2,1,1
2020-06-01,31,6,1,4,2,1
2020-06-02,56,8,2,7,2,1
2020-06-03,41,7,0,5,2,2
2020-06-04,44,7,2,6,1,1
2020-06-05,35,9,3,8,2,1
2020-06-06,18,1,0,1,0,0
2020-06-07,18,4,2,3,0,0
2020-06-08,43,5,2,5,0,0
2020-06-09,42,4,2,3,0,1
2020-06-10,51,10,4,8,3,2
2020-06-11,38,6,3,5,1,1
2020-06-12,38,6,1,4,3,0
2020-06-13,24,4,1,3,1,2
2020-06-14,22,6,3,4,1,3
2020-06-15,43,7,4,5,1,1
2020-06-16,50,12,2,11,1,3
2020-06-17,51,15,5,9,2,5
2020-06-18,33,5,1,5,0,1
2020-06-19,32,4,1,3,1,2
2020-06-20,14,4,3,3,1,0
2020-06-21,13,2,1,2,0,0
2020-06-22,35,4,1,4,1,2
2020-06-23,43,12,5,10,0,7
2020-06-24,51,6,2,6,0,1
2020-06-25,52,6,2,6,2,0
2020-06-26,32,11,6,10,2,4
2020-06-27,17,6,2,3,0,1
2020-06-28,16,3,1,2,1,1
2020-06-29,28,3,1,3,0,1
2020-06-30,55,6,3,4,1,1
2020-07-01,42,7,1,6,0,2
2020-07-02,37,7,3,7,0,2
2020-07-03,16,3,1,2,1,1
2020-07-04,13,4,0,2,0,2
2020-07-05,10,1,0,1,0,0
2020-07-06,42,12,5,11,4,4
2020-07-07,47,6,2,4,1,0
2020-07-08,51,8,2,6,0,2
2020-07-09,43,7,4,5,2,2
2020-07-10,42,7,4,6,2,0
2020-07-11,21,0,0,0,0,0
2020-07-12,9,2,0,2,0,1
2020-07-13,48,9,2,8,1,2
2020-07-14,44,9,2,8,1,0
2020-07-15,39,8,4,6,1,1
2020-07-16,39,5,1,4,2,1
2020-07-17,38,10,2,10,2,3
2020-07-18,16,4,2,2,0,1
2020-07-19,16,3,0,3,0,0
2020-07-20,47,10,4,8,2,2
2020-07-21,47,8,1,7,1,1
2020-07-22,37,8,1,8,0,2
2020-07-23,56,12,4,11,3,1
2020-07-24,44,9,3,8,2,3
2020-07-25,26,9,2,8,2,1
2020-07-26,18,2,1,1,1,0
2020-07-27,55,12,4,10,3,3
2020-07-28,52,10,2,8,1,3
2020-07-29,47,4,0,4,0,0
2020-07-30,46,9,5,7,1,1
2020-07-31,41,5,1,5,0,0
2020-08-01,14,2,1,2,0,1
2020-08-02,13,4,1,4,1,1
2020-08-03,50,7,2,6,1,0
2020-08-04,40,9,4,6,2,4
2020-08-05,53,12,3,10,2,2
2020-08-06,60,17,4,14,3,5
2020-08-07,44,12,3,10,2,5
2020-08-08,17,0,0,0,0,0
2020-08-09,18,2,1,0,0,1
2020-08-10,26,5,1,5,1,1
2020-08-11,42,7,3,6,2,1
2020-08-12,58,11,3,9,0,3
2020-08-13,55,10,2,9,1,1
2020-08-14,41,12,3,10,2,0
2020-08-15,18,4,1,3,0,1
2020-08-16,14,3,1,3,0,1
2020-08-17,50,8,3,7,2,1
2020-08-18,36,8,1,6,1,1
2020-08-19,60,15,6,11,6,0
2020-08-20,56,19,4,18,1,5
2020-08-21,44,11,2,10,0,3
2020-08-22,17,6,3,3,1,2
2020-08-23,19,3,1,2,0,0
2020-08-24,44,7,3,5,3,0
2020-08-25,50,14,6,10,1,4
2020-08-26,53,8,1,4,4,2
2020-08-27,53,8,2,5,3,1
2020-08-28,44,6,2,5,1,2
2020-08-29,22,3,1,3,1,1
2020-08-30,18,2,2,2,0,0
2020-08-31,40,3,0,3,0,0
2020-09-01,39,7,1,5,3,2
2020-09-02,45,6,3,4,2,1
2020-09-03,51,8,1,8,1,1
2020-09-04,44,5,2,5,0,0
2020-09-05,16,4,3,3,1,0
2020-09-06,18,6,0,4,1,1
2020-09-07,18,4,0,4,1,0
2020-09-08,46,8,4,7,2,3
2020-09-09,48,7,4,7,1,2
2020-09-10,52,11,5,8,0,2
2020-09-11,42,9,1,5,3,2
2020-09-12,15,1,0,1,0,0
2020-09-13,14,3,1,3,0,2
2020-09-14,39,6,2,5,2,2
2020-09-15,50,6,3,5,1,1
2020-09-16,45,11,5,9,1,1
2020-09-17,47,11,1,11,1,0
2020-09-18,38,8,1,8,1,1
2020-09-19,16,4,1,3,0,1
2020-09-20,18,4,4,0,0,0
2020-09-21,47,9,1,7,3,0
2020-09-22,46,7,0,5,1,1
2020-09-23,50,5,2,4,1,1
2020-09-24,49,10,4,9,3,5
2020-09-25,33,5,3,3,2,0
2020-09-26,11,3,1,2,0,2
2020-09-27,22,6,3,4,0,3
2020-09-28,44,9,2,6,2,2
2020-09-29,56,9,2,6,3,2
2020-09-30,46,12,1,10,1,0
2020-10-01,50,4,0,3,1,0
2020-10-02,34,4,2,3,0,0
2020-10-03,22,2,1,2,0,0
2020-10-04,14,1,0,1,0,0
2020-10-05,41,5,2,5,0,1
2020-10-06,50,12,1,10,2,2
2020-10-07,47,9,4,7,2,2
2020-10-08,47,10,3,10,0,1
2020-10-09,37,8,4,4,1,1
2020-10-10,17,3,2,1,1,1
2020-10-11,22,2,2,2,1,1
2020-10-12,54,5,2,5,1,2
2020-10-13,48,8,5,6,0,5
2020-10-14,57,14,5,10,5,5
2020-10-15,54,11,2,11,1,3
2020-10-16,48,9,4,6,1,5
2020-10-17,16,1,1,1,0,0
2020-10-18,27,7,3,5,1,1
2020-10-19,51,6,0,6,0,3
2020-10-20,57,11,2,11,0,2
2020-10-21,54,13,1,11,2,0
2020-10-22,50,8,2,7,0,2
2020-10-23,36,5,3,3,1,2
2020-10-24,17,4,1,3,1,1
2020-10-25,34,9,2,9,0,2
2020-10-26,47,6,0,6,0,0
2020-10-27,64,7,4,6,2,1
2020-10-28,60,8,1,5,2,2
2020-10-29,46,9,4,7,4,1
2020-10-30,38,6,0,4,0,3
2020-10-31,16,3,2,2,0,1
2020-11-01,21,5,2,4,0,0
2020-11-02,52,12,7,9,4,4
2020-11-03,38,7,2,5,2,1
2020-11-04,35,7,4,6,2,0
2020-11-05,63,7,2,7,0,1
2020-11-06,38,5,1,3,2,0
2020-11-07,20,4,2,3,1,0
2020-11-08,23,4,0,4,0,1
2020-11-09,50,9,0,7,3,0
2020-11-10,44,10,3,7,2,0
2020-11-11,33,4,0,4,0,1
2020-11-12,49,12,3,9,4,1
2020-11-13,32,0,0,0,0,0
2020-11-14,14,2,2,2,0,0
2020-11-15,15,3,2,3,0,0
2020-11-16,44,10,1,9,1,3
2020-11-17,38,10,2,9,0,1
2020-11-18,57,12,3,5,4,3
2020-11-19,41,11,1,10,2,1
2020-11-20,49,9,1,8,1,3
2020-11-21,21,5,4,4,4,2
2020-11-22,22,2,1,2,1,0
2020-11-23,52,7,1,6,0,1
2020-11-24,33,1,0,1,0,1
2020-11-25,36,6,3,5,0,1
2020-11-26,28,3,1,2,0,0
2020-11-27,18,1,0,1,0,0
2020-11-28,17,2,1,1,0,0
2020-11-29,9,1,0,1,0,0
2020-11-30,50,8,2,6,1,1
2020-12-01,49,5,2,3,0,0
2020-12-02,55,11,4,9,2,2
2020-12-03,59,13,4,9,2,2
2020-12-04,48,11,5,9,2,3
2020-12-05,25,3,0,2,1,0
2020-12-06,18,2,0,1,1,1
2020-12-07,44,7,1,5,2,3
2020-12-08,48,6,0,6,1,0
2020-12-09,55,9,2,8,0,0
2020-12-10,46,9,2,6,2,1
2020-12-11,41,3,0,3,0,0
2020-12-12,17,4,0,3,1,1
2020-12-13,23,3,1,1,2,0
2020-12-14,44,11,5,8,3,4
2020-12-15,47,8,6,6,0,3
2020-12-16,56,13,4,11,1,5
2020-12-17,45,8,2,7,2,3
2020-12-18,34,6,1,6,0,1
2020-12-19,32,9,5,7,2,1
2020-12-20,20,1,0,0,0,1
2020-12-21,36,2,0,2,0,0
2020-12-22,32,8,4,6,2,2
2020-12-23,28,5,1,5,0,1
2020-12-24,26,5,2,5,1,0
2020-12-25,15,3,3,3,0,2
2020-12-26,10,4,1,3,0,1
2020-12-27,20,2,0,2,0,0
2020-12-28,31,3,2,2,0,1
2020-12-29,40,5,2,4,1,1
2020-12-30,34,7,3,4,1,2
2020-12-31,27,3,2,3,0,2
2021-01-01,19,4,0,4,0,1
2021-01-02,20,2,0,2,0,1
2021-01-03,18,6,5,5,1,1
2021-01-04,36,5,0,4,0,1
2021-01-05,42,10,3,9,1,4
2021-01-06,35,8,4,7,1,3
2021-01-07,30,10,6,8,0,1
2021-01-08,43,11,7,10,1,2
2021-01-09,16,6,2,5,0,3
2021-01-10,11,3,1,2,1,3
2021-01-11,46,5,1,4,2,2
2021-01-12,51,7,2,5,2,1
2021-01-13,55,11,3,9,2,1
2021-01-14,50,8,2,8,0,1
2021-01-15,47,9,3,8,0,1
2021-01-16,16,5,2,4,0,1
2021-01-17,27,6,1,6,2,2
2021-01-18,45,12,3,10,3,2
2021-01-19,53,13,4,13,1,5
2021-01-20,55,11,3,8,3,0
2021-01-21,50,9,3,6,1,2
2021-01-22,47,15,7,9,1,2
2021-01-23,24,2,1,2,0,1
2021-01-24,22,3,1,3,0,1
2021-01-25,43,8,3,6,2,2
2021-01-26,47,9,4,7,4,5
2021-01-27,62,13,5,11,2,5
2021-01-28,58,12,2,12,0,2
2021-01-29,49,10,4,10,1,2
2021-01-30,41,10,5,9,1,5
2021-01-31,21,7,2,7,1,3
2021-02-01,54,9,5,9,1,1
2021-02-02,50,5,2,2,1,1
2021-02-03,60,7,2,5,1,4
2021-02-04,50,10,4,9,2,3
2021-02-05,37,9,6,7,2,6
2021-02-06,24,6,2,4,1,2
2021-02-07,19,4,1,4,1,0
2021-02-08,47,12,4,8,1,1
2021-02-09,28,4,2,4,1,2
2021-02-10,55,9,2,9,1,1
2021-02-11,53,15,6,13,3,4
2021-02-12,44,12,6,9,2,0
2021-02-13,27,5,2,5,1,1
2021-02-14,27,4,1,3,1,1
2021-02-15,36,4,0,3,1,0
2021-02-16,51,8,4,8,1,4
2021-02-17,43,8,2,7,0,1
2021-02-18,39,8,1,6,1,1
2021-02-19,41,6,3,4,2,2
2021-02-20,19,5,2,4,0,3
2021-02-21,17,4,1,3,1,3
2021-02-22,30,4,1,4,0,1
2021-02-23,35,6,1,5,0,1
2021-02-24,49,9,3,7,1,4
2021-02-25,47,4,1,2,1,1
2021-02-26,37,6,2,6,0,1
2021-02-27,15,1,1,1,0,1
2021-02-28,25,2,2,1,0,0
2021-03-01,44,9,4,9,0,2
2021-03-02,45,7,1,5,2,0
2021-03-03,49,7,3,7,0,2
2021-03-04,54,8,2,7,4,2
2021-03-05,62,10,3,7,2,3
2021-03-06,24,5,2,5,0,1
2021-03-07,26,5,2,2,1,2
2021-03-08,42,6,3,4,1,1
2021-03-09,57,13,5,10,3,2
2021-03-10,48,6,3,5,2,3
2021-03-11,65,9,4,8,2,1
2021-03-12,45,11,7,10,1,5
2021-03-13,25,1,1,1,0,0
2021-03-14,24,4,2,1,2,1
2021-03-15,54,11,3,9,0,2
2021-03-16,50,12,4,12,1,0
2021-03-17,47,9,3,7,1,1
2021-03-18,65,13,1,11,4,5
2021-03-19,39,5,2,5,0,0
2021-03-20,21,6,2,6,0,1
2021-03-21,23,7,4,5,1,2
2021-03-22,39,3,1,2,1,0
2021-03-23,53,9,4,8,0,2
2021-03-24,51,10,3,7,2,2
2021-03-25,39,6,0,5,1,1
2021-03-26,50,13,3,12,1,3
2021-03-27,18,3,0,3,0,0
2021-03-28,25,1,1,1,0,0
2021-03-29,48,9,3,5,3,2
2021-03-30,54,7,0,6,0,1
2021-03-31,50,8,4,6,1,3
2021-04-01,34,10,3,9,1,1
2021-04-02,30,5,1,4,0,1
2021-04-03,15,3,1,3,0,0
2021-04-04,24,3,1,2,0,2
2021-04-05,30,5,0,5,0,2
2021-04-06,37,6,2,4,2,3
2021-04-07,42,8,1,5,3,1
2021-04-08,40,8,3,8,1,1
2021-04-09,48,16,7,10,5,2
2021-04-10,18,3,1,2,0,0
2021-04-11,14,1,1,1,0,1
2021-04-12,46,5,4,5,2,3
2021-04-13,61,4,2,4,1,1
2021-04-14,37,5,0,3,2,1
2021-04-15,53,13,4,11,2,2
2021-04-16,38,7,2,6,1,0
2021-04-17,25,2,0,2,0,0
2021-04-18,14,1,1,1,1,1
2021-04-19,42,8,1,7,1,0
2021-04-20,42,9,3,8,0,4
2021-04-21,46,4,3,2,1,2
2021-04-22,55,11,5,9,0,1
2021-04-23,28,6,4,6,0,4
2021-04-24,23,7,4,6,0,1
2021-04-25,16,2,0,2,0,0
2021-04-26,49,13,5,10,1,2
2021-04-27,56,7,4,6,2,3
2021-04-28,73,8,2,7,0,2
2021-04-29,53,5,2,4,1,3
2021-04-30,43,11,3,8,0,4
2021-05-01,17,3,0,3,0,1
2021-05-02,15,1,0,0,0,1
2021-05-03,34,4,1,3,0,2
2021-05-04,38,6,2,5,0,0
2021-05-05,52,11,5,10,1,2
2021-05-06,47,16,5,14,1,2
2021-05-07,55,11,5,9,4,1
2021-05-08,13,1,0,1,0,0
2021-05-09,19,4,3,2,2,1
2021-05-10,44,8,3,5,1,4
2021-05-11,47,9,2,8,1,0
2021-05-12,53,10,4,5,4,1
2021-05-13,48,9,4,7,3,4
2021-05-14,30,5,2,4,0,2
2021-05-15,12,3,1,3,0,1
2021-05-16,21,5,1,5,1,1
2021-05-17,45,8,2,6,2,2
2021-05-18,45,6,3,6,0,2
2021-05-19,51,12,4,12,0,3
2021-05-20,56,13,5,10,1,5
2021-05-21,52,12,2,11,1,1
2021-05-22,20,4,3,2,0,0
2021-05-23,18,2,0,2,0,1
2021-05-24,44,6,1,6,0,3
2021-05-25,45,15,7,13,2,7
2021-05-26,62,8,2,6,3,3
2021-05-27,48,7,2,6,1,0
2021-05-28,31,5,1,4,1,0
2021-05-29,15,3,2,3,1,1
2021-05-30,12,2,0,1,1,0
2021-05-31,18,0,0,0,0,0
2021-06-01,54,9,1,9,0,2
2021-06-02,57,11,3,10,0,3
2021-06-03,47,14,6,12,2,3
2021-06-04,46,5,1,3,1,0
2021-06-05,22,6,1,6,0,1
2021-06-06,12,0,0,0,0,0
2021-06-07,39,9,0,8,2,3
2021-06-08,32,6,5,3,1,2
2021-06-09,52,9,2,8,1,3
2021-06-10,47,14,6,14,0,5
2021-06-11,42,11,5,9,0,3
2021-06-12,24,7,4,6,0,1
2021-06-13,22,4,2,4,0,2
2021-06-14,45,8,3,7,3,2
2021-06-15,41,7,1,4,1,3
2021-06-16,58,11,4,7,3,2
2021-06-17,51,11,3,9,1,5
2021-06-18,33,7,3,5,3,1
2021-06-19,26,4,1,3,1,3
2021-06-20,22,1,0,0,0,1
2021-06-21,50,11,2,9,1,2
2021-06-22,32,8,2,8,1,2
2021-06-23,54,10,4,8,5,4
2021-06-24,53,8,1,7,3,1
2021-06-25,43,13,5,12,2,5
2021-06-26,17,2,0,2,0,0
2021-06-27,17,1,0,1,0,0
2021-06-28,38,8,5,6,1,2
2021-06-29,41,7,2,5,0,3
2021-06-30,54,18,8,15,4,6
2021-07-01,41,8,3,4,3,2
2021-07-02,34,3,1,3,0,1
2021-07-03,18,3,2,3,0,0
2021-07-04,14,3,1,3,0,1
2021-07-05,31,5,4,3,2,1
2021-07-06,49,13,3,12,2,3
2021-07-07,59,17,6,14,4,3
2021-07-08,57,16,4,12,3,6
2021-07-09,32,8,5,6,0,2
2021-07-10,24,4,2,3,1,0
2021-07-11,15,4,0,4,0,2
2021-07-12,48,10,0,8,1,3
2021-07-13,53,13,5,10,0,1
2021-07-14,54,16,4,14,2,5
2021-07-15,56,10,3,6,2,3
2021-07-16,48,14,5,12,2,7
2021-07-17,20,4,1,4,1,2
2021-07-18,20,6,3,5,2,0
2021-07-19,41,7,3,4,2,1
2021-07-20,43,11,4,11,1,4
2021-07-21,37,5,1,4,1,1
2021-07-22,48,7,2,6,3,1
2021-07-23,39,9,6,4,2,3
2021-07-24,17,4,1,2,2,2
2021-07-25,11,2,0,2,0,0
2021-07-26,38,8,7,6,0,2
2021-07-27,54,15,5,13,3,3
2021-07-28,51,9,1,8,1,0
2021-07-29,52,18,4,16,0,2
2021-07-30,37,7,1,4,3,1
2021-07-31,16,3,2,3,0,2
2021-08-01,14,5,0,4,0,1
2021-08-02,39,9,3,8,1,3
2021-08-03,36,6,0,6,0,1
2021-08-04,42,10,5,7,1,3
2021-08-05,43,6,1,5,0,0
2021-08-06,41,7,3,7,0,2
2021-08-07,22,2,1,1,0,0
2021-08-08,10,1,0,1,0,1
2021-08-09,32,3,2,2,0,0
2021-08-10,34,4,3,2,1,2
2021-08-11,32,3,1,3,0,1
2021-08-12,40,10,3,9,2,4
2021-08-13,22,5,0,4,1,1
2021-08-14,33,7,2,4,1,5
2021-08-15,16,4,2,3,1,2
2021-08-16,44,10,4,8,0,4
2021-08-17,33,9,3,8,0,2
2021-08-18,42,9,3,8,0,1
2021-08-19,51,9,4,6,1,1
2021-08-20,37,9,5,7,0,2
2021-08-21,19,4,0,3,0,1
2021-08-22,11,2,2,1,0,2
2021-08-23,44,6,1,5,2,0
2021-08-24,48,6,1,3,2,1
2021-08-25,50,12,3,9,4,4
2021-08-26,59,9,2,8,0,3
2021-08-27,50,14,1,13,0,3
2021-08-28,14,2,1,2,1,0
2021-08-29,21,6,2,4,0,2
2021-08-30,41,9,4,7,2,4
2021-08-31,44,8,3,7,2,3
2021-09-01,44,4,0,3,0,1
2021-09-02,45,13,4,11,4,6
2021-09-03,40,8,0,7,0,1
2021-09-04,19,5,0,5,0,2
2021-09-05,15,4,2,4,1,0
2021-09-06,25,6,2,6,1,0
2021-09-07,39,9,1,3,3,3
2021-09-08,42,12,7,10,1,3
2021-09-09,39,4,0,3,0,2
2021-09-10,29,3,0,2,0,1
2021-09-11,10,5,1,4,0,2
2021-09-12,16,1,0,1,0,1
2021-09-13,38,5,2,4,1,1
2021-09-14,54,12,3,11,3,5
2021-09-15,37,11,4,9,4,4
2021-09-16,48,4,2,3,0,1
2021-09-17,54,15,5,13,4,3
2021-09-18,21,8,4,6,1,1
2021-09-19,20,3,2,3,0,0
2021-09-20,40,10,1,10,2,3
2021-09-21,35,6,1,4,1,0
2021-09-22,39,7,1,6,2,0
2021-09-23,44,9,3,7,2,1
2021-09-24,34,7,3,6,2,3
2021-09-25,21,6,3,5,0,2
2021-09-26,23,6,4,6,0,1
2021-09-27,39,10,1,9,2,3
2021-09-28,44,9,4,5,4,2
2021-09-29,44,12,2,11,2,3
2021-09-30,59,16,4,15,2,6
2021-10-01,46,12,5,11,3,6
2021-10-02,23,3,0,2,0,1
2021-10-03,22,2,1,1,1,0
2021-10-04,40,6,2,4,1,1
2021-10-05,38,7,2,6,1,3
2021-10-06,19,2,0,2,0,1
2021-10-07,47,11,4,9,0,2
2021-10-08,58,12,5,11,3,6
2021-10-09,17,1,0,1,0,0
2021-10-10,24,9,4,6,2,5
2021-10-11,37,10,4,5,3,3
2021-10-12,54,13,4,9,5,0
2021-10-13,64,20,6,19,3,4
2021-10-14,61,19,5,15,1,4
2021-10-15,53,14,3,9,3,4
2021-10-16,24,5,3,1,3,0
2021-10-17,16,4,3,2,2,1
2021-10-18,40,5,1,4,0,0
2021-10-19,59,13,6,12,1,4
2021-10-20,54,10,2,8,1,2
2021-10-21,51,9,5,7,1,2
2021-10-22,43,9,2,8,0,3
2021-10-23,21,6,1,6,1,2
2021-10-24,33,6,4,4,1,0
2021-10-25,45,12,4,11,0,3
2021-10-26,47,8,2,7,2,2
2021-10-27,46,6,2,5,0,1
2021-10-28,47,10,0,9,2,3
2021-10-29,41,10,5,5,3,1
2021-10-30,20,2,1,2,0,1
2021-10-31,18,2,2,2,0,1
2021-11-01,45,4,0,2,1,1
2021-11-02,53,14,5,8,4,4
2021-11-03,62,15,2,14,2,2
2021-11-04,48,8,3,8,0,2
2021-11-05,45,10,4,9,1,1
2021-11-06,23,10,0,9,0,2
2021-11-07,33,9,3,4,2,4
2021-11-08,40,5,0,2,2,2
2021-11-09,61,13,3,12,0,2
2021-11-10,69,10,2,6,5,1
2021-11-11,65,13,2,8,0,6
2021-11-12,54,16,3,16,0,7
2021-11-13,17,5,1,4,1,1
2021-11-14,16,3,0,3,0,1
2021-11-15,39,7,1,7,1,2
2021-11-16,43,5,1,4,1,1
2021-11-17,54,6,2,6,0,1
2021-11-18,58,10,4,10,1,2
2021-11-19,47,4,1,3,1,2
2021-11-20,12,2,1,2,0,1
2021-11-21,21,3,2,3,1,1
2021-11-22,49,8,3,6,1,2
2021-11-23,50,8,3,6,0,4
2021-11-24,35,4,2,4,0,2
2021-11-25,38,11,5,10,0,3
2021-11-26,30,5,2,5,1,2
2021-11-27,19,4,1,4,0,0
2021-11-28,22,6,3,4,1,5
2021-11-29,59,9,2,5,2,4
2021-11-30,61,14,4,10,0,5
2021-12-01,36,10,4,8,2,2
2021-12-02,49,9,3,6,2,3
2021-12-03,52,8,2,7,1,0
2021-12-04,26,6,3,5,0,5
2021-12-05,13,3,1,3,0,1
2021-12-06,46,10,3,9,0,5
2021-12-07,53,5,3,5,2,2
2021-12-08,72,14,5,12,1,5
2021-12-09,64,10,3,8,2,1
2021-12-10,33,7,2,6,1,3
2021-12-11,15,4,0,4,0,2
2021-12-12,13,2,0,2,0,1
2021-12-13,48,6,4,5,2,1
2021-12-14,51,14,5,12,3,5
2021-12-15,61,11,4,11,2,2
2021-12-16,52,12,5,8,0,3
2021-12-17,43,13,4,10,5,3
2021-12-18,21,6,2,4,2,1
2021-12-19,17,3,0,3,0,0
2021-12-20,36,6,1,4,4,0
2021-12-21,57,10,3,6,2,2
2021-12-22,31,7,4,6,0,1
2021-12-23,40,9,4,8,1,1
2021-12-24,17,4,2,3,0,0
2021-12-25,13,1,0,1,0,1
2021-12-26,15,2,1,0,1,1
2021-12-27,22,3,0,3,0,0
2021-12-28,35,5,2,4,1,0
2021-12-29,32,8,2,7,0,2
2021-12-30,20,1,0,1,0,0
2021-12-31,14,5,2,3,0,1
2022-01-01,8,0,0,0,0,0
2022-01-02,16,9,5,7,2,3
2022-01-03,32,7,2,6,1,1
2022-01-04,40,7,4,4,1,1
2022-01-05,38,6,2,6,1,1
2022-01-06,68,17,7,14,3,4
2022-01-07,54,17,5,14,2,3
2022-01-08,22,3,0,3,0,0
2022-01-09,24,6,3,6,0,4
2022-01-10,40,11,6,10,2,6
2022-01-11,53,12,5,10,2,2
2022-01-12,46,4,2,0,0,2
2022-01-13,51,8,2,7,1,2
2022-01-14,53,10,6,9,2,4
2022-01-15,24,4,2,4,0,0
2022-01-16,27,6,1,5,0,4
2022-01-17,59,10,2,8,0,4
2022-01-18,51,9,2,4,3,3
2022-01-19,55,15,4,12,2,6
2022-01-20,64,11,2,9,2,5
2022-01-21,66,12,1,10,2,4
2022-01-22,24,2,2,2,0,0
2022-01-23,35,7,1,7,0,4
2022-01-24,55,11,7,8,0,5
2022-01-25,59,12,4,10,1,5
2022-01-26,61,12,4,9,1,0
2022-01-27,62,12,7,10,1,5
2022-01-28,60,11,6,10,4,3
2022-01-29,19,2,0,1,0,1
2022-01-30,26,3,2,3,0,2
2022-01-31,42,8,2,5,3,2
2022-02-01,47,12,4,9,2,3
2022-02-02,58,12,1,10,3,2
2022-02-03,50,11,3,11,0,3
2022-02-04,54,7,3,5,1,4
2022-02-05,19,1,1,1,1,1
2022-02-06,30,6,2,1,3,1
2022-02-07,47,9,3,7,1,2
2022-02-08,56,8,1,5,3,1
2022-02-09,63,16,1,9,6,4
2022-02-10,63,12,5,8,4,1
2022-02-11,62,17,7,11,3,5
2022-02-12,25,6,3,5,2,2
2022-02-13,27,3,1,3,0,0
2022-02-14,53,7,4,6,0,3
2022-02-15,62,17,4,15,2,4
2022-02-16,53,14,0,11,0,5
2022-02-17,64,19,7,18,1,5
2022-02-18,47,17,4,14,2,3
2022-02-19,32,9,4,5,1,5
2022-02-20,22,3,0,2,1,0
2022-02-21,51,8,0,7,2,0
2022-02-22,61,12,4,9,0,3
2022-02-23,57,12,3,8,3,1
2022-02-24,42,11,4,10,0,2
2022-02-25,46,10,1,9,2,0
2022-02-26,20,1,1,1,0,1
2022-02-27,17,2,1,2,0,1
2022-02-28,37,5,1,4,1,2
2022-03-01,56,18,6,15,2,5
2022-03-02,57,8,4,7,0,3
2022-03-03,53,5,1,5,0,0
2022-03-04,54,14,3,14,2,2
2022-03-05,16,2,0,1,0,1
2022-03-06,24,5,3,4,1,2
2022-03-07,61,16,4,14,5,7
2022-03-08,54,13,6,7,4,4
2022-03-09,55,11,2,9,1,1
2022-03-10,70,11,3,8,1,2
2022-03-11,59,16,5,16,2,5
2022-03-12,22,3,0,3,1,0
2022-03-13,21,1,1,0,0,0
2022-03-14,48,8,3,7,3,2
2022-03-15,69,17,8,11,3,7
2022-03-16,49,14,4,12,1,7
2022-03-17,68,12,3,11,0,5
2022-03-18,49,15,5,14,2,4
2022-03-19,32,6,2,5,0,3
2022-03-20,25,6,1,6,0,0
2022-03-21,44,9,4,8,1,5
2022-03-22,76,14,2,11,2,2
2022-03-23,60,10,3,8,2,2
2022-03-24,72,18,6,13,3,6
2022-03-25,54,10,3,9,0,3
2022-03-26,20,4,3,4,1,2
2022-03-27,20,3,0,2,0,1
2022-03-28,59,11,5,6,2,5
2022-03-29,58,13,4,13,1,4
2022-03-30,60,9,3,6,1,3
2022-03-31,65,17,5,13,3,7
2022-04-01,46,12,2,10,0,3
2022-04-02,30,4,2,3,0,0
2022-04-03,16,1,0,1,0,0
2022-04-04,62,8,1,8,0,1
2022-04-05,58,20,5,13,3,6
2022-04-06,52,12,1,11,2,4
2022-04-07,65,15,6,11,1,6
2022-04-08,63,12,3,8,1,5
2022-04-09,25,6,2,4,0,2
2022-04-10,31,8,2,6,0,3
2022-04-11,45,8,3,8,0,2
2022-04-12,82,17,3,16,1,4
2022-04-13,63,15,8,13,5,4
2022-04-14,63,8,5,6,2,2
2022-04-15,41,8,0,7,1,1
2022-04-16,32,7,3,6,2,1
2022-04-17,30,6,2,5,0,0
2022-04-18,45,10,7,7,3,5
2022-04-19,45,14,7,12,3,7
2022-04-20,60,12,0,9,2,2
2022-04-21,72,14,4,10,1,4
2022-04-22,50,16,6,9,2,7
2022-04-23,30,5,1,5,1,1
2022-04-24,27,4,2,3,0,1
2022-04-25,47,7,3,5,1,2
2022-04-26,62,12,2,8,2,2
2022-04-27,60,9,1,8,1,3
2022-04-28,53,7,4,5,0,5
2022-04-29,53,13,4,13,1,3
2022-04-30,22,4,0,2,1,2
2022-05-01,23,0,0,0,0,0
2022-05-02,51,8,3,5,1,3
2022-05-03,62,12,2,10,1,2
2022-05-04,67,16,4,15,2,3
2022-05-05,64,16,1,13,2,4
2022-05-06,38,4,2,2,0,1
2022-05-07,29,5,1,4,1,3
2022-05-08,23,5,0,4,1,0
2022-05-09,56,8,3,8,0,2
2022-05-10,67,9,3,7,0,5
2022-05-11,48,12,3,11,2,2
2022-05-12,45,12,2,10,1,4
2022-05-13,53,13,2,12,0,1
2022-05-14,18,4,1,2,1,3
2022-05-15,21,4,1,3,0,0
2022-05-16,41,2,1,2,0,0
2022-05-17,47,6,1,3,1,2
2022-05-18,54,12,5,8,1,5
2022-05-19,58,13,4,13,3,3
2022-05-20,49,12,3,7,1,4
2022-05-21,22,4,1,4,0,3
2022-05-22,26,7,5,6,0,4
2022-05-23,56,10,3,8,2,2
2022-05-24,46,11,2,9,1,3
2022-05-25,46,12,6,8,1,3
2022-05-26,67,11,5,8,3,2
2022-05-27,33,5,1,3,2,0
2022-05-28,23,4,2,3,1,3
2022-05-29,16,5,0,5,0,0
2022-05-30,27,5,1,5,0,2
2022-05-31,47,14,2,10,2,4
2022-06-01,33,6,3,5,0,1
2022-06-02,38,5,1,5,1,1
2022-06-03,53,11,3,10,3,1
2022-06-04,19,5,3,4,0,3
2022-06-05,20,5,1,3,1,1
2022-06-06,42,4,2,3,0,3
2022-06-07,55,10,4,7,1,1
2022-06-08,54,14,2,12,3,2
2022-06-09,47,10,6,5,4,2
2022-06-10,48,9,3,6,3,0
2022-06-11,15,5,0,5,0,1
2022-06-12,22,5,1,4,1,0
2022-06-13,45,4,3,4,1,2
2022-06-14,56,10,3,10,1,1
2022-06-15,67,20,5,11,10,3
2022-06-16,44,12,2,8,0,5
2022-06-17,51,11,2,8,1,2
2022-06-18,22,4,0,3,1,0
2022-06-19,13,4,1,3,0,1
2022-06-20,26,4,0,4,0,0
2022-06-21,58,15,3,11,0,6
2022-06-22,58,16,5,12,1,8
2022-06-23,72,17,9,15,2,4
2022-06-24,44,10,1,6,2,3
2022-06-25,18,1,1,1,0,0
2022-06-26,15,2,1,1,0,1
2022-06-27,46,2,0,1,0,1
2022-06-28,52,9,3,7,2,2
2022-06-29,51,10,3,7,1,2
2022-06-30,46,9,3,8,2,3
2022-07-01,40,7,4,6,1,2
2022-07-02,14,3,2,3,0,0
2022-07-03,16,1,0,1,0,0
2022-07-04,30,7,1,4,4,1
2022-07-05,54,13,5,10,1,3
2022-07-06,45,9,3,7,1,3
2022-07-07,44,8,2,7,0,4
2022-07-08,59,12,3,9,1,4
2022-07-09,17,2,1,1,0,0
2022-07-10,14,3,2,2,0,1
2022-07-11,36,5,2,4,1,1
2022-07-12,53,15,5,13,3,4
2022-07-13,42,7,4,6,2,2
2022-07-14,62,18,6,14,3,10
2022-07-15,44,6,3,6,1,3
2022-07-16,40,9,3,6,0,1
2022-07-17,24,10,3,8,0,3
2022-07-18,57,10,7,9,1,5
2022-07-19,54,13,5,11,1,4
2022-07-20,58,10,5,9,2,3
2022-07-21,49,12,3,11,0,2
2022-07-22,42,12,5,11,1,2
2022-07-23,18,2,0,2,0,0
2022-07-24,27,7,3,3,0,5
2022-07-25,44,9,3,7,2,0
2022-07-26,68,18,8,15,2,6
2022-07-27,49,9,3,8,1,4
2022-07-28,51,13,3,9,2,3
2022-07-29,48,11,6,6,3,2
2022-07-30,30,4,1,4,0,2
2022-07-31,25,4,1,3,0,2
2022-08-01,60,14,5,13,2,8
2022-08-02,60,12,6,11,1,4
2022-08-03,55,15,5,8,2,4
2022-08-04,60,16,9,12,2,8
2022-08-05,47,15,7,8,5,1
2022-08-06,12,1,0,1,0,1
2022-08-07,19,5,1,5,1,2
2022-08-08,51,10,6,10,1,5
2022-08-09,56,8,3,7,2,2
2022-08-10,55,16,4,10,1,4
2022-08-11,68,15,6,10,3,4
2022-08-12,41,10,1,10,0,1
2022-08-13,29,6,1,4,1,1
2022-08-14,20,5,4,4,2,3
2022-08-15,56,14,5,10,1,3
2022-08-16,64,21,8,19,2,5
2022-08-17,51,11,6,6,2,2
2022-08-18,66,15,8,10,6,5
2022-08-19,42,10,2,10,0,1
2022-08-20,32,6,1,5,0,1
2022-08-21,21,4,1,4,1,0
2022-08-22,56,11,4,7,4,3
2022-08-23,62,13,3,11,2,2
2022-08-24,53,6,0,5,0,1
2022-08-25,75,16,4,11,1,2
2022-08-26,65,18,8,12,4,7
2022-08-27,23,5,1,3,4,1
2022-08-28,19,3,2,1,0,2
2022-08-29,36,7,1,7,2,1
2022-08-30,47,11,2,10,2,0
2022-08-31,58,16,6,14,2,4
2022-09-01,51,16,4,14,4,3
2022-09-02,39,14,5,9,2,3
2022-09-03,21,3,1,3,2,0
2022-09-04,15,4,2,4,0,1
2022-09-05,26,5,2,4,1,1
2022-09-06,41,10,0,9,2,2
2022-09-07,51,11,5,9,2,3
2022-09-08,52,12,6,11,0,3
2022-09-09,30,9,3,6,2,5
2022-09-10,29,5,2,4,2,1
2022-09-11,22,6,0,5,1,4
2022-09-12,48,17,7,13,5,2
2022-09-13,46,13,7,10,2,3
2022-09-14,53,4,0,3,0,1
2022-09-15,48,12,1,9,0,4
2022-09-16,53,8,4,7,0,2
2022-09-17,13,4,0,4,0,2
2022-09-18,24,5,2,2,0,1
2022-09-19,47,11,2,10,1,3
2022-09-20,50,12,1,8,2,2
2022-09-21,55,13,4,10,0,6
2022-09-22,36,11,2,10,0,4
2022-09-23,51,8,2,5,0,5
2022-09-24,11,2,0,1,0,1
2022-09-25,18,2,2,1,0,0
2022-09-26,50,9,3,8,3,2
2022-09-27,53,12,2,8,2,5
2022-09-28,51,5,1,4,1,3
2022-09-29,68,16,4,15,2,6
2022-09-30,37,8,4,7,2,3
2022-10-01,34,4,1,4,0,1
2022-10-02,19,3,3,1,0,1
2022-10-03,47,10,3,8,1,4
2022-10-04,35,7,3,6,1,4
2022-10-05,55,13,6,10,1,5
2022-10-06,44,10,5,7,1,0
2022-10-07,48,10,5,8,3,0
2022-10-08,10,2,1,2,0,1
2022-10-09,17,2,0,2,0,0
2022-10-10,43,11,5,10,1,1
2022-10-11,49,9,4,6,4,2
2022-10-12,39,4,3,3,0,0
2022-10-13,54,9,3,9,3,2
2022-10-14,45,13,1,12,3,1
2022-10-15,21,5,1,5,0,1
2022-10-16,24,4,2,3,1,1
2022-10-17,40,9,3,8,2,0
2022-10-18,60,8,2,6,1,0
2022-10-19,48,8,4,7,0,3
2022-10-20,51,11,2,10,2,1
2022-10-21,51,15,6,11,5,7
2022-10-22,23,4,1,3,0,2
2022-10-23,18,6,4,5,0,1
2022-10-24,38,10,2,8,0,3
2022-10-25,69,23,10,20,3,10
2022-10-26,53,15,4,14,1,5
2022-10-27,49,9,2,8,1,3
2022-10-28,42,15,6,11,2,2
2022-10-29,26,4,2,2,1,2
2022-10-30,15,4,2,2,2,0
2022-10-31,48,16,5,11,2,3
2022-11-01,48,15,3,12,2,1
2022-11-02,42,8,2,8,0,3
2022-11-03,51,15,4,14,1,7
2022-11-04,62,16,4,12,2,1
2022-11-05,18,2,0,1,0,1
2022-11-06,26,6,1,5,0,1
2022-11-07,48,9,2,6,2,2
2022-11-08,50,6,2,5,2,1
2022-11-09,58,13,5,12,2,5
2022-11-10,62,15,3,9,5,5
2022-11-11,27,10,3,9,1,3
2022-11-12,20,1,1,1,0,1
2022-11-13,16,4,1,3,0,1
2022-11-14,46,13,5,11,3,6
2022-11-15,73,18,9,17,4,7
2022-11-16,51,16,8,13,2,4
2022-11-17,56,14,6,11,4,3
2022-11-18,45,10,4,7,2,1
2022-11-19,31,6,2,4,1,1
2022-11-20,16,6,1,5,2,0
2022-11-21,47,8,2,7,0,2
2022-11-22,48,15,3,12,3,3
2022-11-23,51,13,5,13,1,4
2022-11-24,20,3,0,2,1,0
2022-11-25,29,5,4,4,0,0
2022-11-26,15,2,1,2,1,1
2022-11-27,18,7,3,5,0,4
2022-11-28,34,5,2,3,2,1
2022-11-29,55,2,2,2,0,1
2022-11-30,57,17,7,14,5,1
2022-12-01,43,7,4,4,2,5
2022-12-02,47,12,3,10,2,3
2022-12-03,20,2,1,2,0,1
2022-12-04,20,5,2,2,3,1
2022-12-05,41,7,2,6,3,1
2022-12-06,50,16,5,15,3,3
2022-12-07,69,13,7,5,3,4
2022-12-08,52,13,1,9,1,6
2022-12-09,39,5,3,3,2,1
2022-12-10,21,4,1,3,1,0
2022-12-11,14,5,2,2,0,1
2022-12-12,49,8,1,7,0,1
2022-12-13,42,6,2,4,0,4
2022-12-14,43,12,5,8,1,2
2022-12-15,56,12,4,9,1,5
2022-12-16,38,8,4,7,1,0
2022-12-17,20,4,2,4,1,1
2022-12-18,15,4,2,4,1,1
2022-12-19,40,6,3,5,0,3
2022-12-20,46,11,2,10,0,2
2022-12-21,38,6,3,5,0,0
2022-12-22,44,8,7,7,2,2
2022-12-23,35,6,3,6,2,2
2022-12-24,14,3,2,3,0,3
2022-12-25,7,3,2,3,0,1
2022-12-26,27,8,6,7,3,5
2022-12-27,45,13,5,10,3,7
2022-12-28,27,7,2,6,1,0
2022-12-29,30,6,3,3,2,0
2022-12-30,37,4,2,3,1,0
2022-12-31,21,3,1,1,1,1
2023-01-01,18,0,0,0,0,0
2023-01-02,26,5,0,5,0,1
2023-01-03,51,11,6,8,2,3
2023-01-04,52,10,5,7,3,3
2023-01-05,48,13,4,12,1,3
2023-01-06,62,15,5,12,0,3
2023-01-07,13,3,1,3,0,2
2023-01-08,21,3,2,1,1,1
2023-01-09,47,12,7,7,0,4
2023-01-10,58,14,6,13,1,5
2023-01-11,44,8,2,8,0,2
2023-01-12,62,10,5,8,3,4
2023-01-13,55,12,3,9,0,1
2023-01-14,25,5,3,3,0,4
2023-01-15,28,9,5,8,3,4
2023-01-16,47,7,3,7,0,1
2023-01-17,46,10,2,10,1,3
2023-01-18,69,12,4,10,1,2
2023-01-19,61,15,3,13,4,3
2023-01-20,66,16,10,13,3,8
2023-01-21,28,6,2,5,1,2
2023-01-22,28,6,5,5,4,4
2023-01-23,55,18,3,17,0,5
2023-01-24,53,11,1,7,1,6
2023-01-25,68,23,6,15,2,7
2023-01-26,47,12,2,11,4,3
2023-01-27,42,12,4,9,1,1
2023-01-28,19,3,1,3,0,0
2023-01-29,22,8,2,4,0,3
2023-01-30,65,11,2,8,2,4
2023-01-31,50,14,6,12,1,7
2023-02-01,55,9,3,9,1,2
2023-02-02,72,22,2,18,2,4
2023-02-03,65,14,4,10,3,4
2023-02-04,22,8,3,6,2,1
2023-02-05,18,3,1,2,1,0
2023-02-06,59,4,1,3,2,1
2023-02-07,61,14,6,12,0,2
2023-02-08,55,14,8,10,3,3
2023-02-09,71,21,6,16,3,4
2023-02-10,46,14,2,13,1,3
2023-02-11,36,7,2,6,1,3
2023-02-12,18,3,2,3,0,1
2023-02-13,59,16,8,12,3,6
2023-02-14,60,15,7,14,1,6
2023-02-15,56,16,6,10,2,4
2023-02-16,68,19,5,18,2,9
2023-02-17,51,9,4,6,0,3
2023-02-18,20,6,2,5,1,3
2023-02-19,22,7,4,5,2,3
2023-02-20,45,17,3,17,3,2
2023-02-21,54,14,3,12,1,4
2023-02-22,68,15,5,13,1,5
2023-02-23,63,16,7,14,1,4
2023-02-24,56,11,4,9,3,1
2023-02-25,30,10,3,9,1,2
2023-02-26,25,9,4,8,1,4
2023-02-27,50,12,3,7,1,4
2023-02-28,53,9,5,8,2,0
2023-03-01,58,9,1,6,3,0
2023-03-02,68,17,8,16,5,3
2023-03-03,46,11,5,7,2,2
2023-03-04,24,8,3,5,1,5
2023-03-05,21,2,0,2,0,1
2023-03-06,44,11,3,10,1,2
2023-03-07,62,14,6,11,2,7
2023-03-08,64,11,0,11,2,2
2023-03-09,52,11,1,9,1,2
2023-03-10,58,10,2,8,1,4
2023-03-11,18,4,2,4,0,2
2023-03-12,25,5,2,3,1,1
2023-03-13,66,11,5,8,1,2
2023-03-14,35,8,5,5,3,2
2023-03-15,71,26,8,23,4,7
2023-03-16,50,15,1,13,2,2
2023-03-17,44,10,2,9,0,5
2023-03-18,25,8,3,8,2,3
2023-03-19,30,9,3,9,2,2
2023-03-20,60,14,6,10,3,4
2023-03-21,53,18,10,15,2,7
2023-03-22,61,12,4,6,3,5
2023-03-23,47,12,5,7,2,4
2023-03-24,48,10,1,8,2,1
2023-03-25,29,5,1,5,0,1
2023-03-26,16,6,1,4,0,2
2023-03-27,49,8,3,7,0,3
2023-03-28,61,12,9,8,1,5
2023-03-29,44,8,5,6,2,1
2023-03-30,62,9,1,6,2,1
2023-03-31,49,11,6,8,0,3
2023-04-01,15,4,0,4,0,1
2023-04-02,21,6,3,3,3,1
2023-04-03,62,13,6,10,3,4
2023-04-04,47,14,5,10,0,6
2023-04-05,52,18,5,11,2,3
2023-04-06,45,10,2,8,2,1
2023-04-07,39,8,3,6,2,2
2023-04-08,20,4,1,4,0,2
2023-04-09,7,2,0,2,0,1
2023-04-10,37,8,1,7,0,2
2023-04-11,47,11,4,9,3,1
2023-04-12,46,9,1,6,0,2
2023-04-13,50,10,4,8,2,1
2023-04-14,41,10,1,7,3,1
2023-04-15,21,3,0,3,0,1
2023-04-16,21,5,1,5,1,1
2023-04-17,48,7,1,7,0,1
2023-04-18,49,15,7,12,4,3
2023-04-19,58,13,5,7,3,4
2023-04-20,46,9,3,5,4,1
2023-04-21,52,16,5,12,3,2
2023-04-22,20,5,2,3,3,2
2023-04-23,21,3,0,3,1,0
2023-04-24,46,8,4,7,3,3
2023-04-25,49,13,3,12,2,4
2023-04-26,50,7,3,6,1,0
2023-04-27,55,10,3,6,1,3
2023-04-28,66,18,9,14,5,7
2023-04-29,14,2,0,2,0,1
2023-04-30,21,3,1,1,1,1
2023-05-01,52,7,1,4,1,3
2023-05-02,52,10,4,6,3,2
2023-05-03,56,9,0,8,3,1
2023-05-04,50,11,5,10,0,1
2023-05-05,59,14,4,9,1,4
2023-05-06,30,7,1,5,1,3
2023-05-07,21,5,1,3,0,3
2023-05-08,57,16,6,15,0,8
2023-05-09,54,11,4,10,3,1
2023-05-10,53,8,3,6,0,2
2023-05-11,48,10,2,7,3,2
2023-05-12,52,7,2,7,0,2
2023-05-13,21,4,0,2,0,2
2023-05-14,27,3,2,1,0,0
2023-05-15,41,5,2,5,0,1
2023-05-16,59,21,9,15,3,9
2023-05-17,60,13,7,10,2,2
2023-05-18,67,10,3,9,1,2
2023-05-19,46,8,4,7,0,2
2023-05-20,24,12,4,8,3,7
2023-05-21,15,6,2,5,1,0
2023-05-22,49,10,5,7,1,2
2023-05-23,56,12,5,10,2,4
2023-05-24,48,8,4,7,0,4
2023-05-25,55,7,1,7,0,1
2023-05-26,47,11,2,10,3,1
2023-05-27,13,2,0,2,0,0
2023-05-28,19,8,6,6,2,1
2023-05-29,29,6,2,6,1,1
2023-05-30,54,13,5,9,4,2
2023-05-31,60,14,3,13,1,4
2023-06-01,50,10,4,8,0,4
2023-06-02,51,15,3,13,1,5
2023-06-03,30,9,4,6,1,2
2023-06-04,11,3,0,3,0,0
2023-06-05,42,12,6,10,2,4
2023-06-06,44,16,3,13,2,6
2023-06-07,54,12,2,9,2,1
2023-06-08,50,7,0,7,0,0
2023-06-09,41,9,2,7,0,2
2023-06-10,20,8,1,6,1,1
2023-06-11,12,3,1,2,0,1
2023-06-12,33,4,1,4,0,1
2023-06-13,32,10,1,9,0,3
2023-06-14,41,9,2,5,3,1
2023-06-15,45,10,2,9,3,1
2023-06-16,46,14,2,14,1,3
2023-06-17,23,6,2,6,1,2
2023-06-18,13,4,1,2,1,1
2023-06-19,37,11,4,6,3,1
2023-06-20,37,15,3,13,3,3
2023-06-21,54,13,3,12,1,4
2023-06-22,43,12,8,9,2,4
2023-06-23,33,7,1,6,0,2
2023-06-24,19,10,3,6,2,0
2023-06-25,15,3,1,2,1,0
2023-06-26,48,9,2,7,1,1
2023-06-27,48,8,4,6,1,1
2023-06-28,46,11,4,9,0,2
2023-06-29,42,8,1,8,0,0
2023-06-30,39,11,5,8,2,6
2023-07-01,27,4,3,2,1,1
2023-07-02,27,6,1,5,1,0
2023-07-03,48,12,2,12,0,3
2023-07-04,42,9,2,8,2,2
2023-07-05,65,14,5,10,4,4
2023-07-06,58,7,5,5,2,2
2023-07-07,65,13,4,10,2,5
2023-07-08,28,6,2,5,0,2
2023-07-09,41,10,0,5,2,4
2023-07-10,74,18,3,14,1,10
2023-07-11,73,20,10,17,2,7
2023-07-12,57,11,2,10,1,2
2023-07-13,73,18,8,14,4,7
2023-07-14,54,13,6,11,3,5
2023-07-15,43,12,7,9,2,3
2023-07-16,32,6,2,3,2,1
2023-07-17,57,14,7,13,3,4
2023-07-18,52,10,1,7,3,1
2023-07-19,83,26,12,22,4,8
2023-07-20,83,17,7,15,0,5
2023-07-21,55,13,3,10,1,7
2023-07-22,23,3,1,3,1,2
2023-07-23,33,11,4,9,1,2
2023-07-24,60,15,9,10,5,6
2023-07-25,60,19,8,16,5,4
2023-07-26,54,15,4,9,4,5
2023-07-27,67,13,4,10,1,3
2023-07-28,49,12,4,12,1,3
2023-07-29,33,6,3,6,0,3
2023-07-30,35,8,5,7,1,2
2023-07-31,65,12,4,8,4,4
2023-08-01,60,13,5,8,5,5
2023-08-02,74,16,2,13,3,6
2023-08-03,52,13,2,12,0,2
2023-08-04,52,10,6,5,1,4
2023-08-05,27,8,3,8,0,2
2023-08-06,26,3,2,1,1,2
2023-08-07,67,15,4,14,2,6
2023-08-08,64,20,6,15,3,8
2023-08-09,69,23,6,16,4,7
2023-08-10,64,13,6,11,0,2
2023-08-11,64,15,4,13,1,2
2023-08-12,30,12,2,7,4,2
2023-08-13,31,5,0,4,1,1
2023-08-14,62,9,2,7,0,1
2023-08-15,63,12,2,10,2,1
2023-08-16,66,16,5,9,1,5
2023-08-17,57,18,3,17,1,3
2023-08-18,47,14,3,14,1,6
2023-08-19,36,12,4,9,2,5
2023-08-20,28,8,4,6,1,5
2023-08-21,56,9,2,6,1,3
2023-08-22,71,13,5,13,2,6
2023-08-23,58,21,9,14,6,9
2023-08-24,66,11,5,8,2,2
2023-08-25,44,8,3,7,3,1
2023-08-26,31,9,2,7,2,1
2023-08-27,24,7,3,5,1,1
2023-08-28,70,19,5,16,0,5
2023-08-29,55,13,7,10,2,4
2023-08-30,77,13,6,11,4,4
2023-08-31,81,23,8,18,3,6
2023-09-01,70,18,5,13,2,6
2023-09-02,28,7,0,5,1,2
2023-09-03,24,8,2,8,0,3
2023-09-04,54,12,6,8,0,7
2023-09-05,51,7,2,6,0,4
2023-09-06,69,15,4,13,2,4
2023-09-07,68,17,5,15,2,4
2023-09-08,66,18,10,13,1,7
2023-09-09,31,5,3,3,1,1
2023-09-10,30,5,3,5,0,2
2023-09-11,61,13,2,10,2,2
2023-09-12,57,12,3,6,2,5
2023-09-13,75,19,6,17,4,4
2023-09-14,93,23,8,17,4,7
2023-09-15,71,17,5,16,1,4
2023-09-16,38,10,2,9,4,2
2023-09-17,29,9,2,7,1,2
2023-09-18,71,16,8,9,2,10
2023-09-19,60,10,4,9,4,2
2023-09-20,65,14,3,12,1,1
2023-09-21,74,15,4,12,3,4
2023-09-22,66,14,5,13,2,3
2023-09-23,43,6,3,5,0,4
2023-09-24,31,3,2,3,1,2
2023-09-25,84,19,3,13,4,2
2023-09-26,56,9,3,7,3,5
2023-09-27,61,14,4,12,0,2
2023-09-28,69,13,5,10,2,2
2023-09-29,68,15,6,14,0,7
2023-09-30,34,8,2,5,1,2
2023-10-01,34,8,4,8,2,5
2023-10-02,47,9,2,7,1,4
2023-10-03,63,17,3,11,6,4
2023-10-04,80,12,3,9,2,4
2023-10-05,65,23,7,21,3,8
2023-10-06,62,19,7,13,3,6
2023-10-07,33,6,2,4,1,2
2023-10-08,23,7,2,6,0,3
2023-10-09,60,17,8,10,1,6
2023-10-10,71,10,3,6,2,4
2023-10-11,55,7,1,6,0,3
2023-10-12,53,10,3,9,1,0
2023-10-13,54,11,2,10,1,2
2023-10-14,28,8,5,8,1,1
2023-10-15,30,4,2,4,0,1
2023-10-16,65,14,5,12,2,1
2023-10-17,63,11,1,8,1,4
2023-10-18,74,16,5,13,1,9
2023-10-19,61,15,6,14,0,6
2023-10-20,53,11,9,8,1,6
2023-10-21,31,4,1,4,0,2
2023-10-22,32,7,2,6,0,5
2023-10-23,62,11,3,9,0,3
2023-10-24,67,16,6,14,2,5
2023-10-25,66,18,7,15,5,4
2023-10-26,66,16,5,13,2,4
2023-10-27,72,17,6,14,1,3
2023-10-28,42,11,4,9,0,3
2023-10-29,23,9,4,9,0,3
2023-10-30,65,17,6,13,1,2
2023-10-31,65,20,8,17,2,9
2023-11-01,55,10,3,8,1,1
2023-11-02,68,16,8,12,1,3
2023-11-03,57,16,4,13,3,2
2023-11-04,22,4,1,4,0,1
2023-11-05,28,8,4,7,1,2
2023-11-06,55,14,1,14,1,3
2023-11-07,69,14,5,8,3,4
2023-11-08,81,18,8,13,1,5
2023-11-09,52,9,2,8,3,1
2023-11-10,64,11,3,9,1,2
2023-11-11,32,7,0,4,1,3
2023-11-12,26,4,1,4,0,0
2023-11-13,60,13,1,7,3,2
2023-11-14,69,15,4,15,0,3
2023-11-15,73,7,2,6,0,1
2023-11-16,88,15,2,9,2,5
2023-11-17,48,15,4,11,5,5
2023-11-18,33,9,4,8,2,2
2023-11-19,27,6,1,5,0,1
2023-11-20,52,12,3,6,5,2
2023-11-21,64,12,3,10,2,4
2023-11-22,63,18,5,16,4,4
2023-11-23,31,6,1,6,1,2
2023-11-24,31,8,3,5,0,4
2023-11-25,36,15,6,9,2,5
2023-11-26,24,4,0,4,0,0
2023-11-27,53,9,2,5,1,4
2023-11-28,53,13,4,8,0,5
2023-11-29,67,12,2,10,1,2
2023-11-30,60,13,4,8,4,3
2023-12-01,54,9,1,7,0,4
2023-12-02,39,10,4,7,3,8
2023-12-03,31,4,1,3,0,1
2023-12-04,57,10,0,8,0,2
2023-12-05,60,10,1,9,2,1
2023-12-06,65,10,3,8,1,1
2023-12-07,63,15,4,11,2,4
2023-12-08,54,12,7,8,1,6
2023-12-09,28,3,1,2,1,0
2023-12-10,21,4,0,3,1,1
2023-12-11,57,8,3,5,0,5
2023-12-12,65,13,3,12,2,6
2023-12-13,79,19,8,14,5,6
2023-12-14,64,15,2,13,0,3
2023-12-15,57,10,1,9,1,2
2023-12-16,24,3,1,3,0,1
2023-12-17,30,5,1,3,2,1
2023-12-18,44,7,4,5,1,1
2023-12-19,46,7,0,6,1,0
2023-12-20,71,18,7,14,2,3
2023-12-21,52,11,1,9,2,2
2023-12-22,49,9,2,9,0,1
2023-12-23,28,4,1,4,1,1
2023-12-24,12,4,2,3,3,2
2023-12-25,23,6,4,2,4,1
2023-12-26,34,8,4,6,1,3
2023-12-27,44,9,3,9,2,3
2023-12-28,56,13,4,13,1,3
2023-12-29,31,7,2,5,1,5
2023-12-30,29,7,2,7,0,2
2023-12-31,24,4,2,4,0,1
2024-01-01,17,3,2,3,0,2
2024-01-02,41,7,2,5,3,2
2024-01-03,68,12,5,7,0,4
2024-01-04,79,21,7,17,3,6
2024-01-05,51,9,2,8,0,4
2024-01-06,23,3,0,3,0,0
2024-01-07,45,12,7,9,3,4
2024-01-08,55,11,4,10,0,3
2024-01-09,75,17,6,15,4,7
2024-01-10,78,14,5,13,3,6
2024-01-11,64,16,3,14,1,5
2024-01-12,75,13,3,12,1,2
2024-01-13,44,6,4,5,0,1
2024-01-14,35,5,1,3,1,1
2024-01-15,53,10,4,9,1,2
2024-01-16,66,18,3,16,3,4
2024-01-17,76,11,2,9,1,4
2024-01-18,81,20,7,15,6,5
2024-01-19,67,19,3,13,3,5
2024-01-20,38,4,1,2,0,2
2024-01-21,30,6,6,3,0,4
2024-01-22,77,16,4,12,3,5
2024-01-23,78,11,4,8,0,6
2024-01-24,72,7,2,7,1,1
2024-01-25,76,12,7,7,6,1
2024-01-26,91,18,5,13,2,4
2024-01-27,27,9,5,7,2,3
2024-01-28,36,14,4,12,0,8
2024-01-29,70,10,4,8,1,2
2024-01-30,75,18,5,17,1,9
2024-01-31,73,16,4,11,2,6
2024-02-01,84,22,5,18,4,4
2024-02-02,63,19,3,17,3,5
2024-02-03,40,6,2,4,3,1
2024-02-04,44,7,1,6,2,2
2024-02-05,69,18,7,14,4,5
2024-02-06,72,14,7,9,2,7
2024-02-07,93,26,9,22,3,9
2024-02-08,78,15,3,11,5,3
2024-02-09,74,12,3,11,2,1
2024-02-10,36,10,3,6,2,5
2024-02-11,41,8,1,6,0,4
2024-02-12,71,11,5,7,1,7
2024-02-13,73,22,4,18,4,7
2024-02-14,85,14,7,11,3,3
2024-02-15,79,14,5,12,4,3
2024-02-16,77,19,5,15,5,5
2024-02-17,49,8,2,5,2,4
2024-02-18,32,2,0,2,0,0
2024-02-19,60,13,2,10,2,5
2024-02-20,83,15,4,13,2,2
2024-02-21,58,13,5,10,1,7
2024-02-22,70,15,7,12,3,8
2024-02-23,66,14,5,13,1,1
2024-02-24,34,6,3,4,2,1
2024-02-25,38,6,3,5,0,3
2024-02-26,78,19,9,16,0,9
2024-02-27,75,20,6,17,3,7
2024-02-28,68,16,4,12,0,4
2024-02-29,66,11,2,10,1,1
2024-03-01,69,17,5,11,4,2
2024-03-02,31,5,3,4,1,1
2024-03-03,41,5,1,4,1,3
2024-03-04,59,12,7,8,1,5
2024-03-05,102,23,7,19,6,6
2024-03-06,77,21,7,14,7,7
2024-03-07,83,21,4,18,2,9
2024-03-08,62,11,2,9,0,4
2024-03-09,28,5,3,4,0,2
2024-03-10,30,3,2,2,1,0
2024-03-11,67,13,8,7,2,4
2024-03-12,70,12,3,9,0,5
2024-03-13,83,16,12,10,1,10
2024-03-14,83,16,5,13,2,4
2024-03-15,86,21,9,17,5,6
2024-03-16,30,5,1,4,1,1
2024-03-17,25,6,2,3,3,2
2024-03-18,62,11,5,9,3,4
2024-03-19,74,19,6,16,4,7
2024-03-20,78,18,6,16,1,6
2024-03-21,75,17,4,16,1,5
2024-03-22,66,15,5,13,4,6
2024-03-23,37,3,1,3,0,1
2024-03-24,40,6,2,6,0,1
2024-03-25,68,18,1,17,0,3
2024-03-26,58,14,5,12,1,3
2024-03-27,67,20,8,17,4,5
2024-03-28,65,14,4,13,2,4
2024-03-29,52,14,4,11,2,4
2024-03-30,32,6,1,4,2,1
2024-03-31,21,5,2,4,0,2
2024-04-01,55,11,1,7,2,4
2024-04-02,100,26,7,21,6,9
2024-04-03,86,24,10,23,5,9
2024-04-04,76,20,7,15,2,7
2024-04-05,60,16,6,14,2,4
2024-04-06,42,13,5,11,2,3
2024-04-07,34,11,5,6,3,4
2024-04-08,72,20,2,18,1,5
2024-04-09,61,12,5,10,4,1
2024-04-10,65,19,7,19,2,4
2024-04-11,70,18,7,15,3,4
2024-04-12,70,11,6,11,1,3
2024-04-13,42,12,3,12,3,4
2024-04-14,34,9,0,4,1,5
2024-04-15,78,13,5,12,0,6
2024-04-16,55,15,6,14,1,2
2024-04-17,82,20,3,14,5,5
2024-04-18,95,20,6,17,3,6
2024-04-19,65,21,8,18,4,7
2024-04-20,35,9,2,6,2,2
2024-04-21,31,5,1,5,0,1
2024-04-22,73,11,5,6,3,2
2024-04-23,80,17,3,12,5,2
2024-04-24,95,21,5,16,0,9
2024-04-25,75,12,4,11,1,2
2024-04-26,61,10,3,8,3,2
2024-04-27,26,11,2,11,0,3
2024-04-28,30,9,1,7,0,2
2024-04-29,54,9,3,7,2,2
2024-04-30,75,24,8,20,0,14
2024-05-01,73,14,7,11,2,5
2024-05-02,73,22,5,19,4,4
2024-05-03,52,9,5,8,1,2
2024-05-04,36,13,2,11,2,7
2024-05-05,26,4,2,1,0,4
2024-05-06,60,10,2,10,3,0
2024-05-07,77,14,5,14,1,5
2024-05-08,67,10,2,7,1,2
2024-05-09,63,17,7,13,3,3
2024-05-10,66,15,7,13,2,6
2024-05-11,32,11,3,8,1,5
2024-05-12,21,1,1,1,0,1
2024-05-13,67,7,3,5,1,1
2024-05-14,64,14,6,12,1,5
2024-05-15,85,23,8,19,3,11
2024-05-16,76,17,3,14,3,1
2024-05-17,66,19,7,14,2,8
2024-05-18,31,5,2,4,2,4
2024-05-19,32,6,1,4,0,2
2024-05-20,62,10,1,7,1,2
2024-05-21,76,19,3,15,5,6
2024-05-22,82,23,10,20,0,7
2024-05-23,56,6,1,5,1,3
2024-05-24,55,10,2,8,1,0
2024-05-25,16,2,0,2,0,1
2024-05-26,28,4,3,4,0,2
2024-05-27,52,8,4,5,0,3
2024-05-28,78,14,7,11,3,1
2024-05-29,68,17,5,14,2,2
2024-05-30,72,18,7,13,1,7
2024-05-31,69,16,6,10,3,3
2024-06-01,37,9,5,7,3,2
2024-06-02,33,7,1,5,0,3
2024-06-03,80,17,9,15,0,6
2024-06-04,65,14,4,11,2,4
2024-06-05,68,17,5,15,2,3
2024-06-06,79,19,6,17,1,4
2024-06-07,58,7,2,5,1,2
2024-06-08,25,4,2,3,0,2
2024-06-09,22,6,0,4,1,2
2024-06-10,70,16,2,12,1,7
2024-06-11,77,21,8,16,3,7
2024-06-12,74,15,7,13,3,4
2024-06-13,66,16,9,14,4,4
2024-06-14,62,17,6,15,2,5
2024-06-15,27,5,1,5,0,3
2024-06-16,31,7,4,6,0,2
2024-06-17,47,10,2,7,4,2
2024-06-18,35,5,2,5,0,3
2024-06-19,67,10,2,5,3,2
2024-06-20,60,14,5,11,1,4
2024-06-21,56,12,3,9,1,3
2024-06-22,25,7,3,5,1,1
2024-06-23,32,6,0,6,0,1
2024-06-24,65,12,7,11,1,7
2024-06-25,63,18,6,16,0,7
2024-06-26,64,16,4,12,2,2
2024-06-27,70,7,0,5,1,3
2024-06-28,55,14,8,9,2,5
2024-06-29,31,6,3,5,1,2
2024-06-30,30,8,2,7,0,3
2024-07-01,54,17,9,16,4,8
2024-07-02,59,16,4,13,0,4
2024-07-03,59,14,4,12,0,3
2024-07-04,34,3,1,2,1,1
2024-07-05,48,6,0,4,1,1
2024-07-06,21,7,0,4,0,4
2024-07-07,28,6,1,5,0,3
2024-07-08,64,16,5,14,1,2
2024-07-09,66,12,4,11,2,4
2024-07-10,77,19,7,15,6,5
2024-07-11,54,14,4,6,4,8
2024-07-12,71,19,4,15,3,3
2024-07-13,31,6,3,5,1,2
2024-07-14,19,2,2,2,0,1
2024-07-15,47,13,3,11,1,5
2024-07-16,85,17,5,13,3,4
2024-07-17,77,16,5,13,1,2
2024-07-18,69,21,6,16,4,5
2024-07-19,72,18,9,12,2,3
2024-07-20,68,21,5,17,1,5
2024-07-21,42,12,4,9,1,4
2024-07-22,68,14,4,9,0,6
2024-07-23,71,15,7,11,1,5
2024-07-24,76,18,5,17,2,6
2024-07-25,83,19,9,14,4,7
2024-07-26,57,19,6,18,2,5
2024-07-27,33,9,3,9,0,3
2024-07-28,28,7,2,3,3,2
2024-07-29,81,20,7,15,5,6
2024-07-30,74,13,10,10,3,3
2024-07-31,52,15,6,11,1,5
2024-08-01,70,23,8,17,2,3
2024-08-02,57,6,2,3,1,1
2024-08-03,26,3,3,2,1,1
2024-08-04,40,9,3,8,0,3
2024-08-05,71,13,4,9,2,6
2024-08-06,72,17,4,15,1,3
2024-08-07,76,16,2,13,2,4
2024-08-08,74,19,7,16,1,3
2024-08-09,46,9,3,6,2,2
2024-08-10,31,6,2,5,0,1
2024-08-11,28,9,5,8,0,5
2024-08-12,65,12,2,11,0,3
2024-08-13,78,23,9,20,4,5
2024-08-14,64,14,6,11,2,4
2024-08-15,63,16,5,14,4,0
2024-08-16,45,11,3,10,2,4
2024-08-17,32,4,3,3,3,0
2024-08-18,41,10,4,8,0,3
2024-08-19,73,15,3,14,2,5
2024-08-20,72,15,4,9,2,8
2024-08-21,66,11,5,9,0,2
2024-08-22,73,19,5,15,2,4
2024-08-23,70,18,6,15,2,5
2024-08-24,36,10,3,9,0,3
2024-08-25,29,9,6,9,2,5
2024-08-26,60,10,4,9,2,0
2024-08-27,83,20,6,17,5,3
2024-08-28,81,18,4,15,2,6
2024-08-29,75,20,6,12,6,5
2024-08-30,66,9,2,8,0,2
2024-08-31,30,5,0,3,0,2
2024-09-01,29,7,3,6,0,5
2024-09-02,44,8,2,8,1,0
2024-09-03,66,10,2,9,1,2
2024-09-04,81,16,8,14,1,6
2024-09-05,76,15,6,11,3,5
2024-09-06,71,18,3,17,2,3
2024-09-07,38,10,4,8,1,1
2024-09-08,38,8,3,6,0,3
2024-09-09,54,13,2,9,2,2
2024-09-10,64,12,5,9,3,4
2024-09-11,65,11,4,10,5,4
2024-09-12,70,8,3,6,1,2
2024-09-13,69,15,3,10,6,4
2024-09-14,21,4,1,3,1,2
2024-09-15,26,3,0,3,0,2
2024-09-16,60,11,6,10,1,9
2024-09-17,86,17,4,16,0,6
2024-09-18,72,17,4,17,2,4
2024-09-19,73,11,3,10,0,5
2024-09-20,53,10,3,7,3,3
2024-09-21,32,10,4,8,3,3
2024-09-22,33,11,2,9,1,2
2024-09-23,47,6,0,6,0,2
2024-09-24,76,16,5,11,1,9
2024-09-25,65,12,5,8,2,2
2024-09-26,54,8,4,6,0,3
2024-09-27,61,11,4,6,2,3
2024-09-28,24,5,1,5,1,0
2024-09-29,30,5,1,4,0,2
2024-09-30,63,15,7,12,2,4
2024-10-01,62,10,5,7,0,8
2024-10-02,67,10,3,8,1,2
2024-10-03,60,13,2,11,2,3
2024-10-04,58,12,2,10,1,5
2024-10-05,24,4,1,4,0,0
2024-10-06,27,4,1,3,1,0
2024-10-07,59,16,6,10,3,6
2024-10-08,70,24,8,19,5,10
2024-10-09,75,16,6,15,0,6
2024-10-10,62,13,1,11,2,2
2024-10-11,46,12,4,10,2,3
2024-10-12,29,6,3,5,2,2
2024-10-13,28,4,1,3,0,1
2024-10-14,52,8,5,4,1,5
2024-10-15,55,9,2,7,1,2
2024-10-16,65,15,1,14,1,8
2024-10-17,75,16,4,11,4,7
2024-10-18,61,18,7,17,3,4
2024-10-19,20,4,0,3,0,1
2024-10-20,29,9,3,7,2,1
2024-10-21,63,11,3,7,3,2
2024-10-22,77,18,6,16,1,7
2024-10-23,69,14,3,11,2,3
2024-10-24,72,12,3,11,1,4
2024-10-25,74,16,6,12,3,6
2024-10-26,21,9,1,6,2,1
2024-10-27,21,2,1,2,1,0
2024-10-28,76,16,6,12,3,9
2024-10-29,71,25,6,22,2,6
2024-10-30,66,15,2,10,2,5
2024-10-31,45,12,8,7,4,2
2024-11-01,44,9,3,9,1,2
2024-11-02,19,4,2,3,1,2
2024-11-03,43,6,5,5,1,2
2024-11-04,50,9,2,7,1,6
2024-11-05,52,13,5,10,5,3
2024-11-06,67,17,6,17,1,5
2024-11-07,46,6,2,6,0,2
2024-11-08,56,11,5,7,0,4
2024-11-09,32,7,2,4,1,4
2024-11-10,17,5,1,3,1,1
2024-11-11,59,10,3,10,0,0
2024-11-12,64,10,4,8,0,1
2024-11-13,71,14,8,10,1,6
2024-11-14,70,11,0,11,1,2
2024-11-15,51,8,3,4,1,2
2024-11-16,31,6,1,6,1,3
2024-11-17,24,4,2,2,0,2
2024-11-18,52,12,3,7,0,3
2024-11-19,70,17,7,15,1,6
2024-11-20,63,20,11,17,5,10
2024-11-21,51,15,3,12,4,3
2024-11-22,58,16,6,16,2,5
2024-11-23,42,7,3,5,0,1
2024-11-24,31,3,0,1,2,0
2024-11-25,52,7,2,7,3,0
2024-11-26,45,8,2,6,1,4
2024-11-27,35,4,0,4,0,0
2024-11-28,29,6,1,5,0,1
2024-11-29,36,14,5,8,1,7
2024-11-30,23,2,0,1,0,1
2024-12-01,26,6,0,5,2,0
2024-12-02,47,12,6,9,3,3
2024-12-03,55,13,5,11,3,4
2024-12-04,59,12,6,10,2,4
2024-12-05,62,16,5,15,1,8
2024-12-06,48,9,5,6,2,2
2024-12-07,35,9,5,8,1,4
2024-12-08,33,4,1,4,0,2
2024-12-09,60,12,5,11,1,1
2024-12-10,55,6,2,4,0,2
2024-12-11,61,11,2,10,0,4
2024-12-12,69,13,7,10,2,6
2024-12-13,65,16,1,14,2,2
2024-12-14,18,6,4,4,0,4
2024-12-15,24,3,0,2,1,1
2024-12-16,52,11,4,8,2,4
2024-12-17,43,15,4,14,2,7
2024-12-18,62,14,5,7,3,4
2024-12-19,53,11,3,9,1,4
2024-12-20,53,15,5,15,0,3
2024-12-21,26,4,1,4,0,1
2024-12-22,16,3,0,2,0,1
2024-12-23,48,6,3,5,1,2
2024-12-24,19,8,5,8,0,2
2024-12-25,12,1,0,1,0,0
2024-12-26,30,5,2,2,1,0
2024-12-27,23,5,1,3,1,0
2024-12-28,21,4,0,3,0,2
2024-12-29,20,3,1,2,1,1
2024-12-30,35,5,1,4,1,0
2024-12-31,39,9,2,8,0,5
2025-01-01,24,3,0,2,1,0
2025-01-02,46,8,3,5,2,2
2025-01-03,54,13,5,10,0,8
2025-01-04,27,5,3,2,1,0
2025-01-05,24,1,0,1,0,0
2025-01-06,65,14,4,11,4,3
2025-01-07,68,18,4,12,4,5
2025-01-08,71,22,10,15,5,7
2025-01-09,62,19,9,14,0,3
2025-01-10,66,18,3,15,1,6
2025-01-11,35,7,1,5,3,0
2025-01-12,40,11,4,7,2,1
2025-01-13,76,20,6,15,2,7
2025-01-14,67,11,6,8,4,3
2025-01-15,77,15,2,11,3,3
2025-01-16,74,23,9,18,3,3
2025-01-17,67,27,6,21,6,8
2025-01-18,32,5,3,4,1,0
2025-01-19,30,7,2,5,1,1
2025-01-20,62,14,3,11,1,4
2025-01-21,70,14,4,11,1,2
2025-01-22,64,15,6,12,4,2
2025-01-23,72,11,2,10,1,2
2025-01-24,62,16,2,13,4,2
2025-01-25,31,6,3,5,0,2
2025-01-26,36,6,1,4,2,2
2025-01-27,69,14,7,10,0,8
2025-01-28,82,16,4,15,2,3
2025-01-29,74,13,3,11,0,4
2025-01-30,70,13,4,10,1,3
2025-01-31,65,16,6,13,5,6
2025-02-01,34,6,4,5,3,1
2025-02-02,41,13,5,11,1,3
2025-02-03,80,17,6,14,1,3
2025-02-04,91,17,6,12,2,2
2025-02-05,69,14,5,11,3,2
2025-02-06,91,16,8,12,3,4
2025-02-07,69,17,8,15,2,3
2025-02-08,40,10,3,9,3,4
2025-02-09,23,5,1,3,2,1
2025-02-10,45,6,3,4,0,1
2025-02-11,58,13,4,11,2,4
2025-02-12,67,13,2,11,2,4
2025-02-13,78,12,2,9,0,2
2025-02-14,50,13,7,10,1,1
2025-02-15,41,9,1,6,2,4
2025-02-16,32,7,3,7,1,3
2025-02-17,66,16,8,12,1,4
2025-02-18,77,14,3,12,1,3
2025-02-19,72,14,6,12,1,4
2025-02-20,65,10,1,9,1,4
2025-02-21,58,20,8,16,3,7
2025-02-22,30,4,0,2,0,2
2025-02-23,28,3,1,3,0,0
2025-02-24,58,9,4,7,2,6
2025-02-25,76,12,6,9,0,3
2025-02-26,71,12,4,11,0,3
2025-02-27,83,21,6,19,4,4
2025-02-28,68,19,9,17,0,11
2025-03-01,32,11,4,8,1,6
2025-03-02,40,13,6,12,0,1
2025-03-03,69,12,2,8,3,2
2025-03-04,67,10,2,9,0,0
2025-03-05,73,12,4,10,3,4
2025-03-06,71,12,3,9,3,4
2025-03-07,63,8,4,7,0,4
2025-03-08,24,2,0,2,0,1
2025-03-09,38,8,1,7,1,3
2025-03-10,66,12,4,10,1,2
2025-03-11,67,10,4,10,0,3
2025-03-12,65,20,9,14,3,4
2025-03-13,66,12,5,10,1,3
2025-03-14,51,6,1,6,0,2
2025-03-15,32,7,2,6,1,1
2025-03-16,31,6,1,6,0,2
2025-03-17,75,19,4,17,4,4
2025-03-18,70,15,6,15,2,2
2025-03-19,58,9,5,7,0,3
2025-03-20,78,20,6,17,1,7
2025-03-21,44,9,3,6,0,4
2025-03-22,40,4,3,2,1,0
2025-03-23,42,10,3,9,1,0
2025-03-24,70,19,9,18,2,7
2025-03-25,72,17,6,15,2,5
2025-03-26,64,15,6,13,3,6
2025-03-27,73,14,6,11,1,5
2025-03-28,66,11,2,11,2,0
2025-03-29,20,4,1,4,1,0
2025-03-30,25,4,1,2,0,2
2025-03-31,60,11,4,8,2,1
2025-04-01,68,10,5,7,3,5
2025-04-02,80,16,4,16,1,2
2025-04-03,76,15,3,10,1,6
2025-04-04,65,14,5,14,3,3
2025-04-05,29,6,0,6,0,2
2025-04-06,36,7,2,6,0,4
2025-04-07,58,14,2,12,2,5
2025-04-08,73,17,7,13,1,5
2025-04-09,64,16,5,11,1,1
2025-04-10,82,22,15,16,5,7
2025-04-11,67,18,8,17,2,6
2025-04-12,38,13,6,12,5,6
2025-04-13,33,4,1,3,1,0
2025-04-14,63,10,5,7,1,4
2025-04-15,73,17,7,14,4,4
2025-04-16,74,23,3,20,2,6
2025-04-17,62,12,2,10,2,2
2025-04-18,45,6,1,4,0,2
2025-04-19,24,3,1,3,0,1
2025-04-20,35,5,2,4,0,1
2025-04-21,43,11,6,10,1,6
2025-04-22,56,13,5,10,2,5
2025-04-23,79,19,5,16,4,8
2025-04-24,53,13,5,12,1,2
2025-04-25,50,12,7,12,1,2
2025-04-26,22,5,0,5,0,1
2025-04-27,27,5,1,5,0,1
2025-04-28,54,12,7,9,3,3
2025-04-29,61,31,9,28,6,12
2025-04-30,69,20,6,17,1,7
2025-05-01,59,15,4,11,2,9
2025-05-02,59,9,4,8,1,5
2025-05-03,21,7,2,5,1,1
2025-05-04,29,6,3,5,1,2
2025-05-05,58,11,7,7,4,3
2025-05-06,73,23,11,17,5,10
2025-05-07,77,15,3,15,1,2
2025-05-08,54,11,3,6,1,4
2025-05-09,61,17,3,15,1,3
2025-05-10,24,9,2,7,2,3
2025-05-11,33,9,1,6,3,1
2025-05-12,64,12,5,9,3,3
2025-05-13,50,10,2,10,1,2
2025-05-14,63,12,4,10,0,5
2025-05-15,54,10,3,9,2,4
2025-05-16,56,14,4,13,0,3
2025-05-17,31,2,2,1,0,0
2025-05-18,25,4,1,2,0,2
2025-05-19,64,9,5,6,2,4
2025-05-20,69,17,6,14,2,6
2025-05-21,101,19,8,16,3,3
2025-05-22,73,13,2,13,0,4
2025-05-23,53,10,3,9,2,1
2025-05-24,26,4,0,4,0,1
2025-05-25,28,4,3,3,1,1
2025-05-26,49,15,6,11,5,8
2025-05-27,74,23,5,16,5,6
2025-05-28,75,16,3,16,1,4
2025-05-29,69,16,6,14,2,8
2025-05-30,73,13,4,10,2,3
2025-05-31,32,6,2,3,2,2
2025-06-01,34,3,2,3,0,1
2025-06-02,59,9,5,9,0,3
2025-06-03,69,19,10,14,2,6
2025-06-04,79,16,3,15,0,3
2025-06-05,68,21,7,17,4,3
2025-06-06,70,20,9,17,5,5
2025-06-07,33,9,1,9,1,2
2025-06-08,33,6,3,6,2,4
2025-06-09,63,11,6,9,1,5
2025-06-10,69,13,7,10,1,5
2025-06-11,71,17,7,14,1,4
2025-06-12,70,17,8,11,2,3
2025-06-13,47,10,1,10,1,0
2025-06-14,32,12,5,9,0,4
2025-06-15,27,5,3,5,1,1
2025-06-16,69,17,4,16,3,0
2025-06-17,73,18,5,15,3,4
2025-06-18,99,24,12,20,9,7
2025-06-19,58,5,3,4,2,0
2025-06-20,66,9,1,5,4,2
2025-06-21,41,11,6,9,1,5
2025-06-22,40,8,3,5,2,2
2025-06-23,74,20,9,14,4,9
2025-06-24,59,10,4,6,1,3
2025-06-25,62,9,2,6,1,2
2025-06-26,68,20,6,17,2,2
2025-06-27,56,18,7,13,1,4
2025-06-28,39,5,0,3,2,0
2025-06-29,32,8,2,8,0,2
2025-06-30,54,13,7,8,4,4
2025-07-01,77,22,6,16,6,3
2025-07-02,66,9,3,6,1,4
2025-07-03,66,12,4,9,0,4
2025-07-04,33,7,0,6,1,0
2025-07-05,30,8,4,6,3,4
2025-07-06,39,9,2,5,2,3
2025-07-07,58,10,3,9,1,4
2025-07-08,70,18,4,14,3,7
2025-07-09,74,19,4,16,1,5
2025-07-10,56,11,2,8,0,6
2025-07-11,65,16,2,13,0,7
2025-07-12,24,5,2,2,2,4
2025-07-13,29,2,1,1,0,1
2025-07-14,59,16,7,16,4,9
2025-07-15,62,13,6,11,2,3
2025-07-16,71,23,7,15,7,7
2025-07-17,64,17,9,13,1,5
2025-07-18,49,9,3,4,1,6
2025-07-19,44,9,3,6,2,2
2025-07-20,26,6,4,4,1,2
2025-07-21,55,18,3,14,3,5
2025-07-22,73,15,2,12,3,2
2025-07-23,73,25,9,20,4,6
2025-07-24,78,14,4,13,1,3
2025-07-25,52,16,4,10,2,6
2025-07-26,28,4,1,2,3,0
2025-07-27,43,13,6,12,2,7
2025-07-28,58,7,3,4,4,3
2025-07-29,63,14,7,9,1,7
2025-07-30,75,13,3,9,3,5
2025-07-31,75,21,10,15,4,5
2025-08-01,64,12,3,8,2,5
2025-08-02,48,8,3,8,1,4
2025-08-03,29,4,1,4,1,1
2025-08-04,60,13,3,12,1,6
2025-08-05,70,15,7,12,4,5
2025-08-06,63,10,0,10,0,6
2025-08-07,75,17,7,14,3,6
2025-08-08,49,9,5,6,2,3
2025-08-09,26,6,3,5,2,1
2025-08-10,22,6,1,4,1,2
2025-08-11,55,12,3,11,0,4
2025-08-12,58,16,4,14,1,5
2025-08-13,69,16,7,11,2,6
2025-08-14,72,16,5,12,3,5
2025-08-15,67,12,4,9,2,2
2025-08-16,35,5,2,4,0,3
2025-08-17,41,7,4,6,0,3
2025-08-18,64,18,3,16,2,2
2025-08-19,64,17,6,16,3,4
2025-08-20,60,12,4,10,3,2
2025-08-21,74,15,6,12,4,4
2025-08-22,58,11,8,9,2,7
2025-08-23,39,6,4,5,2,1
2025-08-24,34,7,2,6,0,1
2025-08-25,65,13,3,11,1,3
2025-08-26,58,21,7,15,1,5
2025-08-27,60,16,5,10,4,4
2025-08-28,64,16,2,14,5,4
2025-08-29,60,18,6,15,0,4
2025-08-30,35,10,2,5,5,1
2025-08-31,44,19,6,13,2,11
2025-09-01,59,11,4,9,1,4
2025-09-02,62,15,7,11,3,4
2025-09-03,68,12,8,10,3,5
2025-09-04,66,20,11,15,3,8
2025-09-05,61,12,2,9,3,1
2025-09-06,29,6,3,3,1,4
2025-09-07,35,11,3,8,2,3
2025-09-08,67,13,5,11,2,8
2025-09-09,61,14,6,12,1,9
2025-09-10,56,18,10,13,3,6
2025-09-11,71,20,5,18,0,6
2025-09-12,46,9,3,8,3,0
2025-09-13,25,7,4,6,2,4
2025-09-14,38,6,2,5,2,1
2025-09-15,61,9,3,8,1,2
2025-09-16,59,12,3,9,3,5
2025-09-17,70,11,4,8,5,4
2025-09-18,81,18,5,15,2,7
2025-09-19,62,8,1,6,1,2
2025-09-20,30,5,1,5,0,0
2025-09-21,36,8,2,6,0,0
2025-09-22,76,13,7,12,1,1
2025-09-23,67,18,3,14,2,3
2025-09-24,81,14,4,10,1,5
2025-09-25,64,10,4,8,1,5
2025-09-26,42,8,4,4,2,2
2025-09-27,31,6,1,5,1,1
2025-09-28,22,3,0,3,0,0
2025-09-29,47,12,7,10,3,5
2025-09-30,73,19,5,15,5,5
2025-10-01,54,13,4,10,3,1
2025-10-02,74,16,8,13,2,9
2025-10-03,66,12,5,9,0,3
2025-10-04,38,4,2,2,1,3
2025-10-05,30,8,2,6,2,3
2025-10-06,74,12,2,8,4,4
2025-10-07,64,15,5,11,5,8
2025-10-08,58,10,6,7,3,1
2025-10-09,70,8,4,6,1,3
2025-10-10,53,13,5,10,3,6
2025-10-11,36,7,4,7,0,1
2025-10-12,33,6,4,6,0,0
2025-10-13,64,10,4,9,4,4
2025-10-14,48,13,8,11,1,3
2025-10-15,57,10,3,8,1,2
2025-10-16,80,23,6,15,6,7
2025-10-17,49,4,1,4,0,1
2025-10-18,28,4,2,3,1,3
2025-10-19,26,2,0,1,1,0
2025-10-20,70,16,2,13,4,2
2025-10-21,78,14,7,12,1,3
2025-10-22,68,14,3,14,3,8
2025-10-23,81,17,5,13,4,7
2025-10-24,53,7,2,4,3,2
2025-10-25,37,9,1,8,1,3
2025-10-26,46,7,4,4,3,1
2025-10-27,71,16,3,14,3,3
2025-10-28,64,9,3,7,0,1
2025-10-29,85,19,8,14,6,10
2025-10-30,65,19,11,13,2,3
2025-10-31,55,12,6,8,2,5
2025-11-01,27,5,1,3,1,0
2025-11-02,36,11,6,7,3,1
2025-11-03,65,13,7,12,1,4
2025-11-04,48,10,5,7,3,2
2025-11-05,76,20,11,17,4,7
2025-11-06,78,21,2,18,5,2
2025-11-07,69,11,2,11,2,3
2025-11-08,35,8,2,5,1,2
2025-11-09,27,5,3,2,1,1
2025-11-10,72,14,6,11,4,4
2025-11-11,65,18,10,15,4,8
2025-11-12,63,15,6,12,4,4
2025-11-13,78,14,5,9,3,3
2025-11-14,65,11,5,9,2,2
2025-11-15,24,7,1,7,0,4
2025-11-16,40,5,3,4,3,0
2025-11-17,65,9,3,8,1,3
2025-11-18,73,16,5,13,4,2
2025-11-19,80,20,7,14,7,6
2025-11-20,64,20,7,12,5,5
2025-11-21,62,15,5,13,0,4
2025-11-22,39,8,4,8,1,1
2025-11-23,33,4,2,4,0,3
2025-11-24,60,11,7,8,2,1
2025-11-25,67,8,4,7,2,3
2025-11-26,73,11,5,9,2,1
2025-11-27,55,9,1,4,5,2
2025-11-28,44,11,5,10,1,6
2025-11-29,29,5,3,5,0,2
2025-11-30,35,5,2,2,0,2
2025-12-01,60,15,1,12,1,6
2025-12-02,65,14,3,12,4,5
2025-12-03,71,14,5,8,6,2
2025-12-04,61,16,5,12,5,3
2025-12-05,53,10,1,10,1,2
2025-12-06,26,6,2,4,0,1
2025-12-07,39,7,2,7,0,3
2025-12-08,64,15,4,12,3,4
2025-12-09,53,9,2,7,1,3
2025-12-10,50,13,7,12,1,5
2025-12-11,60,14,5,10,2,3
2025-12-12,62,13,3,10,1,8
2025-12-13,28,11,1,9,1,2
2025-12-14,25,4,0,3,2,0
2025-12-15,55,14,7,10,4,5
2025-12-16,59,16,5,11,2,2
2025-12-17,48,7,1,6,1,1
2025-12-18,63,13,5,10,1,7
2025-12-19,53,10,4,8,1,3
2025-12-20,25,6,2,4,2,2
2025-12-21,19,4,1,4,0,1
2025-12-22,38,11,3,8,2,4
2025-12-23,41,8,1,7,2,4
2025-12-24,39,9,2,8,3,0
2025-12-25,33,5,3,5,1,3
2025-12-26,22,8,3,2,2,3
2025-12-27,33,8,4,6,3,3
2025-12-28,25,5,4,5,1,2
2025-12-29,47,16,5,14,2,3
2025-12-30,51,12,2,8,2,1
2025-12-31,44,14,5,9,5,2
2026-01-01,24,2,0,2,0,0
2026-01-02,44,9,3,7,1,3
2026-01-03,39,6,2,4,2,1
2026-01-04,46,7,2,4,1,2
2026-01-05,57,14,7,12,3,5
2026-01-06,55,11,4,8,2,1
2026-01-07,66,16,6,9,7,7
2026-01-08,69,12,3,8,3,4
2026-01-09,41,9,3,8,3,4
2026-01-10,40,3,1,2,0,2
2026-01-11,33,6,1,5,0,1
2026-01-12,62,17,6,12,1,8
2026-01-13,83,25,6,20,4,7
2026-01-14,69,21,10,12,3,3
2026-01-15,54,14,7,9,2,2
2026-01-16,67,14,4,12,4,4
2026-01-17,35,8,4,4,2,3
2026-01-18,42,8,1,6,1,2
2026-01-19,48,10,7,9,3,4
2026-01-20,70,15,5,10,3,4
2026-01-21,78,23,5,19,7,4
2026-01-22,74,17,5,13,6,6
2026-01-23,72,11,4,8,0,3
2026-01-24,41,5,4,4,0,4
2026-01-25,32,12,4,9,1,4
2026-01-26,58,11,7,7,0,3
2026-01-27,68,16,5,15,1,5
2026-01-28,67,12,4,9,2,3
2026-01-29,65,12,5,10,4,1
2026-01-30,51,15,6,10,3,3
2026-01-31,30,6,3,5,0,1
2026-02-01,45,11,1,8,2,1
2026-02-02,53,14,5,13,3,4
2026-02-03,71,14,4,10,3,2
2026-02-04,59,12,2,10,3,2
2026-02-05,68,12,5,11,2,0
2026-02-06,69,16,5,12,3,7
2026-02-07,34,8,2,7,0,1
2026-02-08,28,2,0,2,0,0
2026-02-09,60,11,5,10,1,3
2026-02-10,78,16,6,11,2,6
2026-02-11,62,11,3,8,2,0
2026-02-12,70,15,7,13,2,4
2026-02-13,50,11,5,8,3,3
2026-02-14,38,3,2,3,0,0
2026-02-15,37,3,1,2,0,1
2026-02-16,67,15,5,11,2,4
2026-02-17,63,11,3,5,3,6
2026-02-18,71,13,5,12,0,4
2026-02-19,61,9,2,7,2,2
2026-02-20,56,10,4,10,1,2
2026-02-21,49,10,4,9,2,4
2026-02-22,37,5,3,2,2,0
2026-02-23,74,16,6,13,2,5
2026-02-24,82,20,5,14,5,1
2026-02-25,82,26,9,19,4,11
2026-02-26,64,16,3,15,1,6
2026-02-27,65,12,3,9,1,4
2026-02-28,33,7,3,7,0,3
2026-03-01,28,5,2,5,1,1
2026-03-02,74,17,10,14,4,7
2026-03-03,56,12,5,10,0,3
2026-03-04,69,14,5,12,0,5
2026-03-05,77,15,4,13,3,2
2026-03-06,62,12,4,11,1,4
2026-03-07,35,5,2,4,1,1
2026-03-08,47,10,3,8,5,4
2026-03-09,72,9,3,7,2,4
2026-03-10,65,12,2,11,4,3
2026-03-11,55,10,6,7,0,5
2026-03-12,72,18,8,13,2,4
2026-03-13,76,10,7,5,2,4
2026-03-14,42,13,7,10,4,4
2026-03-15,41,5,2,5,1,1
2026-03-16,72,13,4,11,1,4
2026-03-17,96,15,4,12,1,8
2026-03-18,75,19,7,15,3,4
2026-03-19,73,13,5,9,2,5
2026-03-20,52,13,5,7,2,4
2026-03-21,45,6,5,5,1,2
2026-03-22,49,11,5,7,3,4
2026-03-23,75,9,4,7,0,4
2026-03-24,85,18,4,12,1,8
2026-03-25,69,23,7,23,2,10
2026-03-26,68,17,6,13,6,2
2026-03-27,52,7,1,7,0,3
2026-03-28,41,8,3,7,2,2
2026-03-29,46,15,5,13,1,6
2026-03-30,74,22,7,18,2,3
2026-03-31,68,13,4,9,1,5
2026-04-01,68,17,5,14,4,6
2026-04-02,75,8,2,8,1,3
2026-04-03,78,15,3,12,2,5
2026-04-04,21,4,1,3,0,2
2026-04-05,42,8,3,6,0,2
2026-04-06,68,14,5,13,3,6
2026-04-07,72,23,9,21,1,7
2026-04-08,82,16,6,13,3,1
2026-04-09,85,19,8,15,1,5
2026-04-10,83,18,6,17,1,5
2026-04-11,32,6,2,6,0,2
2026-04-12,49,6,0,6,0,2
2026-04-13,62,10,1,8,1,3
2026-04-14,93,27,8,22,4,10
2026-04-15,77,15,7,15,0,3
2026-04-16,63,16,3,13,4,5
2026-04-17,64,12,2,12,0,1
2026-04-18,39,10,1,7,1,3
2026-04-19,37,7,3,4,2,2
2026-04-20,62,10,2,6,3,0
2026-04-21,86,20,11,13,7,5
2026-04-22,56,9,1,9,1,1
2026-04-23,74,13,6,8,4,6
2026-04-24,63,13,7,9,2,4
2026-04-25,43,12,5,8,0,1
