lag,corr,n_valid,construct
-6,-0.1527,94,EX
-5,-0.0444,95,EX
-4,-0.0592,96,EX
-3,-0.0351,97,EX
-2,-0.0107,98,EX
-1,0.1467,99,EX
0,0.0512,100,EX
1,-0.1984,99,EX
2,0.0262,98,EX
3,0.0079,97,EX
4,0.0244,96,EX
5,0.1004,95,EX
6,0.0538,94,EX
-6,-0.0901,94,EMO
-5,-0.0174,95,EMO
-4,-0.1407,96,EMO
-3,0.0344,97,EMO
-2,-0.093,98,EMO
-1,0.258,99,EMO
0,-0.0992,100,EMO
1,-0.1415,99,EMO
2,-0.0648,98,EMO
3,0.2839,97,EMO
4,0.0454,96,EMO
5,0.0484,95,EMO
6,0.0205,94,EMO
-6,0.1113,94,COG
-5,-0.1987,95,COG
-4,-0.1642,96,COG
-3,0.0426,97,COG
-2,0.066,98,COG
-1,-0.0713,99,COG
0,-0.036,100,COG
1,0.0216,99,COG
2,-0.0382,98,COG
3,0.1748,97,COG
4,-0.0519,96,COG
5,0.1657,95,COG
6,0.0596,94,COG
-6,-0.1573,94,MD
-5,0.0546,95,MD
-4,0.0172,96,MD
-3,0.1392,97,MD
-2,0.0312,98,MD
-1,0.0499,99,MD
0,-0.107,100,MD
1,-0.1818,99,MD
2,-0.0013,98,MD
3,0.0799,97,MD
4,0.1686,96,MD
5,0.0342,95,MD
6,0.0825,94,MD
