event,window,window_start,window_end,n_total_posts,EX_yes_n,EX_yes_pct,EMO_yes_n,EMO_yes_pct,COG_yes_n,COG_yes_pct,MD_yes_n,MD_yes_pct,bat_score_mean,bat_score_ge2_n
Log4Shell,pre_baseline,2021-10-14,2021-12-08,2262,135,5.97,354,15.65,56,2.48,125,5.53,0.296,165
Log4Shell,crisis,2021-12-09,2021-12-23,542,37,6.83,89,16.42,23,4.24,25,4.61,0.321,43
Log4Shell,hangover,2021-12-24,2022-01-20,929,69,7.43,151,16.25,24,2.58,55,5.92,0.322,72
Log4Shell,late_tail,2022-01-21,2022-03-03,1887,119,6.31,303,16.06,58,3.07,103,5.46,0.309,133
SolarWinds,pre_baseline,2020-10-13,2020-12-07,2116,108,5.1,295,13.94,62,2.93,73,3.45,0.254,130
SolarWinds,crisis,2020-12-08,2020-12-22,544,28,5.15,74,13.6,14,2.57,20,3.68,0.25,31
SolarWinds,hangover,2020-12-23,2021-01-19,838,61,7.28,141,16.83,19,2.27,41,4.89,0.313,66
SolarWinds,late_tail,2021-01-20,2021-03-02,1622,113,6.97,251,15.47,43,2.65,82,5.06,0.301,120
CrowdStrike,pre_baseline,2024-05-24,2024-07-18,2906,213,7.33,504,17.34,78,2.68,184,6.33,0.337,235
CrowdStrike,crisis,2024-07-19,2024-08-02,875,85,9.71,172,19.66,27,3.09,63,7.2,0.397,83
CrowdStrike,hangover,2024-08-03,2024-08-30,1570,117,7.45,292,18.6,49,3.12,93,5.92,0.351,136
CrowdStrike,late_tail,2024-08-31,2024-10-11,2235,137,6.13,365,16.33,60,2.68,146,6.53,0.317,181
MOVEit,pre_baseline,2023-04-05,2023-05-30,2281,160,7.01,380,16.66,80,3.51,121,5.3,0.325,168
MOVEit,crisis,2023-05-31,2023-06-14,530,31,5.85,110,20.75,10,1.89,34,6.42,0.349,41
MOVEit,hangover,2023-06-15,2023-07-12,1136,83,7.31,216,19.01,39,3.43,71,6.25,0.36,97
MOVEit,late_tail,2023-07-13,2023-08-23,2177,177,8.13,412,18.93,81,3.72,159,7.3,0.381,212
