concept,criteria,summary,rep_examples,prevalence,n_matches,highlights
Career Transition Guidance,"Does this text offer advice on transitioning into cybersecurity, choosing certification paths, or navigating career changes into the field?","Start with IT roles and security certifications, seek hands-on technical experience, avoid compliance-only work, and target smaller firms to transition.","['show something unique you can bring to the table and then rebrand yourself eg devsecops threathunt red teamer api sec sme some framework expertise nist or iso seim expert managed security events\na security cert will definitely help to start with cissp or gaic or ethical hacker etc etc\nyour best bet is to get references from those folks who mentored you and ask them to forward your resume within their network good luck and feel free to dm me', 'i want to know how to get your current job\nwanted to try grc for a change\nwhat skillset did you have to get it']",0.02,14,"['if you start to ask to get your hands dirty in actual security related tasks and projects but get denied then there s your answer', 'a security cert will definitely help to start with cissp or gaic or ethical hacker etc etc', 'if you re truly passionate start with it and get a better understanding of networking and cyber']"
Challenge Money Focus,"Determine if the text challenges money-focused career priorities or suggests finding meaning, passion, and fulfillment outside of compensation.","We use money to enable mobility and hands-on learning, not as an end goal, while seeking truly fulfilling work.","['what is it you want to do later in life\nyou say chase the money\nthen what to do', 'look for self actualization elsewhere in your family in your life spend your energy there.\nstop investing so much passion at work and settle for high competence.\ndefinitely stop caring more than the business does.']",0.0,4,"['money cannot directly solve what you re describing but it enables mobility such that you may one day truly find something to scratch that itch', 'pay for hands on learning', 'ask yourself is this job career going to fulfill my needs if not keep looking']"
Critical or Dismissive Feedback,"Does this response dismiss, minimize, or criticize the poster's concerns, offer 'tough love,' blame the poster, or respond with hostility rather than constructive support?",You might as well give up now since we find you suspicious and believe you lack any ability to succeed,"['all this could be forgiven if i saw any actual subject passion or willingness to take direction.\nyou seem bright enough but you need to learn how much you don t know you don t know.\nif you re actually willing to take direction come to me we ll talk.', 'always learning is fine\nmy devops fixed it all\nsaid it was fine']",0.0,2,"['something seems fishy about you', 'you might as well just give up now']"
Emotional Validation & Reassurance,"Does this response validate the poster's emotions, normalize their experience (such as impostor syndrome or workplace stress), or offer reassurance about their feelings and self-worth?","You are not broken but growing; trust your abilities, embrace continuous learning, and know everyone shares these doubts.","['but i think everyone has impostor syndrome\nhack the box is for intermediate levels and up. start with tryhackme first.\ni did helpdesk for about     years before i got into security.', 'it s frustrating banging your head against a wall constantly\nthey look to us for expertise\nbut then completely ignore what we say']",0.01,8,"['those are things you can learn and get better at by interviewing a lot', 'either way it sounds like you ve carved a pretty nice corner for yourself and you ll be fine either way', 'hang in there bro you will get there']"
Employment Exit Strategy,"Does this text advise leaving a current employer, rejecting job offers, or warn against staying in a toxic work environment?","Leave unsupportive employers immediately, plan your high-paying exit, and pursue opportunities while employed to secure money and fulfillment you deserve.","['it sounds like management is a major issue and unless they re all exited it s not going to get any better.\nyou ve given your company plenty of time to fix itself and it s okay to move on now.\nbefore you jump ship take some time and research.', 'bail\nwhile you are young enough that consequences are basically just annoying\nso many more fulfilling careers']",0.01,10,"['i would never want to work for a company that is that level of unsupportive', 'start looking for another job immediately while you keep this current job', 'go out there and get the money knowledge benefits you deserve my dude']"
Encourage Job Change,"Determine if the text encourages the reader to leave their current job, seek new employment, or pursue opportunities at a different company.","Start looking for new roles immediately, explore diverse employers, and leave unfulfilling jobs without guilt to advance your career.","['sounds like a very toxic place.\nstart looking for something else.\nlife is too short to stay in a job that is a bad fit.', 'so set your boundaries and do not work crazy hours to save the company\ni d be on the hunt to pull the chute from there stat\nyou can t be the ciso and it team of one']",0.01,7,"['is this job career going to fulfill my needs if not keep looking', 'start looking for another job immediately while you keep this current job', 'look at city county career pages near you look colleges community colleges and hospital near you.']"
Job Search Optimization,"Does this text provide advice on resume improvement, interview preparation, networking strategies, or job application techniques?","Customize your resume for each role, target specific companies, seek referrals through your network, and practice interviewing extensively.","['you really need to expand leverage your network.\nhave you asked anyone to review your resume or give you feedback\nfinding a job is basically a full time job on its own so try to make it easier by using the people you know.', 'i know it s frustrating now but there is a silver lining.\nthe more interviews you go through the better you are at them.\ni guarantee it pays off.']",0.01,9,"['those are things you can learn and get better at by interviewing a lot', 'my advice is to refactor your cv to highlight appsec achievements', 'this will boost your resume']"
Job Search Tactics,"Determine if the text offers practical tactical advice for conducting a job search, such as searching while employed, using specific resources, or securing offers before quitting.","Target specific employers in your region and abroad, leverage professional networks, develop technical skills, and avoid generic mass applications.","['i agree with whoever told you to take a nice long vacation if you can afford it\njust make sure you can make it clear you are unplugging completely time away can give you perspective\nif it is something like being stuck in your career   great news job seeking while you have a job already is a skill you should probably keep up anyways...', 'go back but say you want pto and benefits\nspend the next   months finding another job while putting in the bare minimum\nquit on the spot once you find something better']",0.01,10,"['look at city county career pages near you look colleges community colleges and hospital near you.', 'start looking for another job immediately while you keep this current job', 'don t forget over seas contract jobs to apply for']"
Mental Health Support,"Does this text provide advice about preventing burnout, setting work-life boundaries, seeking therapy, or prioritizing mental health over job demands?","Protect your mental health at all costs by disconnecting from work, setting boundaries, and finding purpose outside your job.","['now i catch the burnout as it s happening and do what i can to mitigate.\ni usually just take a long vacation and drink a lot for a couple of months and stop focusing on everything then i m good as new til the next burnout.\nas far as i can tell this is just the way it goes in it.', 'your mental health is more important than anything so you seriously need to take that into consideration\ngo see your primary doctor and let them know you re experiecing stress at work and you want a basic checkup\nif you had a solid working relationship with your old managers reach out to them and see if they can help you jump ship']",0.02,12,"['burnout recovery isn t about breaks it s about environment shift', 'above all just remember you re only   person. the backlog may be growing every day but you re doing what you can to attend to it and is in no way a reflection on you.', 'care when it matters and stop caring when it doesn t knowing you will do your best in the time required']"
Normalize Challenges,"Determine if the text normalizes common career difficulties like market competitiveness, job dissatisfaction, or the frequency of changing jobs.","Everyone struggles with imperfect jobs and flooded markets; you're not broken, so normalize the difficulty and hang in there.","['in this job market\ni wouldn t ascribe too much meaning\nto one rejection', 'every job sucks dude.\nyou have a bad case of grass is greener syndrome.\nmy advice is be humble and try to look in the bright side of what you have.']",0.02,15,"['recognize that nowhere is perfect and so long as you aren t being abused in the day to day you are likely in a far better spot than most', 'but i think everyone has impostor syndrome', 'you re not broken you re cooked']"
Offer Reassurance,"Determine if the text provides emotional reassurance about career decisions, future prospects, or the difficulty of job searching.",,"['if you ve only been out for three years i d like your relevancy curve would be much shorter\ndo you have senior level cloud certs or something technical and relevant now\ni d love to get a role back to tech and away from the board room again but it would take too long to get relevant certs again', 'i can always go back to that if i ever feel the need to leave\nbut for now i m quite happy\nno rude customers with entitled allergies and no commute']",0.02,16,"['holding security doesn t make someone a worse candidate it makes them a better one.', 'believe in your self you are way ahead of the curve', 'wish you the best of luck']"
Operational Efficiency Tactics,"Does this text suggest specific workplace tactics like automation, documentation, ticket systems, or delegation strategies to manage workload?","We improve operational efficiency by delegating to juniors, crafting automation scripts, and leveraging data to enhance risk reporting and metrics.","['work on root causes\nmost of the work should be done by the owners not by you\nlet non priority stuff drop. seriously. if there isn t staff to do it within a reasonable work day it doesn t get done', 'proper documentation should give anyone with appropriate experience knowledge skill the information needed.\nin other words the proper audience for documentation is yourself.\nif there is a recurring issue where a step by step document can be created to fix the problem then monitoring should be able to detect the problem and fire an automation to fix it.']",0.0,3,"['crafting automation scripts', 'if you re good with automation and data there s plenty you can showcase in the grc space e.g. improved metrics and reporting mapping control effectiveness to your organisations top risks', 'if you love helping people you should get a junior to help you out']"
Perspective Reframing,"Does this response reframe the poster's situation by shifting perspective (e.g., systemic vs. personal, temporary vs. permanent, internal vs. external factors)?","Reframe setbacks as opportunities, reject guilt for backlogs, and recognize your true worth exceeds any position.","['first take a breath. you re not failing. you ve inherited a broken process with no ownership model and you re being asked to run it solo. that s a resourcing and governance problem not a you problem.\nthe pushback you re getting from other teams is the core problem and no amount of automation fixes it.\non being the only one: document the current state in numbers. how many critical and high findings per month how many hours you spend on manual assignment what the remediation backlog looks like. present that to your manager as a capacity problem not a complaint.', 'ur basically asking\ninternal vs external\ninternal will always be better']",0.04,28,"['alot of shitty managers want you to stay in a role for life', 'us companies have zero incentive right now to go through the paperwork and cost of sponsoring an h b visa when they don t have to', 'if you have to ask permission to do anything then any time something goes horribly wrong you have someone else to blame']"
Shared Experience Validation,Does this text validate the poster's experience by sharing similar personal struggles or expressing solidarity with their situation?,We validate each other's struggles by acknowledging that these challenges are shared across our professional and personal experiences.,"['i find it interesting that we all feel the same way at one point another in our career\nmost of us care about securing our environments to the point of burn out\ndrives you crazy but we stay and take it on the chin', 'do you know what the cs market is like right now\nwe re in entering a recession\nshit hurts everywhere right now']",0.0,3,"['hang in there bro you will get there', 'i understand where you re coming from and i ve heard it from many people who have joined the military dod public sector', 'cybersecurity is a endless thankless job for most of us responsible for vuln management and dfir']"
Solidarity & Shared Experience,"Does this response express solidarity through shared personal experiences, commiseration, mutual understanding, or 'me too' empathy with the poster's situation?",We share our struggles with imposter syndrome and setbacks to remind you that we have been there too.,"['ngl i can kinda relate op\ni m a soc analyst\ni hate it lol', 'we re all in the same boat\nall in the same boat\nin the same boat']",0.01,8,"['i understand where you re coming from and i ve heard it from many people who have joined the military dod public sector', 'i found myself in a similar situation and taking that leap was the best choice of my life', 'i took down prod once by forgetting to merge a running snapshot and filing up the storage lun']"
Strategic Career Moves,"Determine if the text recommends strategic career moves such as job hopping for higher salary, switching to larger companies, or transitioning to different industries.","Leverage your current role to gain knowledge, take calculated risks to find better fits, and pursue opportunities that maximize your career growth and compensation.","['job hopping is the answer since different companies allocate different budgets for their employees\nit s going to be somewhat hard going through the process but i guarantee is the easiest way to increase your pay\ndoubled my salary in less than   years', 'leverage your internship job to get a better internship\nnew grad position\nas far away from the soc as you can']",0.01,5,"['start looking for another job immediately while you keep this current job', 'in the long run it would definitely be worth as moving into cybersecurity definitely raises your career ceiling', 'just milk it and retain what you learn so you can get a leg up elsewhere']"
Strategic Process & Governance,"Does this response recommend organizational process improvements, governance frameworks, risk management structures, policy changes, or strategic administrative solutions?","Focus on high-impact fundamentals first to establish a solid baseline, then build the case for additional headcount.","['if you have the right processes\nsystems people and policies in place\nnegates all of this', 'same boat here and i m looking for a new job.\nif you wanted to fight for access rights\nyou could review your contract with hr and point out the corresponding azure ad permission sets you require to fulfil your job description']",0.0,1,['my advice would be to focus on a few high impact fundamentals first then build the case for additional headcount once you ve got your baseline solid']
Technical Solutions & Tools,"Does this response provide specific technical recommendations, tool suggestions, software configurations, or tactical IT/security solutions to address the poster's problem?","We recommend forensic tools, SIEM, and platforms like TryHackMe, Hack The Box, and Codecademy for technical training and solutions.","['random phone calls where a user reports a phishing email\nwe didn t get alerted\nit wasn t reported', 'we had an issue similar to this last year.\nour issue went away     after having our build team switch entirely to using the hp usb c adapters for the newer elitebook s zbook s.\nonly sharing this in case this is the next issue you run into.']",0.0,4,"['start with tryhackme first.', 'get forensics dump and check what really happened: sans windows forensics   url if you do not have that we have to rely on siem', 'we tried cybersentriq with an users org with a similar mix and it held up well']"
