post_id,subreddit,author,created_date,created_utc,year,month,day_of_week,hour,year_month,title,selftext,text,cleaned_text,original_text_len,cleaned_text_len,word_count,score,upvote_ratio,num_comments,link_flair_text,permalink,url,text_processed,predicted_label,prediction_confidence,bat_score
1c24iv5,sysadmin,Nekro_Somnia,2024-04-12 09:07:07,1712912827,2024,4,Friday,9,2024-04,"Have been layed off, got a new job and now am scared of the changes coming","Basically the Title.  
I have been working as a Sysadmin in small companies/teams for almost a decade now (Rookie numbers, I know ;) ) and have been responsible for the Hellhole that's called M$ Azure for the past 3 Years in my old company.   
During that time, I've worked on migrating all our Company Infrastructure from vSphere to Azure with a colleague of mine.   
Now that that project is basically done, we have been laid off since that company is not doing too well financially. I mainly did everything except the Azure Network stuff, that was assigned to my colleague since he was our Network/Security Guy.   


Sucks for them, since the other Guys in my team have no clue how to Cloud or Security (yes we had a Bus Factor of 1 for Network&Security and Cloud Projects)   
Yes, it has been my responsibility to educate them on the Azure stuff, document all i've done etc - and I tried my best to do that, but I'm afraid that it might not have been enough. All Infrastructure has flow diagrams for the Network flow, Data Flow within applications and Databases, all my PowerShell Scripts are commented and documented, and I have built a \~500 Entry Knowledge Base within ServiceNow for our 1st and 2nd lvl support to get an edge on the new structures in Azure, Intune and all the other Cloud-Bullshit that comes with it. Been working an average of 11 to 14 Hour Days to do all that. Designing the Infrastructure, joining meetings with companies and doing Migrations during the day, writing documentations during the night.   


Kinda glad that i've been let go tbh, wouldn't have managed to keep that pace up for much longer.  
I've scored a new job at a System House (idk if that's what it's called in English lol) as a Cloud Engineer/Admin, it's kinda both. Better Pay, fewer hours, bigger team, more redundancy if someone gets sick.   
And that's precisely what scares the crap out of me.   
I'm so used to work in a team of 2 to 20 People for everything from Helpdesk to Head of IT. The new company is big - the Cloud Team alone is bigger than the whole IT Department in my old company. We are talking like 30 to 40 People for Cloud alone. Not to mention the other Departments. I'm used to having 1st level support coming up to me and asking for help, being able to switch my tasks at the drop of a hat, seeking projects myself and not just getting them assigned to me. Writing Automations and toolchains (mainly in PowerShell, since... well, it's easy and Microsoft) when i notice a boring returning task.   
Basically barely working ITIL-adjacent, you can't really follow those standards if you have only 8 People working in your IT Department. I don't know if I am able to adjust to the new, more rigid Structures and Workflows.  
Does anyone have similar experiences?   
If so, how did you adjust, if you did?","Have been layed off, got a new job and now am scared of the changes coming
Basically the Title.  
I have been working as a Sysadmin in small companies/teams for almost a decade now (Rookie numbers, I know ;) ) and have been responsible for the Hellhole that's called M$ Azure for the past 3 Years in my old company.   
During that time, I've worked on migrating all our Company Infrastructure from vSphere to Azure with a colleague of mine.   
Now that that project is basically done, we have been laid off since that company is not doing too well financially. I mainly did everything except the Azure Network stuff, that was assigned to my colleague since he was our Network/Security Guy.   


Sucks for them, since the other Guys in my team have no clue how to Cloud or Security (yes we had a Bus Factor of 1 for Network&Security and Cloud Projects)   
Yes, it has been my responsibility to educate them on the Azure stuff, document all i've done etc - and I tried my best to do that, but I'm afraid that it might not have been enough. All Infrastructure has flow diagrams for the Network flow, Data Flow within applications and Databases, all my PowerShell Scripts are commented and documented, and I have built a \~500 Entry Knowledge Base within ServiceNow for our 1st and 2nd lvl support to get an edge on the new structures in Azure, Intune and all the other Cloud-Bullshit that comes with it. Been working an average of 11 to 14 Hour Days to do all that. Designing the Infrastructure, joining meetings with companies and doing Migrations during the day, writing documentations during the night.   


Kinda glad that i've been let go tbh, wouldn't have managed to keep that pace up for much longer.  
I've scored a new job at a System House (idk if that's what it's called in English lol) as a Cloud Engineer/Admin, it's kinda both. Better Pay, fewer hours, bigger team, more redundancy if someone gets sick.   
And that's precisely what scares the crap out of me.   
I'm so used to work in a team of 2 to 20 People for everything from Helpdesk to Head of IT. The new company is big - the Cloud Team alone is bigger than the whole IT Department in my old company. We are talking like 30 to 40 People for Cloud alone. Not to mention the other Departments. I'm used to having 1st level support coming up to me and asking for help, being able to switch my tasks at the drop of a hat, seeking projects myself and not just getting them assigned to me. Writing Automations and toolchains (mainly in PowerShell, since... well, it's easy and Microsoft) when i notice a boring returning task.   
Basically barely working ITIL-adjacent, you can't really follow those standards if you have only 8 People working in your IT Department. I don't know if I am able to adjust to the new, more rigid Structures and Workflows.  
Does anyone have similar experiences?   
If so, how did you adjust, if you did?","have been layed off, got a new job and now am scared of the changes coming basically the title. i have been working as a sysadmin in small companies teams for almost a decade now and have been responsible for the hellhole that s called m azure for the past years in my old company. during that time, i ve worked on migrating all our company infrastructure from vsphere to azure with a colleague of mine. now that that project is basically done, we have been laid off since that company is not doing too well financially. i mainly did everything except the azure network stuff, that was assigned to my colleague since he was our network security guy. sucks for them, since the other guys in my team have no clue how to cloud or security yes, it has been my responsibility to educate them on the azure stuff, document all i ve done etc and i tried my best to do that, but i m afraid that it might not have been enough. all infrastructure has flow diagrams for the network flow, data flow within applications and databases, all my powershell scripts are commented and documented, and i have built a entry knowledge base within servicenow for our st and nd lvl support to get an edge on the new structures in azure, intune and all the other cloud bullshit that comes with it. been working an average of to hour days to do all that. designing the infrastructure, joining meetings with companies and doing migrations during the day, writing documentations during the night. kinda glad that i ve been let go tbh, wouldn t have managed to keep that pace up for much longer. i ve scored a new job at a system house as a cloud enginee subreddit , it s kinda both. better pay, fewer hours, bigger team, more redundancy if someone gets sick. and that s precisely what scares the crap out of me. i m so used to work in a team of to people for everything from helpdesk to head of it. the new company is big the cloud team alone is bigger than the whole it department in my old company. we are talking like to people for cloud alone. not to mention the other departments. i m used to having st level support coming up to me and asking for help, being able to switch my tasks at the drop of a hat, seeking projects myself and not just getting them assigned to me. writing automations and toolchains when i notice a boring returning task. basically barely working itil adjacent, you can t really follow those standards if you have only people working in your it department. i don t know if i am able to adjust to the new, more rigid structures and workflows. does anyone have similar experiences? if so, how did you adjust, if you did?",2897.0,2618.0,489.0,15.0,0.7799999713897705,13.0,Career / Job Related,/r/sysadmin/comments/1c24iv5/have_been_layed_off_got_a_new_job_and_now_am/,https://www.reddit.com/r/sysadmin/comments/1c24iv5/have_been_layed_off_got_a_new_job_and_now_am/,"have been layed off, got a new job and now am scared of the changes coming basically the title. i have been working as a sysadmin in small companies/teams for almost a decade now (rookie numbers, i know ;) ) and have been responsible for the hellhole that's called m$ azure for the past 3 years in my old company. during that time, i've worked on migrating all our company infrastructure from vsphere to azure with a colleague of mine. now that that project is basically done, we have been laid off since that company is not doing too well financially. i mainly did everything except the azure network stuff, that was assigned to my colleague since he was our network/security guy. sucks for them, since the other guys in my team have no clue how to cloud or security (yes we had a bus factor of 1 for network&security and cloud projects) yes, it has been my responsibility to educate them on the azure stuff, document all i've done etc - and i tried my best to do that, but i'm afraid that it might not have been enough. all infrastructure has flow diagrams for the network flow, data flow within applications and databases, all my powershell scripts are commented and documented, and i have built a \~500 entry knowledge base within servicenow for our 1st and 2nd lvl support to get an edge on the new structures in azure, intune and all the other cloud-bullshit that comes with it. been working an average of 11 to 14 hour days to do all that. designing the infrastructure, joining meetings with companies and doing migrations during the day, writing documentations during the night. kinda glad that i've been let go tbh, wouldn't have managed to keep that pace up for much longer. i've scored a new job at a system house (idk if that's what it's called in english lol) as a cloud engineer/admin, it's kinda both. better pay, fewer hours, bigger team, more redundancy if someone gets sick. and that's precisely what scares the crap out of me. i'm so used to work in a team of 2 to 20 people for everything from helpdesk to head of it. the new company is big - the cloud team alone is bigger than the whole it department in my old company. we are talking like 30 to 40 people for cloud alone. not to mention the other departments. i'm used to having 1st level support coming up to me and asking for help, being able to switch my tasks at the drop of a hat, seeking projects myself and not just getting them assigned to me. writing automations and toolchains (mainly in powershell, since... well, it's easy and microsoft) when i notice a boring returning task. basically barely working itil-adjacent, you can't really follow those standards if you have only 8 people working in your it department. i don't know if i am able to adjust to the new, more rigid structures and workflows. does anyone have similar experiences? if so, how did you adjust, if you did?",1.0,0.9707479304502168,2
18napy9,sysadmin,derpaderpy2,2023-12-21 01:18:40,1703121520,2023,12,Thursday,1,2023-12,L3 escalations engineer at MSP with impostor syndrome,"10 year tech here, promoted a lot over the years and got this MSP gig in March. 8 people plus mgr, 500+ clients. The people on my team handle basically whatever, and we have a wide variety of clients...big or small; financial, medical, trucking, industrial; and all over the country. Team is the L3 escalations team that handles all the network down stuff and whatever else the L2 can't. I feel lost a lot and sometimes unworthy. I've thought about moving into projects (proactive vs reactive) and I'm thinking about it. Thoughts? Be nice. Y'all usually are.","L3 escalations engineer at MSP with impostor syndrome
10 year tech here, promoted a lot over the years and got this MSP gig in March. 8 people plus mgr, 500+ clients. The people on my team handle basically whatever, and we have a wide variety of clients...big or small; financial, medical, trucking, industrial; and all over the country. Team is the L3 escalations team that handles all the network down stuff and whatever else the L2 can't. I feel lost a lot and sometimes unworthy. I've thought about moving into projects (proactive vs reactive) and I'm thinking about it. Thoughts? Be nice. Y'all usually are.","l escalations engineer at msp with impostor syndrome year tech here, promoted a lot over the years and got this msp gig in march. people plus mgr, clients. the people on my team handle basically whatever, and we have a wide variety of clients...big or small; financial, medical, trucking, industrial; and all over the country. team is the l escalations team that handles all the network down stuff and whatever else the l can t. i feel lost a lot and sometimes unworthy. i ve thought about moving into projects and i m thinking about it. thoughts? be nice. y all usually are.",612.0,575.0,103.0,1.0,0.25,1.0,,/r/sysadmin/comments/18napy9/l3_escalations_engineer_at_msp_with_impostor/,https://www.reddit.com/r/sysadmin/comments/18napy9/l3_escalations_engineer_at_msp_with_impostor/,"l3 escalations engineer at msp with impostor syndrome 10 year tech here, promoted a lot over the years and got this msp gig in march. 8 people plus mgr, 500+ clients. the people on my team handle basically whatever, and we have a wide variety of clients...big or small; financial, medical, trucking, industrial; and all over the country. team is the l3 escalations team that handles all the network down stuff and whatever else the l2 can't. i feel lost a lot and sometimes unworthy. i've thought about moving into projects (proactive vs reactive) and i'm thinking about it. thoughts? be nice. y'all usually are.",1.0,0.8138975157373507,2
1psov0v,sysadmin,LoveBirdNibbles,2025-12-22 03:08:03,1766372883,2025,12,Monday,3,2025-12,Best way to boot a Dell T630 with server 2016 Hyper-V and iDrac 8 to copy off data. Dell says it could be DIMM or Motherboard but just in case....want to be ready.,"It's been one of those days.  Started with a 1 month old dead firewall.  I wiped it and restored and it was working so I decided to patch the server and when it rebooted it showed multi bit memory errors. Windows would show a splash screen and it would jump back to the post and stay there,  Dell sent a new DIMM, same thing.  Now they are sending another DIMM and a motherboard.  I have a PERC H730P with RAID 1. I just need a way to boot off a USB or off the server 2016 DVD and browed the drives and copy off the vhdx files as a last resort.  I have been up since 5am and my 60 year old brain is slowing down and my eyes hurt.  Just need a little guidance. thanks!","Best way to boot a Dell T630 with server 2016 Hyper-V and iDrac 8 to copy off data. Dell says it could be DIMM or Motherboard but just in case....want to be ready.
It's been one of those days.  Started with a 1 month old dead firewall.  I wiped it and restored and it was working so I decided to patch the server and when it rebooted it showed multi bit memory errors. Windows would show a splash screen and it would jump back to the post and stay there,  Dell sent a new DIMM, same thing.  Now they are sending another DIMM and a motherboard.  I have a PERC H730P with RAID 1. I just need a way to boot off a USB or off the server 2016 DVD and browed the drives and copy off the vhdx files as a last resort.  I have been up since 5am and my 60 year old brain is slowing down and my eyes hurt.  Just need a little guidance. thanks!","best way to boot a dell t with server hyper v and idrac to copy off data. dell says it could be dimm or motherboard but just in case....want to be ready. it s been one of those days. started with a month old dead firewall. i wiped it and restored and it was working so i decided to patch the server and when it rebooted it showed multi bit memory errors. windows would show a splash screen and it would jump back to the post and stay there, dell sent a new dimm, same thing. now they are sending another dimm and a motherboard. i have a perc h p with raid . i just need a way to boot off a usb or off the server dvd and browed the drives and copy off the vhdx files as a last resort. i have been up since am and my year old brain is slowing down and my eyes hurt. just need a little guidance. thanks!",831.0,800.0,167.0,0.0,0.3600000143051147,13.0,Question,/r/sysadmin/comments/1psov0v/best_way_to_boot_a_dell_t630_with_server_2016/,https://www.reddit.com/r/sysadmin/comments/1psov0v/best_way_to_boot_a_dell_t630_with_server_2016/,"best way to boot a dell t630 with server 2016 hyper-v and idrac 8 to copy off data. dell says it could be dimm or motherboard but just in case....want to be ready. it's been one of those days. started with a 1 month old dead firewall. i wiped it and restored and it was working so i decided to patch the server and when it rebooted it showed multi bit memory errors. windows would show a splash screen and it would jump back to the post and stay there, dell sent a new dimm, same thing. now they are sending another dimm and a motherboard. i have a perc h730p with raid 1. i just need a way to boot off a usb or off the server 2016 dvd and browed the drives and copy off the vhdx files as a last resort. i have been up since 5am and my 60 year old brain is slowing down and my eyes hurt. just need a little guidance. thanks!",1.0,0.6052812235035193,2
1l1oyzd,sysadmin,Emiroda,2025-06-02 18:02:55,1748887375,2025,6,Monday,18,2025-06,I broke prod a week ago and I just found out it was my script that did it :),"We've had patient users, so it's mostly me who's been sweating and crunching for the past week. 10 minutes ago, I just found the root cause of our persistent VDI machines mysteriously BSOD'ing with pretty much all drivers gone. I chased two red herrings for like 4 days straight (mistake #1), ignoring my wife and kids (mistake #2) and refusing to look into the last lead because ""it doesn't do anything bad?"" (mistake #3).

So, last week I pushed OS and driver updates to our Windows VDI environment. The Windows patch succeeded on most while the driver update (in the case of our VDI machines, VMware Tools drivers) failed on nearly all. Oh well, probably just needs a reboot. So all VDIs with no users logged on got a reboot, but never came back up.

Uh-oh. Critical boot files missing. WTF?

Nothing in WinRE works, cannot uninstall updates or see any restore points. IT manager didn't budget for Veeam or similar on the VDI machines. Fuck.

So I spent about 2 days and nights experimenting with the BCD, because I noticed how all of the guests I looked were all upgraded to Windows 11 a day or two prior (red herring #1). Finally gave up when I noticed that the component store and driver store were FUBAR. DISM wouldn't recognize anything and would immediately tell me that the component store was corrupted. This is when I noticed that the driver store (`C:\Windows\System32\DriverStore\FileRepository`) only had ~30 folders, while on a live system it had 500+.

So the next 2 days and nights were spent trying to restore the component store, because if the component store was restored, I could reinject those drivers (red herring #2). I also spent a lot of time here searching for any errors related to the May 2025 update and/or the latest VMware Tools, because I was sure the root cause was a bad update, as it only affected the VDIs (red herring #3).

The next couple of days (including the weekend) were spent experimenting with restore points, because I saw that VSS had made snapshots around the time the May 2025 patch was installed. So snapshots were enabled, WinRE just couldn't restore from them. Okay, run [ShadowCopyView](https://www.nirsoft.net/utils/shadow_copy_view.html) from WinRE and restore some folders. When System32 was restored.. **heureka, it booted!**.

But it was a bit unstable. But if I can run the Windows 11 ISO and run an upgrade/repair, that makes it run stable again. And that's what I've been doing for a few days, waiting patiently for the machines to either upgrade successfully or stall somewhere in the middle.

For some reason, I wanted to see the timeline on another machine. This time, OS patches and drivers came many hours before Time Modified on the driver store. Look at our RMM platform, and a `Cleanup Windows` script was run at that exact timestamp. But that just cleaned the Windows Update cache and SCCM cache, right?


.. If the device has the SCCM agent installed. If it doesn't, it just does a `ls | remove-item -force -recurse` while inside `C:\Windows\System32` because of bad assumptions and no error handling. And we use another system for managing the VDIs.

Fun, right? Check your destructive scripts before you start a fire :)

Back to restoring System32 on 100 VDIs.","I broke prod a week ago and I just found out it was my script that did it :)
We've had patient users, so it's mostly me who's been sweating and crunching for the past week. 10 minutes ago, I just found the root cause of our persistent VDI machines mysteriously BSOD'ing with pretty much all drivers gone. I chased two red herrings for like 4 days straight (mistake #1), ignoring my wife and kids (mistake #2) and refusing to look into the last lead because ""it doesn't do anything bad?"" (mistake #3).

So, last week I pushed OS and driver updates to our Windows VDI environment. The Windows patch succeeded on most while the driver update (in the case of our VDI machines, VMware Tools drivers) failed on nearly all. Oh well, probably just needs a reboot. So all VDIs with no users logged on got a reboot, but never came back up.

Uh-oh. Critical boot files missing. WTF?

Nothing in WinRE works, cannot uninstall updates or see any restore points. IT manager didn't budget for Veeam or similar on the VDI machines. Fuck.

So I spent about 2 days and nights experimenting with the BCD, because I noticed how all of the guests I looked were all upgraded to Windows 11 a day or two prior (red herring #1). Finally gave up when I noticed that the component store and driver store were FUBAR. DISM wouldn't recognize anything and would immediately tell me that the component store was corrupted. This is when I noticed that the driver store (`C:\Windows\System32\DriverStore\FileRepository`) only had ~30 folders, while on a live system it had 500+.

So the next 2 days and nights were spent trying to restore the component store, because if the component store was restored, I could reinject those drivers (red herring #2). I also spent a lot of time here searching for any errors related to the May 2025 update and/or the latest VMware Tools, because I was sure the root cause was a bad update, as it only affected the VDIs (red herring #3).

The next couple of days (including the weekend) were spent experimenting with restore points, because I saw that VSS had made snapshots around the time the May 2025 patch was installed. So snapshots were enabled, WinRE just couldn't restore from them. Okay, run [ShadowCopyView](https://www.nirsoft.net/utils/shadow_copy_view.html) from WinRE and restore some folders. When System32 was restored.. **heureka, it booted!**.

But it was a bit unstable. But if I can run the Windows 11 ISO and run an upgrade/repair, that makes it run stable again. And that's what I've been doing for a few days, waiting patiently for the machines to either upgrade successfully or stall somewhere in the middle.

For some reason, I wanted to see the timeline on another machine. This time, OS patches and drivers came many hours before Time Modified on the driver store. Look at our RMM platform, and a `Cleanup Windows` script was run at that exact timestamp. But that just cleaned the Windows Update cache and SCCM cache, right?


.. If the device has the SCCM agent installed. If it doesn't, it just does a `ls | remove-item -force -recurse` while inside `C:\Windows\System32` because of bad assumptions and no error handling. And we use another system for managing the VDIs.

Fun, right? Check your destructive scripts before you start a fire :)

Back to restoring System32 on 100 VDIs.","i broke prod a week ago and i just found out it was my script that did it : we ve had patient users, so it s mostly me who s been sweating and crunching for the past week. minutes ago, i just found the root cause of our persistent vdi machines mysteriously bsod ing with pretty much all drivers gone. i chased two red herrings for like days straight , ignoring my wife and kids and refusing to look into the last lead because it doesn t do anything bad? . so, last week i pushed os and driver updates to our windows vdi environment. the windows patch succeeded on most while the driver update failed on nearly all. oh well, probably just needs a reboot. so all vdis with no users logged on got a reboot, but never came back up. uh oh. critical boot files missing. wtf? nothing in winre works, cannot uninstall updates or see any restore points. it manager didn t budget for veeam or similar on the vdi machines. fuck. so i spent about days and nights experimenting with the bcd, because i noticed how all of the guests i looked were all upgraded to windows a day or two prior . finally gave up when i noticed that the component store and driver store were fubar. dism wouldn t recognize anything and would immediately tell me that the component store was corrupted. this is when i noticed that the driver store only had folders, while on a live system it had . so the next days and nights were spent trying to restore the component store, because if the component store was restored, i could reinject those drivers . i also spent a lot of time here searching for any errors related to the may update and or the latest vmware tools, because i was sure the root cause was a bad update, as it only affected the vdis . the next couple of days were spent experimenting with restore points, because i saw that vss had made snapshots around the time the may patch was installed. so snapshots were enabled, winre just couldn t restore from them. okay, run shadowcopyview back to restoring system on vdis.",3313.0,1996.0,374.0,411.0,0.949999988079071,59.0,,/r/sysadmin/comments/1l1oyzd/i_broke_prod_a_week_ago_and_i_just_found_out_it/,https://www.reddit.com/r/sysadmin/comments/1l1oyzd/i_broke_prod_a_week_ago_and_i_just_found_out_it/,"i broke prod a week ago and i just found out it was my script that did it :) we've had patient users, so it's mostly me who's been sweating and crunching for the past week. 10 minutes ago, i just found the root cause of our persistent vdi machines mysteriously bsod'ing with pretty much all drivers gone. i chased two red herrings for like 4 days straight (mistake #1), ignoring my wife and kids (mistake #2) and refusing to look into the last lead because ""it doesn't do anything bad?"" (mistake #3). so, last week i pushed os and driver updates to our windows vdi environment. the windows patch succeeded on most while the driver update (in the case of our vdi machines, vmware tools drivers) failed on nearly all. oh well, probably just needs a reboot. so all vdis with no users logged on got a reboot, but never came back up. uh-oh. critical boot files missing. wtf? nothing in winre works, cannot uninstall updates or see any restore points. it manager didn't budget for veeam or similar on the vdi machines. fuck. so i spent about 2 days and nights experimenting with the bcd, because i noticed how all of the guests i looked were all upgraded to windows 11 a day or two prior (red herring #1). finally gave up when i noticed that the component store and driver store were fubar. dism wouldn't recognize anything and would immediately tell me that the component store was corrupted. this is when i noticed that the driver store (`c:\windows\system32\driverstore\filerepository`) only had ~30 folders, while on a live system it had 500+. so the next 2 days and nights were spent trying to restore the component store, because if the component store was restored, i could reinject those drivers (red herring #2). i also spent a lot of time here searching for any errors related to the may 2025 update and/or the latest vmware tools, because i was sure the root cause was a bad update, as it only affected the vdis (red herring #3). the next couple of days (including the weekend) were spent experimenting with restore points, because i saw that vss had made snapshots around the time the may 2025 patch was installed. so snapshots were enabled, winre just couldn't restore from them. okay, run [shadowcopyview]( from winre and restore some folders. when system32 was restored.. **heureka, it booted!**. but it was a bit unstable. but if i can run the windows 11 iso and run an upgrade/repair, that makes it run stable again. and that's what i've been doing for a few days, waiting patiently for the machines to either upgrade successfully or stall somewhere in the middle. for some reason, i wanted to see the timeline on another machine. this time, os patches and drivers came many hours before time modified on the driver store. look at our rmm platform, and a `cleanup windows` script was run at that exact timestamp. but that just cleaned the windows update cache and sccm cache, right? .. if the device has the sccm agent installed. if it doesn't, it just does a `ls | remove-item -force -recurse` while inside `c:\windows\system32` because of bad assumptions and no error handling. and we use another system for managing the vdis. fun, right? check your destructive scripts before you start a fire :) back to restoring system32 on 100 vdis.",1.0,0.914770086582678,1
ub1u0d,sysadmin,Alexander_Selkirk,2022-04-24 19:07:27,1650827247,2022,4,Sunday,19,2022-04,"Request for comments: filter spam by adding short signature to plus alias, would that work?","Hi,

I am once again dealing with a large amount of spam. I use Linux and of course I use bogofilter and so on (fill in your Bayesian spam filter du jour). But my current spam generation comes from two main sources:

1. recruiter emails. I had signed up to some job portals which request a CV, I had also contacted some recruiters. The address ended up stored in any amount of data bases which are obviously shared like chickenpox, and since then I am getting a really nasty flood of spam inquiries with below zero information value. The thing is they have grabbed, among others, my primary email address from the CV and I am not willing to delete that one. And now, I have to look for another job and already sigh when I think in my inbox....

2. internal spam from larger organizations. Say I subscribed years ago to IEEE and got mails from account@ieee.org, which was perfectly fine. Then, I cancelled that because I couldn't see the value.  And now, I am also getting mails from whydidyounotsubscribeagain@ieee.org, tech@papers.ieee.org, advice@new-ieee.org, hifromchapter@mycountry.ieee.org, hifromanotherchapter@ieee-mycountry.org, as well as ieee-our-flashy-bullshit-bingo-magazine@ieee.veryimportant.news.org  .... you get the idea. It is reminding me of the Great Molasses Flood of Boston, if you know what that means. ARRRGH!

Bayesian spam filtering does not seem to work with these ones. Also, email filtering by sender does not work well - all these things that IEEE does is precisely to get around my inbox filtering. It is possible to weed them out, but it is exhausting - when I have deleted one sender address, they already seem to have added two others. This isn't going to work, because it is the faulty  [enumerating badness](https://www.ranum.com/security/computer_security/editorials/dumb/) idea described by Ranum again.

Also, the communication was initiated by me - there would be no hard criterion which mails are spam and which not, the key point is that they are distributing my address.

I could set up aliases, but this is a bit of a PITA. My email provider has also a limit on the number of aliases. 

So the idea with using plus aliases. One could set up plus aliases which expire after some time... but this would not work well, since the sender could simply strip it. What is needed is a kind of alias which allows to block a sender if the alias is wrong, or the alias address was passed on by another party. Like, for example, the several departments within IEEE in the example above.

So what is needed is a kind of lightweight signature which gives exactly that sender the permission to put something into my inbox.

Here is what I am considering to do about it:

1. most email clients and providers now support plus aliases. This is is some characters which can added after a ""+"", and can contain some string. For the mail server, this is just a string which is added to the recipient local part and ignored. But it can be used to filter mails; gmail supports that, so one could guess it is standard.
2. I have an email client which is capable to run programs for filtering (it is claws-mail, I think there are other good options). What I want it to do is to check the sender mail address and the plus alias whether it is valid. This can be done with a small Python script which returns 0 if it is valid, and 1 if invalid, as exit code. 
3. So, I need to give any untrustworthy party or recruiter who wants to send me mail to, say, Alexander.Selkirk.jobinquiries@mailbox.org a plus alias which will easily identify it as valid. That can be done very simple to hash the relevant part of **their** mail address with a secret password, and take the first 5 digits as the plus alias. Assuming that the password is ""hunter2"", and the allowed sender is ""Dave@brilliantrecruiters.com"" this would look like so:


    echo Dave@brilliantrecruiters.com:hunter2 | sha256sum


which yields 

    e3246c34cc6927c8aece0ae257a9c0bf70f8fefbdf2c4ad132a0e69b4dcd39cf  -
so, e3246 is the right plus alias (which serves as a public key). This is so simple that I can keep the password in my head (who would forget it is just ""hunter2""?), and run the command on my nerd phone (just in case that some recruiter stops my on the street and asks for my email address).

So, I give them the address

    Alexander.Selkirk.jobinquiries+e3246@mailbox.org

(you note the plus alias). 

Now, I would like you to gloss over the cardinal error to give an email address to an recruiter. Nobody should be that stupid. But it could be a contact address in a CV for a really interesting job.

As said, on my computer I have a little script which is called by the
email program which checks that the sender address and plus alias matches my password hash (in claws-mail, this is called a filter command, and it can also be run manually as an action). If so, the exit code is 0 and the mail appears in my inbox. If it does not have a plus alias, the message is greylisted, because some people cannot be bothered to use my address correctly, and ends up in my ""Greylist"" folder. Maybe I look into that one before Christmas. If the hash exists but resolves wrong, it is marked as spam and moved to my spam folder because that means that Dave gave my address to somebody else, or even another company (I could check the hash with the whole email address or just with the domain name).

What do you think about this? It means essentially that everyone who wants to contact me and which is suspect to either spamming or sharing my address promiscuitively, gets that address only with a kind of digital signature, which he has to use to get the mail into my inbox, and which I can generate very very easily. Of course, I need to keep my *real* personal address secret, or he could simply strip the alias (Luckily, nobody knows that my real email address is Alexander.Dunkirk@hotmail.com....).

Any thoughts?

**Edit**: Somebody in /r/linuxadmin suggested to use gmail for the spam filtering, and a private mail server for the reading. However, I do not want to use google mail at all, and setting up a private server seems too much work for me. (I am using a service similar to mailbox.org, and they do really a great job to keep things running, for less than one buck per month...)

**Edit**: One more thought, the script doing this is probably the least I have to think about. The most difficult part could be to get from the recruiter or other interested party the email address they are going to use **before** I give them my address, and to stick with sending to that address. It is a bit more difficult than with standard spam since there is some residual interest in communication with that party.","Request for comments: filter spam by adding short signature to plus alias, would that work?
Hi,

I am once again dealing with a large amount of spam. I use Linux and of course I use bogofilter and so on (fill in your Bayesian spam filter du jour). But my current spam generation comes from two main sources:

1. recruiter emails. I had signed up to some job portals which request a CV, I had also contacted some recruiters. The address ended up stored in any amount of data bases which are obviously shared like chickenpox, and since then I am getting a really nasty flood of spam inquiries with below zero information value. The thing is they have grabbed, among others, my primary email address from the CV and I am not willing to delete that one. And now, I have to look for another job and already sigh when I think in my inbox....

2. internal spam from larger organizations. Say I subscribed years ago to IEEE and got mails from account@ieee.org, which was perfectly fine. Then, I cancelled that because I couldn't see the value.  And now, I am also getting mails from whydidyounotsubscribeagain@ieee.org, tech@papers.ieee.org, advice@new-ieee.org, hifromchapter@mycountry.ieee.org, hifromanotherchapter@ieee-mycountry.org, as well as ieee-our-flashy-bullshit-bingo-magazine@ieee.veryimportant.news.org  .... you get the idea. It is reminding me of the Great Molasses Flood of Boston, if you know what that means. ARRRGH!

Bayesian spam filtering does not seem to work with these ones. Also, email filtering by sender does not work well - all these things that IEEE does is precisely to get around my inbox filtering. It is possible to weed them out, but it is exhausting - when I have deleted one sender address, they already seem to have added two others. This isn't going to work, because it is the faulty  [enumerating badness](https://www.ranum.com/security/computer_security/editorials/dumb/) idea described by Ranum again.

Also, the communication was initiated by me - there would be no hard criterion which mails are spam and which not, the key point is that they are distributing my address.

I could set up aliases, but this is a bit of a PITA. My email provider has also a limit on the number of aliases. 

So the idea with using plus aliases. One could set up plus aliases which expire after some time... but this would not work well, since the sender could simply strip it. What is needed is a kind of alias which allows to block a sender if the alias is wrong, or the alias address was passed on by another party. Like, for example, the several departments within IEEE in the example above.

So what is needed is a kind of lightweight signature which gives exactly that sender the permission to put something into my inbox.

Here is what I am considering to do about it:

1. most email clients and providers now support plus aliases. This is is some characters which can added after a ""+"", and can contain some string. For the mail server, this is just a string which is added to the recipient local part and ignored. But it can be used to filter mails; gmail supports that, so one could guess it is standard.
2. I have an email client which is capable to run programs for filtering (it is claws-mail, I think there are other good options). What I want it to do is to check the sender mail address and the plus alias whether it is valid. This can be done with a small Python script which returns 0 if it is valid, and 1 if invalid, as exit code. 
3. So, I need to give any untrustworthy party or recruiter who wants to send me mail to, say, Alexander.Selkirk.jobinquiries@mailbox.org a plus alias which will easily identify it as valid. That can be done very simple to hash the relevant part of **their** mail address with a secret password, and take the first 5 digits as the plus alias. Assuming that the password is ""hunter2"", and the allowed sender is ""Dave@brilliantrecruiters.com"" this would look like so:


    echo Dave@brilliantrecruiters.com:hunter2 | sha256sum


which yields 

    e3246c34cc6927c8aece0ae257a9c0bf70f8fefbdf2c4ad132a0e69b4dcd39cf  -
so, e3246 is the right plus alias (which serves as a public key). This is so simple that I can keep the password in my head (who would forget it is just ""hunter2""?), and run the command on my nerd phone (just in case that some recruiter stops my on the street and asks for my email address).

So, I give them the address

    Alexander.Selkirk.jobinquiries+e3246@mailbox.org

(you note the plus alias). 

Now, I would like you to gloss over the cardinal error to give an email address to an recruiter. Nobody should be that stupid. But it could be a contact address in a CV for a really interesting job.

As said, on my computer I have a little script which is called by the
email program which checks that the sender address and plus alias matches my password hash (in claws-mail, this is called a filter command, and it can also be run manually as an action). If so, the exit code is 0 and the mail appears in my inbox. If it does not have a plus alias, the message is greylisted, because some people cannot be bothered to use my address correctly, and ends up in my ""Greylist"" folder. Maybe I look into that one before Christmas. If the hash exists but resolves wrong, it is marked as spam and moved to my spam folder because that means that Dave gave my address to somebody else, or even another company (I could check the hash with the whole email address or just with the domain name).

What do you think about this? It means essentially that everyone who wants to contact me and which is suspect to either spamming or sharing my address promiscuitively, gets that address only with a kind of digital signature, which he has to use to get the mail into my inbox, and which I can generate very very easily. Of course, I need to keep my *real* personal address secret, or he could simply strip the alias (Luckily, nobody knows that my real email address is Alexander.Dunkirk@hotmail.com....).

Any thoughts?

**Edit**: Somebody in /r/linuxadmin suggested to use gmail for the spam filtering, and a private mail server for the reading. However, I do not want to use google mail at all, and setting up a private server seems too much work for me. (I am using a service similar to mailbox.org, and they do really a great job to keep things running, for less than one buck per month...)

**Edit**: One more thought, the script doing this is probably the least I have to think about. The most difficult part could be to get from the recruiter or other interested party the email address they are going to use **before** I give them my address, and to stick with sending to that address. It is a bit more difficult than with standard spam since there is some residual interest in communication with that party.","request for comments: filter spam by adding short signature to plus alias, would that work? hi, i am once again dealing with a large amount of spam. i use linux and of course i use bogofilter and so on . but my current spam generation comes from two main sources: . recruiter emails. i had signed up to some job portals which request a cv, i had also contacted some recruiters. the address ended up stored in any amount of data bases which are obviously shared like chickenpox, and since then i am getting a really nasty flood of spam inquiries with below zero information value. the thing is they have grabbed, among others, my primary email address from the cv and i am not willing to delete that one. and now, i have to look for another job and already sigh when i think in my inbox.... . internal spam from larger organizations. say i subscribed years ago to ieee and got mails from account ieee.org, which was perfectly fine. then, i cancelled that because i couldn t see the value. and now, i am also getting mails from whydidyounotsubscribeagain ieee.org, tech papers.ieee.org, advice new ieee.org, hifromchapter mycountry.ieee.org, hifromanotherchapter ieee mycountry.org, as well as ieee our flashy bullshit bingo magazine ieee.veryimportant.news.org .... you get the idea. it is reminding me of the great molasses flood of boston, if you know what that means. arrrgh! bayesian spam filtering does not seem to work with these ones. also, email filtering by sender does not work well all these things that ieee does is precisely to get around my inbox filtering. it is possible to weed them out, but it is exhausting when i have deleted one sender address, they already seem to have added two others. this isn t going to work, because it is the faulty enumerating badness. what i want it to do is to check the sender mail address and the plus alias whether it is valid. this can be done with a small python script which returns if it is valid, and if invalid, as exit code. . so, i need to give any untrustworthy party or recruiter who wants to send me mail to, say, alexander.selkirk.jobinquiries mailbox.org a plus alias which will easily identify it as valid. that can be done very simple to hash the relevant part of their mail address with a secret password, and take the first digits as the plus alias. assuming that the password is hunter , and the allowed sender is dave brilliantrecruiters.com this would look like so: echo dave brilliantrecruiters.com:hunter sha sum which yields e c cc c aece ae a c bf f fefbdf c ad a e b dcd cf so, e is the right plus alias . this is so simple that i can keep the password in my head , and run the command on my nerd phone . so, i give them the address alexander.selkirk.jobinquiries e mailbox.org . now, i would like you to gloss over the cardinal error to give an email address to an recruiter. nobody should be that stupid. but it could be a contact address in a cv for a really interesting job. as said, on my computer i have a little script which is called by the email program which checks that the sender address and plus alias matches my password hash . if so, the exit code is and the mail appears in my inbox. if it does not have a plus alias, the message is greylisted, because some people cannot be bothered to use my address correctly, and ends up in my greylist folder. maybe i look into that one before christmas. if the hash exists but resolves wrong, it is marked as spam and moved to my spam folder because that means that dave gave my address to somebody else, or even another company . what do you think about this? it means essentially that everyone who wants to contact me and which is suspect to either spamming or sharing my address promiscuitively, gets that address only with a kind of digital signature, which he has to use to get the mail into my inbox, and which i can generate very very easily. of course, i need to keep my real personal address secret, or he could simply strip the alias . any thoughts? edit: somebody in subreddit suggested to use gmail for the spam filtering, and a private mail server for the reading. however, i do not want to use google mail at all, and setting up a private server seems too much work for me. edit: one more thought, the script doing this is probably the least i have to think about. the most difficult part could be to get from the recruiter or other interested party the email address they are going to use before i give them my address, and to stick with sending to that address. it is a bit more difficult than with standard spam since there is some residual interest in communication with that party.",6790.0,4630.0,846.0,0.0,0.5,1.0,General Discussion,/r/sysadmin/comments/ub1u0d/request_for_comments_filter_spam_by_adding_short/,https://www.reddit.com/r/sysadmin/comments/ub1u0d/request_for_comments_filter_spam_by_adding_short/,"request for comments: filter spam by adding short signature to plus alias, would that work? hi, i am once again dealing with a large amount of spam. i use linux and of course i use bogofilter and so on (fill in your bayesian spam filter du jour). but my current spam generation comes from two main sources: 1. recruiter emails. i had signed up to some job portals which request a cv, i had also contacted some recruiters. the address ended up stored in any amount of data bases which are obviously shared like chickenpox, and since then i am getting a really nasty flood of spam inquiries with below zero information value. the thing is they have grabbed, among others, my primary email address from the cv and i am not willing to delete that one. and now, i have to look for another job and already sigh when i think in my inbox.... 2. internal spam from larger organizations. say i subscribed years ago to ieee and got mails from account@ieee.org, which was perfectly fine. then, i cancelled that because i couldn't see the value. and now, i am also getting mails from whydidyounotsubscribeagain@ieee.org, tech@papers.ieee.org, advice@new-ieee.org, hifromchapter@mycountry.ieee.org, hifromanotherchapter@ieee-mycountry.org, as well as ieee-our-flashy-bullshit-bingo-magazine@ieee.veryimportant.news.org .... you get the idea. it is reminding me of the great molasses flood of boston, if you know what that means. arrrgh! bayesian spam filtering does not seem to work with these ones. also, email filtering by sender does not work well - all these things that ieee does is precisely to get around my inbox filtering. it is possible to weed them out, but it is exhausting - when i have deleted one sender address, they already seem to have added two others. this isn't going to work, because it is the faulty [enumerating badness]( idea described by ranum again. also, the communication was initiated by me - there would be no hard criterion which mails are spam and which not, the key point is that they are distributing my address. i could set up aliases, but this is a bit of a pita. my email provider has also a limit on the number of aliases. so the idea with using plus aliases. one could set up plus aliases which expire after some time... but this would not work well, since the sender could simply strip it. what is needed is a kind of alias which allows to block a sender if the alias is wrong, or the alias address was passed on by another party. like, for example, the several departments within ieee in the example above. so what is needed is a kind of lightweight signature which gives exactly that sender the permission to put something into my inbox. here is what i am considering to do about it: 1. most email clients and providers now support plus aliases. this is is some characters which can added after a ""+"", and can contain some string. for the mail server, this is just a string which is added to the recipient local part and ignored. but it can be used to filter mails; gmail supports that, so one could guess it is standard. 2. i have an email client which is capable to run programs for filtering (it is claws-mail, i think there are other good options). what i want it to do is to check the sender mail address and the plus alias whether it is valid. this can be done with a small python script which returns 0 if it is valid, and 1 if invalid, as exit code. 3. so, i need to give any untrustworthy party or recruiter who wants to send me mail to, say, alexander.selkirk.jobinquiries@mailbox.org a plus alias which will easily identify it as valid. that can be done very simple to hash the relevant part of **their** mail address with a secret password, and take the first 5 digits as the plus alias. assuming that the password is ""hunter2"", and the allowed sender is ""dave@brilliantrecruiters.com"" this would look like so: echo dave@brilliantrecruiters.com:hunter2 | sha256sum which yields e3246c34cc6927c8aece0ae257a9c0bf70f8fefbdf2c4ad132a0e69b4dcd39cf - so, e3246 is the right plus alias (which serves as a public key). this is so simple that i can keep the password in my head (who would forget it is just ""hunter2""?), and run the command on my nerd phone (just in case that some recruiter stops my on the street and asks for my email address). so, i give them the address alexander.selkirk.jobinquiries+e3246@mailbox.org (you note the plus alias). now, i would like you to gloss over the cardinal error to give an email address to an recruiter. nobody should be that stupid. but it could be a contact address in a cv for a really interesting job. as said, on my computer i have a little script which is called by the email program which checks that the sender address and plus alias matches my password hash (in claws-mail, this is called a filter command, and it can also be run manually as an action). if so, the exit code is 0 and the mail appears in my inbox. if it does not have a plus alias, the message is greylisted, because some people cannot be bothered to use my address correctly, and ends up in my ""greylist"" folder. maybe i look into that one before christmas. if the hash exists but resolves wrong, it is marked as spam and moved to my spam folder because that means that dave gave my address to somebody else, or even another company (i could check the hash with the whole email address or just with the domain name). what do you think about this? it means essentially that everyone who wants to contact me and which is suspect to either spamming or sharing my address promiscuitively, gets that address only with a kind of digital signature, which he has to use to get the mail into my inbox, and which i can generate very very easily. of course, i need to keep my *real* personal address secret, or he could simply strip the alias (luckily, nobody knows that my real email address is alexander.dunkirk@hotmail.com....). any thoughts? **edit**: somebody in /r/linuxadmin suggested to use gmail for the spam filtering, and a private mail server for the reading. however, i do not want to use google mail at all, and setting up a private server seems too much work for me. (i am using a service similar to mailbox.org, and they do really a great job to keep things running, for less than one buck per month...) **edit**: one more thought, the script doing this is probably the least i have to think about. the most difficult part could be to get from the recruiter or other interested party the email address they are going to use **before** i give them my address, and to stick with sending to that address. it is a bit more difficult than with standard spam since there is some residual interest in communication with that party.",1.0,0.7339527568723889,1
1izc9x1,sysadmin,Ill-Clerk8565,2025-02-27 09:55:25,1740650125,2025,2,Thursday,9,2025-02,Any other Citrix admins feel like work eats your entire life?,"Not gonna lie, I feel like my entire existence is just logging into Citrix, fixing random crap, answering tickets, and praying nothing breaks at 2am. By the time I’m done, I just want to sit in silence and stare at a wall.

I keep seeing people who have time for hobbies, social lives, or (crazy thought) dating, and I’m genuinely wondering how they do it. Are they wizards? Do they just sleep less? Am I missing some secret to work-life balance, or is this just how it is?","Any other Citrix admins feel like work eats your entire life?
Not gonna lie, I feel like my entire existence is just logging into Citrix, fixing random crap, answering tickets, and praying nothing breaks at 2am. By the time I’m done, I just want to sit in silence and stare at a wall.

I keep seeing people who have time for hobbies, social lives, or (crazy thought) dating, and I’m genuinely wondering how they do it. Are they wizards? Do they just sleep less? Am I missing some secret to work-life balance, or is this just how it is?","any other citrix admins feel like work eats your entire life? not gonna lie, i feel like my entire existence is just logging into citrix, fixing random crap, answering tickets, and praying nothing breaks at am. by the time i m done, i just want to sit in silence and stare at a wall. i keep seeing people who have time for hobbies, social lives, or dating, and i m genuinely wondering how they do it. are they wizards? do they just sleep less? am i missing some secret to work life balance, or is this just how it is?",535.0,517.0,100.0,77.0,0.9200000166893004,58.0,General Discussion,/r/sysadmin/comments/1izc9x1/any_other_citrix_admins_feel_like_work_eats_your/,https://www.reddit.com/r/sysadmin/comments/1izc9x1/any_other_citrix_admins_feel_like_work_eats_your/,"any other citrix admins feel like work eats your entire life? not gonna lie, i feel like my entire existence is just logging into citrix, fixing random crap, answering tickets, and praying nothing breaks at 2am. by the time i’m done, i just want to sit in silence and stare at a wall. i keep seeing people who have time for hobbies, social lives, or (crazy thought) dating, and i’m genuinely wondering how they do it. are they wizards? do they just sleep less? am i missing some secret to work-life balance, or is this just how it is?",1.0,0.8536001673665748,2
1bowupc,sysadmin,Big-Driver-3622,2024-03-27 08:25:53,1711527953,2024,3,Wednesday,8,2024-03,Very often I find myself in seemingly endless loops when trying to move forward in providing a solution. And before I find solution I loose drive. How do you do it?,"I am not sure if this is happening only to me or if it is a normal occurence. But it is becoming to be an issue for me.

For example:
Production wants me to make one website accesible or route a traffic in different path. I get down to inspecting why the connection between client is not being made. 
I find out that the dns resolves address which is in our private space but should be routed towards customer over s2s tunnel. I move the issue to my manager and tell him what they want. He tells me to make a routing exception and forward traffic to their tunnel. I say this is bullshit. I ask him to confirm this over email. He forgots to react to email and does so after a month the production reminds him.
 I forward the traffic to the s2s tunnel. I find out that this specific ip is part of bigger subnet routing exception made by my predecessor. So I am making an exception in exception (can't fix this properly because production is 24/7). I finally make the correct routing and in the end the issue is still on the other side of s2s. Meeting is made between me and client I take the meeting during my vacation because I want to be done with this bullshit. But other on site support isn't available to test the connection. Meeting adjourned. At this point I am well burned out and have no drive and motivation to fix this issue even though it might come back to bite me later when the  client asks why the fcking website doesn't work for over two months.

The exceptions in routing which I mentioned are spanning all over ranges of subnets. I hate it deerly. And very often it is a rabbit hole dive to solve anything. These exceptions were made by my predecesor.

How do you face the issues which aren't caused by you, you have to solve it in a way that you hate and in the end noone is happy. Where do you take the motivation to continue your work when the satisfaction from properly done job isn't there?","Very often I find myself in seemingly endless loops when trying to move forward in providing a solution. And before I find solution I loose drive. How do you do it?
I am not sure if this is happening only to me or if it is a normal occurence. But it is becoming to be an issue for me.

For example:
Production wants me to make one website accesible or route a traffic in different path. I get down to inspecting why the connection between client is not being made. 
I find out that the dns resolves address which is in our private space but should be routed towards customer over s2s tunnel. I move the issue to my manager and tell him what they want. He tells me to make a routing exception and forward traffic to their tunnel. I say this is bullshit. I ask him to confirm this over email. He forgots to react to email and does so after a month the production reminds him.
 I forward the traffic to the s2s tunnel. I find out that this specific ip is part of bigger subnet routing exception made by my predecessor. So I am making an exception in exception (can't fix this properly because production is 24/7). I finally make the correct routing and in the end the issue is still on the other side of s2s. Meeting is made between me and client I take the meeting during my vacation because I want to be done with this bullshit. But other on site support isn't available to test the connection. Meeting adjourned. At this point I am well burned out and have no drive and motivation to fix this issue even though it might come back to bite me later when the  client asks why the fcking website doesn't work for over two months.

The exceptions in routing which I mentioned are spanning all over ranges of subnets. I hate it deerly. And very often it is a rabbit hole dive to solve anything. These exceptions were made by my predecesor.

How do you face the issues which aren't caused by you, you have to solve it in a way that you hate and in the end noone is happy. Where do you take the motivation to continue your work when the satisfaction from properly done job isn't there?","very often i find myself in seemingly endless loops when trying to move forward in providing a solution. and before i find solution i loose drive. how do you do it? i am not sure if this is happening only to me or if it is a normal occurence. but it is becoming to be an issue for me. for example: production wants me to make one website accesible or route a traffic in different path. i get down to inspecting why the connection between client is not being made. i find out that the dns resolves address which is in our private space but should be routed towards customer over s s tunnel. i move the issue to my manager and tell him what they want. he tells me to make a routing exception and forward traffic to their tunnel. i say this is bullshit. i ask him to confirm this over email. he forgots to react to email and does so after a month the production reminds him. i forward the traffic to the s s tunnel. i find out that this specific ip is part of bigger subnet routing exception made by my predecessor. so i am making an exception in exception . i finally make the correct routing and in the end the issue is still on the other side of s s. meeting is made between me and client i take the meeting during my vacation because i want to be done with this bullshit. but other on site support isn t available to test the connection. meeting adjourned. at this point i am well burned out and have no drive and motivation to fix this issue even though it might come back to bite me later when the client asks why the fcking website doesn t work for over two months. the exceptions in routing which i mentioned are spanning all over ranges of subnets. i hate it deerly. and very often it is a rabbit hole dive to solve anything. these exceptions were made by my predecesor. how do you face the issues which aren t caused by you, you have to solve it in a way that you hate and in the end noone is happy. where do you take the motivation to continue your work when the satisfaction from properly done job isn t there?",2077.0,2019.0,394.0,2.0,1.0,3.0,,/r/sysadmin/comments/1bowupc/very_often_i_find_myself_in_seemingly_endless/,https://www.reddit.com/r/sysadmin/comments/1bowupc/very_often_i_find_myself_in_seemingly_endless/,"very often i find myself in seemingly endless loops when trying to move forward in providing a solution. and before i find solution i loose drive. how do you do it? i am not sure if this is happening only to me or if it is a normal occurence. but it is becoming to be an issue for me. for example: production wants me to make one website accesible or route a traffic in different path. i get down to inspecting why the connection between client is not being made. i find out that the dns resolves address which is in our private space but should be routed towards customer over s2s tunnel. i move the issue to my manager and tell him what they want. he tells me to make a routing exception and forward traffic to their tunnel. i say this is bullshit. i ask him to confirm this over email. he forgots to react to email and does so after a month the production reminds him. i forward the traffic to the s2s tunnel. i find out that this specific ip is part of bigger subnet routing exception made by my predecessor. so i am making an exception in exception (can't fix this properly because production is 24/7). i finally make the correct routing and in the end the issue is still on the other side of s2s. meeting is made between me and client i take the meeting during my vacation because i want to be done with this bullshit. but other on site support isn't available to test the connection. meeting adjourned. at this point i am well burned out and have no drive and motivation to fix this issue even though it might come back to bite me later when the client asks why the fcking website doesn't work for over two months. the exceptions in routing which i mentioned are spanning all over ranges of subnets. i hate it deerly. and very often it is a rabbit hole dive to solve anything. these exceptions were made by my predecesor. how do you face the issues which aren't caused by you, you have to solve it in a way that you hate and in the end noone is happy. where do you take the motivation to continue your work when the satisfaction from properly done job isn't there?",1.0,0.8606801947325329,3
1cktr4a,AskNetsec,Cid4Breakfast,2024-05-05 15:25:53,1714922753,2024,5,Sunday,15,2024-05,Is Scripting Required for Your Role?,"How important is scripting for your role? Would you leave if you had to do everything manual?  
  
My employer won't give me permissions to install or use any scripting language. I'm repeatedly doing tasks manually that could be scripted and have a report generated. I've spent over a decade becoming proficient in multiple programming and scripting languages. I switched to a new role a year ago. I initially thought it was just until I earned trust but it's became evident my manager does not know any scripting language and won't help me get approval. Work load is increasing. 

I'm considering switching job but could also just accept this and live comfortable getting an average salary. I'm also concerned missing opportunities to skill up by not practicing.

Has anyone faced this issue and found a resolution?","Is Scripting Required for Your Role?
How important is scripting for your role? Would you leave if you had to do everything manual?  
  
My employer won't give me permissions to install or use any scripting language. I'm repeatedly doing tasks manually that could be scripted and have a report generated. I've spent over a decade becoming proficient in multiple programming and scripting languages. I switched to a new role a year ago. I initially thought it was just until I earned trust but it's became evident my manager does not know any scripting language and won't help me get approval. Work load is increasing. 

I'm considering switching job but could also just accept this and live comfortable getting an average salary. I'm also concerned missing opportunities to skill up by not practicing.

Has anyone faced this issue and found a resolution?",is scripting required for your role? how important is scripting for your role? would you leave if you had to do everything manual? my employer won t give me permissions to install or use any scripting language. i m repeatedly doing tasks manually that could be scripted and have a report generated. i ve spent over a decade becoming proficient in multiple programming and scripting languages. i switched to a new role a year ago. i initially thought it was just until i earned trust but it s became evident my manager does not know any scripting language and won t help me get approval. work load is increasing. i m considering switching job but could also just accept this and live comfortable getting an average salary. i m also concerned missing opportunities to skill up by not practicing. has anyone faced this issue and found a resolution?,853.0,845.0,148.0,1.0,1.0,0.0,Analysis,/r/AskNetsec/comments/1cktr4a/is_scripting_required_for_your_role/,https://www.reddit.com/r/AskNetsec/comments/1cktr4a/is_scripting_required_for_your_role/,is scripting required for your role? how important is scripting for your role? would you leave if you had to do everything manual? my employer won't give me permissions to install or use any scripting language. i'm repeatedly doing tasks manually that could be scripted and have a report generated. i've spent over a decade becoming proficient in multiple programming and scripting languages. i switched to a new role a year ago. i initially thought it was just until i earned trust but it's became evident my manager does not know any scripting language and won't help me get approval. work load is increasing. i'm considering switching job but could also just accept this and live comfortable getting an average salary. i'm also concerned missing opportunities to skill up by not practicing. has anyone faced this issue and found a resolution?,1.0,0.8730147325496738,1
1i2g8iw,sysadmin,ScientistNo2661,2025-01-16 03:50:12,1736999412,2025,1,Thursday,3,2025-01,Poor Performance Review,"I just had my yearly performance review with my senior director and he gave me a 2/5 which is the lowest score I've received after being here three years with the company (Fortune 100). The main reasons given were all vague about how I don't communicate well with stakeholders, need constant assistance in routine tasks/projects, miss deadlines, etc. When I pressed him for specifics he wouldn't tell me as it could reveal his sources. 

This doesn't track well at all according to my teammates as I'm always one to volunteer and help others with their tickets/projects and complete mine in their timeframe. For context we are a small team of 5 managing the storage environment and I am very close to 2 of the other engineers as we text and chat offline about life/games all the time. They along with my team lead all privately told me I'm an asset to the team and would die without my knowledge to assist them. 

Even though everyone else is a senior engineer they all typically come to me for questions about tickets, vendor specific information, internal processes, etc as I'm very good at what I do. However, my senior director was brought in this last year and has brought a dozen of his own guys in for a different department and created a good old boys system IMO. This other department is apart of DevOps and our director really doesn't understand what we do or our real impact at all since we don't have a manager and he has 100 people under him.

I guess I'm just frustrated because I was never told this last year I was slacking or doing my job wrong at any point. When I brought that up to my director he said it's the engineers responsibility to reach out to him and schedule a 1:1 to find that info out which is horse shit. 

I've made this a very general post as I don't want it to be traced back to me. But I know this is likely the end of my time here and I'm documenting everything in case of a lawsuit and that I need to look for other jobs. But I just need to vent that this is bullshit and all of his claims made no sense and couldn't even be verified by my teammates or tech lead. They all have my back and support me 100%. 

I guess I'm just sad this happens all the time in the corporate world and we have little control over when our time is up. I actually enjoyed my coworkers on my team besides my director and his cronies /:

","Poor Performance Review
I just had my yearly performance review with my senior director and he gave me a 2/5 which is the lowest score I've received after being here three years with the company (Fortune 100). The main reasons given were all vague about how I don't communicate well with stakeholders, need constant assistance in routine tasks/projects, miss deadlines, etc. When I pressed him for specifics he wouldn't tell me as it could reveal his sources. 

This doesn't track well at all according to my teammates as I'm always one to volunteer and help others with their tickets/projects and complete mine in their timeframe. For context we are a small team of 5 managing the storage environment and I am very close to 2 of the other engineers as we text and chat offline about life/games all the time. They along with my team lead all privately told me I'm an asset to the team and would die without my knowledge to assist them. 

Even though everyone else is a senior engineer they all typically come to me for questions about tickets, vendor specific information, internal processes, etc as I'm very good at what I do. However, my senior director was brought in this last year and has brought a dozen of his own guys in for a different department and created a good old boys system IMO. This other department is apart of DevOps and our director really doesn't understand what we do or our real impact at all since we don't have a manager and he has 100 people under him.

I guess I'm just frustrated because I was never told this last year I was slacking or doing my job wrong at any point. When I brought that up to my director he said it's the engineers responsibility to reach out to him and schedule a 1:1 to find that info out which is horse shit. 

I've made this a very general post as I don't want it to be traced back to me. But I know this is likely the end of my time here and I'm documenting everything in case of a lawsuit and that I need to look for other jobs. But I just need to vent that this is bullshit and all of his claims made no sense and couldn't even be verified by my teammates or tech lead. They all have my back and support me 100%. 

I guess I'm just sad this happens all the time in the corporate world and we have little control over when our time is up. I actually enjoyed my coworkers on my team besides my director and his cronies /:","poor performance review i just had my yearly performance review with my senior director and he gave me a which is the lowest score i ve received after being here three years with the company . the main reasons given were all vague about how i don t communicate well with stakeholders, need constant assistance in routine tasks projects, miss deadlines, etc. when i pressed him for specifics he wouldn t tell me as it could reveal his sources. this doesn t track well at all according to my teammates as i m always one to volunteer and help others with their tickets projects and complete mine in their timeframe. for context we are a small team of managing the storage environment and i am very close to of the other engineers as we text and chat offline about life games all the time. they along with my team lead all privately told me i m an asset to the team and would die without my knowledge to assist them. even though everyone else is a senior engineer they all typically come to me for questions about tickets, vendor specific information, internal processes, etc as i m very good at what i do. however, my senior director was brought in this last year and has brought a dozen of his own guys in for a different department and created a good old boys system imo. this other department is apart of devops and our director really doesn t understand what we do or our real impact at all since we don t have a manager and he has people under him. i guess i m just frustrated because i was never told this last year i was slacking or doing my job wrong at any point. when i brought that up to my director he said it s the engineers responsibility to reach out to him and schedule a : to find that info out which is horse shit. i ve made this a very general post as i don t want it to be traced back to me. but i know this is likely the end of my time here and i m documenting everything in case of a lawsuit and that i need to look for other jobs. but i just need to vent that this is bullshit and all of his claims made no sense and couldn t even be verified by my teammates or tech lead. they all have my back and support me . i guess i m just sad this happens all the time in the corporate world and we have little control over when our time is up. i actually enjoyed my coworkers on my team besides my director and his cronies :",2376.0,2335.0,460.0,0.0,0.5,6.0,General Discussion,/r/sysadmin/comments/1i2g8iw/poor_performance_review/,https://www.reddit.com/r/sysadmin/comments/1i2g8iw/poor_performance_review/,"poor performance review i just had my yearly performance review with my senior director and he gave me a 2/5 which is the lowest score i've received after being here three years with the company (fortune 100). the main reasons given were all vague about how i don't communicate well with stakeholders, need constant assistance in routine tasks/projects, miss deadlines, etc. when i pressed him for specifics he wouldn't tell me as it could reveal his sources. this doesn't track well at all according to my teammates as i'm always one to volunteer and help others with their tickets/projects and complete mine in their timeframe. for context we are a small team of 5 managing the storage environment and i am very close to 2 of the other engineers as we text and chat offline about life/games all the time. they along with my team lead all privately told me i'm an asset to the team and would die without my knowledge to assist them. even though everyone else is a senior engineer they all typically come to me for questions about tickets, vendor specific information, internal processes, etc as i'm very good at what i do. however, my senior director was brought in this last year and has brought a dozen of his own guys in for a different department and created a good old boys system imo. this other department is apart of devops and our director really doesn't understand what we do or our real impact at all since we don't have a manager and he has 100 people under him. i guess i'm just frustrated because i was never told this last year i was slacking or doing my job wrong at any point. when i brought that up to my director he said it's the engineers responsibility to reach out to him and schedule a 1:1 to find that info out which is horse shit. i've made this a very general post as i don't want it to be traced back to me. but i know this is likely the end of my time here and i'm documenting everything in case of a lawsuit and that i need to look for other jobs. but i just need to vent that this is bullshit and all of his claims made no sense and couldn't even be verified by my teammates or tech lead. they all have my back and support me 100%. i guess i'm just sad this happens all the time in the corporate world and we have little control over when our time is up. i actually enjoyed my coworkers on my team besides my director and his cronies /:",1.0,0.7765682726297487,1
1ibe4p4,sysadmin,dante_logan99,2025-01-27 17:06:59,1737997619,2025,1,Monday,17,2025-01,"Update from last year's (""Strange B icons"")- I still cry to this day lol","So some of you may or may not remember my post from last year but it was initially about a weird B icon I discovered on some of my coworkers desktops a morning. Long story short it was ransomware (i still sink in my chair to this day about it, that tragic morning on March 8th 2024). I was scrolling though mu old posts and saw it an laughed at myself looking back at how oblivious I was (plus you guys made me laugh)

  
Honestly was a terrible experience and I was not prepared for it, my work didnt wanna spend the money for an external party to assist us with getting back up and running, spent 1 month with my supervisor rebuilding the entire IT Infrastructure. Worked 18 hrs a day and man to this day it still affects me.

  
I believe it is the reason for my current burnout and probably dont know how to recover from it yet, but shoutout to you sys admins who have ever had to deal with this before. My heart goes out to you guys and I hope you guys and gals are doing well.","Update from last year's (""Strange B icons"")- I still cry to this day lol
So some of you may or may not remember my post from last year but it was initially about a weird B icon I discovered on some of my coworkers desktops a morning. Long story short it was ransomware (i still sink in my chair to this day about it, that tragic morning on March 8th 2024). I was scrolling though mu old posts and saw it an laughed at myself looking back at how oblivious I was (plus you guys made me laugh)

  
Honestly was a terrible experience and I was not prepared for it, my work didnt wanna spend the money for an external party to assist us with getting back up and running, spent 1 month with my supervisor rebuilding the entire IT Infrastructure. Worked 18 hrs a day and man to this day it still affects me.

  
I believe it is the reason for my current burnout and probably dont know how to recover from it yet, but shoutout to you sys admins who have ever had to deal with this before. My heart goes out to you guys and I hope you guys and gals are doing well.","update from last year s i still cry to this day lol so some of you may or may not remember my post from last year but it was initially about a weird b icon i discovered on some of my coworkers desktops a morning. long story short it was ransomware . i was scrolling though mu old posts and saw it an laughed at myself looking back at how oblivious i was honestly was a terrible experience and i was not prepared for it, my work didnt wanna spend the money for an external party to assist us with getting back up and running, spent month with my supervisor rebuilding the entire it infrastructure. worked hrs a day and man to this day it still affects me. i believe it is the reason for my current burnout and probably dont know how to recover from it yet, but shoutout to you sys admins who have ever had to deal with this before. my heart goes out to you guys and i hope you guys and gals are doing well.",1055.0,905.0,180.0,94.0,0.9300000071525574,28.0,,/r/sysadmin/comments/1ibe4p4/update_from_last_years_strange_b_icons_i_still/,https://www.reddit.com/r/sysadmin/comments/1ibe4p4/update_from_last_years_strange_b_icons_i_still/,"update from last year's (""strange b icons"")- i still cry to this day lol so some of you may or may not remember my post from last year but it was initially about a weird b icon i discovered on some of my coworkers desktops a morning. long story short it was ransomware (i still sink in my chair to this day about it, that tragic morning on march 8th 2024). i was scrolling though mu old posts and saw it an laughed at myself looking back at how oblivious i was (plus you guys made me laugh) honestly was a terrible experience and i was not prepared for it, my work didnt wanna spend the money for an external party to assist us with getting back up and running, spent 1 month with my supervisor rebuilding the entire it infrastructure. worked 18 hrs a day and man to this day it still affects me. i believe it is the reason for my current burnout and probably dont know how to recover from it yet, but shoutout to you sys admins who have ever had to deal with this before. my heart goes out to you guys and i hope you guys and gals are doing well.",1.0,0.5204353500083562,2
