id,Workplace Problem Guidance,Career Planning Advice,Emotional Support,Critical Pushback,Personal Relating,Discussion Direction,Practical Advice,Support Connections,informational_support,emotional_support,esteem_support,tangible_support,network_support,unsupportive_response,subreddit_source,post_id,w
lgc5exa,1.0,1.0,0.0,0.0,1.0,0.0,1.0,1.0,1.0,1.0,1.0,1.0,0.0,0.0,cybersecurity,1ej3s59,1.0
iipa2i7,0.0,0.0,0.0,0.0,0.0,0.0,1.0,1.0,1.0,0.0,0.0,1.0,0.0,0.0,sysadmin,wegdoc,10.72636
iansn36,1.0,0.0,0.0,0.0,0.0,1.0,1.0,1.0,1.0,0.0,1.0,1.0,0.0,0.0,sysadmin,v1lzf7,10.72636
k0kciqi,1.0,1.0,0.0,1.0,0.0,1.0,1.0,0.0,1.0,0.0,0.0,0.0,1.0,1.0,cybersecurity,16iggus,1.0
dtjcr0p,0.0,0.0,1.0,0.0,1.0,0.0,1.0,0.0,1.0,1.0,0.0,0.0,1.0,0.0,sysadmin,7ubr0x,10.72636
mc3tm6m,0.0,0.0,0.0,1.0,0.0,1.0,1.0,1.0,1.0,0.0,0.0,1.0,1.0,1.0,cybersecurity,1imd7bx,1.0
lvjqg1b,1.0,0.0,1.0,0.0,0.0,1.0,1.0,1.0,1.0,0.0,0.0,0.0,1.0,0.0,sysadmin,1gjuo0g,10.72636
ffwo4rp,0.0,1.0,0.0,1.0,0.0,0.0,1.0,1.0,1.0,1.0,0.0,0.0,0.0,0.0,sysadmin,evluxx,10.72636
kimw1wx,0.0,1.0,0.0,1.0,0.0,1.0,1.0,0.0,1.0,0.0,0.0,0.0,0.0,0.0,cybersecurity,19alo57,1.0
mk7gad1,0.0,0.0,0.0,0.0,1.0,0.0,0.0,0.0,0.0,0.0,0.0,0.0,1.0,1.0,cybersecurity,1jlb2yq,1.0
