post_id,subreddit_source,comment_count
1mgzor0,SecurityCareerAdvice,88
1ntv4pq,SecurityCareerAdvice,78
1muu4nu,SecurityCareerAdvice,57
1nog78o,SecurityCareerAdvice,54
1ntjb5v,SecurityCareerAdvice,39
pbl468,asknetsec,44
9tv4sg,asknetsec,43
asma3t,asknetsec,34
10iu8oi,asknetsec,32
sbl1b2,asknetsec,32
1qbpevw,ciso,29
1mzmorn,ciso,27
1otrhxl,ciso,18
1k7d8py,ciso,17
1pn16cu,ciso,16
1imd7bx,cybersecurity,268
1p0lne3,cybersecurity,219
1523gjl,cybersecurity,178
1mbwp26,cybersecurity,176
1pnfg75,cybersecurity,175
a8vuwj,sysadmin,583
ahme8l,sysadmin,404
9xcwzq,sysadmin,340
7uf1yl,sysadmin,328
am14nl,sysadmin,247
