label,family,total_yes,pct_of_comments
informational_support,taxonomy,41502,0.7789122029953831
Practical Advice,lloom,30745,0.5771216188313029
Personal Relating,lloom,27124,0.5090649750384745
Discussion Direction,lloom,24415,0.45830830455023275
Critical Pushback,lloom,24064,0.45171947739900886
Career Planning Advice,lloom,21347,0.40064186779775535
Emotional Support,lloom,20031,0.3759430952291581
Support Connections,lloom,18549,0.34812882399309336
emotional_support,taxonomy,16837,0.31599789797680267
Workplace Problem Guidance,lloom,15064,0.28272212004053904
esteem_support,taxonomy,14524,0.2726385343144616
network_support,taxonomy,12766,0.23959310836680306
tangible_support,taxonomy,11198,0.2101687280644132
unsupportive_response,taxonomy,10234,0.1920723696557937
