construct,label,family,rate_in_construct,rate_outside_construct,diff,cramers_v,std_resid_construct_label,chi2,p_raw,p_holm,sig_holm
MD,Career Planning Advice,lloom,0.405053584975358,0.2355741548960194,0.1694794300793385,0.1757747262680955,65.70384445425412,9159.095666251103,0.0,0.0,True
EX,Emotional Support,lloom,0.4149231274796024,0.2901485285965898,0.1247745988830126,0.1306284938434171,40.72646273493452,5058.428008629179,0.0,0.0,True
EX,Career Planning Advice,lloom,0.3513886137598729,0.2343798786508929,0.11700873510898,0.1286283441598553,41.9063711140652,4904.707273613854,0.0,0.0,True
EX,emotional_support,taxonomy,0.346566406983241,0.2308085505723131,0.1157578564109279,0.1277976816333114,41.75881287238303,4841.564092895808,0.0,0.0,True
COG,emotional_support,taxonomy,0.4294589652412481,0.2657970515741379,0.1636619136671102,0.1237829599051281,52.8716935384854,4542.149885964859,0.0,0.0,True
COG,Emotional Support,lloom,0.4921708292588667,0.3297632818836555,0.1624075473752112,0.1164813940513787,47.47168480571696,4022.0999059059454,0.0,0.0,True
COG,Support Connections,lloom,0.45821804878088,0.3181504821052647,0.1400675666756152,0.1014759772580481,41.82146012816103,3052.574131591399,0.0,0.0,True
COG,Practical Advice,lloom,0.6804518139853671,0.5334957011812775,0.1469561128040896,0.1012429380935644,34.247838230812306,3038.569782661036,0.0,0.0,True
MD,Emotional Support,lloom,0.419326166979314,0.3179300396468276,0.1013961273324863,0.1001473686211874,35.824809835995026,2973.1636877426577,0.0,0.0,True
