concept_1,concept_2,phi,jaccard,n_cooccur
Practical Advice,Support Connections,0.5521371914698039,0.5497406883545497,17490.0
Workplace Problem Guidance,Practical Advice,0.518549505641047,0.4351938858610537,13894.0
Critical Pushback,Discussion Direction,0.3659688883751642,0.47379136406454164,15592.0
Career Planning Advice,Practical Advice,0.3137246287774948,0.4941642052135012,17232.0
Discussion Direction,Practical Advice,0.30773180025281405,0.4704346204066405,17654.0
Workplace Problem Guidance,Support Connections,0.2969703352146013,0.3064516129032258,7885.0
Career Planning Advice,Emotional Support,0.2950084023109543,0.3650908850988025,11067.0
Workplace Problem Guidance,Discussion Direction,0.28392768626067155,0.3099044712750431,9343.0
Discussion Direction,Support Connections,0.22550104674780985,0.3487321114737635,11112.0
Workplace Problem Guidance,Emotional Support,0.17958582191927294,0.2699279950790607,7460.0
Workplace Problem Guidance,Career Planning Advice,0.16568691641123864,0.22068387529332886,6583.0
Workplace Problem Guidance,Critical Pushback,0.14255826261885074,0.26119739640394407,8106.0
Emotional Support,Practical Advice,0.13550411670336218,0.36092502277721206,13469.0
Critical Pushback,Practical Advice,0.13383313390300727,0.38687239155178954,15295.0
Career Planning Advice,Support Connections,0.1316822085787308,0.3307761582335479,9917.0
Career Planning Advice,Discussion Direction,0.12543510769662247,0.3499071043085906,11865.0
Career Planning Advice,Critical Pushback,0.10632719192451356,0.31982217573221755,11007.0
Emotional Support,Personal Relating,0.06200989772368111,0.32605027838704237,11595.0
Emotional Support,Support Connections,0.030091369921273353,0.2429367610579556,7541.0
Emotional Support,Discussion Direction,0.017224374283771826,0.2605046781967678,9188.0
Critical Pushback,Support Connections,0.015250771151404587,0.23834287208390226,8204.0
Emotional Support,Critical Pushback,-0.04031166943718322,0.23176385165326185,8299.0
Career Planning Advice,Personal Relating,-0.08629292249043317,0.2540553126536103,9820.0
Personal Relating,Support Connections,-0.12639853898289607,0.21498683265501556,8082.0
Workplace Problem Guidance,Personal Relating,-0.1286448105553352,0.19089959635306405,6763.0
Personal Relating,Practical Advice,-0.1945302606681282,0.3068412734251524,13590.0
Critical Pushback,Personal Relating,-0.2751355796865873,0.22000619534396074,9233.0
Personal Relating,Discussion Direction,-0.3061870138697693,0.20691592723526794,8838.0
