construct,label,observed_cramers_v,boot_mean_v,boot_ci_low,boot_ci_high,n_posts_in_construct
EMO,Career Planning Advice,0.3151049997954003,0.31536764182350757,0.2843287427583435,0.3438014625662758,5137
EX,Career Planning Advice,0.3054515561993547,0.30535698791415006,0.273837941516646,0.33511674095898425,4020
COG,Career Planning Advice,0.2642820515620608,0.26442278257330337,0.2168176082699732,0.31443229189136224,1433
MD,Career Planning Advice,0.2149292077010132,0.21555055237433704,0.17903990031990186,0.2506692945379458,2449
EMO,Emotional Support,0.18393039973046857,0.18415270914859075,0.1599448085630452,0.20857560252856364,5137
EX,Emotional Support,0.17144353866852058,0.17206779345513726,0.14458333084213845,0.19996578548770438,4020
EMO,emotional_support,0.1674733192668806,0.1679785811685275,0.14385363988539876,0.1946798193833851,5137
COG,Emotional Support,0.15953395685470567,0.15969233439463448,0.10704030604501229,0.20822527460068077,1433
COG,tangible_support,0.15613887398542675,0.15699939627183787,0.11615070220922681,0.19651574138992492,1433
EX,emotional_support,0.14883407080322444,0.14968246143766,0.11985677971800036,0.17774655313710713,4020
COG,emotional_support,0.13597383209464237,0.137941866844628,0.07943109764427078,0.19754321811181622,1433
MD,Emotional Support,0.1330447859616557,0.134082504987626,0.09785562903374867,0.16774793838172367,2449
EX,esteem_support,0.13098566015917418,0.13159752821413268,0.10072569860680831,0.16521992672161606,4020
EMO,esteem_support,0.12840947669938227,0.12885782198332277,0.10520056371104357,0.1534304996451836,5137
MD,emotional_support,0.12104917812368514,0.12264375285554822,0.08885905612349781,0.15762427907248083,2449
COG,Support Connections,0.10334562184279973,0.10601743314512695,0.05893496769871671,0.1561154945575132,1433
