date,n_exit_any,n_exit_explicit,n_total_posts,n_cve_run1,n_cve_run2,exit_rate_any,exit_rate_explicit
2018-01-07,11.0,1.0,171.0,33.0,0.0,0.06432748538011696,0.005847953216374269
2018-01-14,13.0,1.0,220.0,35.0,1.0,0.05909090909090909,0.004545454545454545
2018-01-21,14.0,2.0,243.0,18.0,1.0,0.05761316872427984,0.00823045267489712
2018-01-28,11.0,1.0,254.0,50.0,0.0,0.04330708661417323,0.003937007874015748
2018-02-04,8.0,1.0,238.0,37.0,1.0,0.03361344537815126,0.004201680672268907
2018-02-11,7.0,1.0,269.0,69.0,0.0,0.026022304832713755,0.0037174721189591076
2018-02-18,14.0,1.0,247.0,89.0,1.0,0.05668016194331984,0.004048582995951417
2018-02-25,7.0,1.0,222.0,42.0,0.0,0.03153153153153153,0.0045045045045045045
2018-03-04,16.0,4.0,254.0,38.0,1.0,0.06299212598425197,0.015748031496062992
2018-03-11,10.0,0.0,258.0,40.0,0.0,0.03875968992248062,0.0
2018-03-18,14.0,2.0,286.0,50.0,1.0,0.04895104895104895,0.006993006993006993
2018-03-25,15.0,5.0,290.0,29.0,0.0,0.05172413793103448,0.017241379310344827
2018-04-01,11.0,0.0,258.0,50.0,2.0,0.04263565891472868,0.0
2018-04-08,8.0,0.0,245.0,83.0,6.0,0.0326530612244898,0.0
2018-04-15,16.0,1.0,295.0,53.0,1.0,0.05423728813559322,0.003389830508474576
2018-04-22,14.0,3.0,284.0,216.0,0.0,0.04929577464788732,0.01056338028169014
2018-04-29,14.0,3.0,246.0,14.0,1.0,0.056910569105691054,0.012195121951219513
2018-05-06,18.0,3.0,251.0,29.0,1.0,0.07171314741035857,0.01195219123505976
2018-05-13,15.0,1.0,293.0,25.0,1.0,0.051194539249146756,0.0034129692832764505
2018-05-20,9.0,2.0,270.0,32.0,2.0,0.03333333333333333,0.007407407407407408
2018-05-27,17.0,0.0,254.0,27.0,0.0,0.06692913385826772,0.0
2018-06-03,18.0,2.0,271.0,41.0,0.0,0.06642066420664207,0.007380073800738007
2018-06-10,13.0,3.0,306.0,45.0,2.0,0.042483660130718956,0.00980392156862745
2018-06-17,12.0,0.0,267.0,140.0,1.0,0.0449438202247191,0.0
2018-06-24,13.0,1.0,252.0,39.0,0.0,0.051587301587301584,0.003968253968253968
2018-07-01,12.0,2.0,285.0,50.0,2.0,0.042105263157894736,0.007017543859649123
2018-07-08,14.0,2.0,232.0,42.0,0.0,0.0603448275862069,0.008620689655172414
2018-07-15,18.0,2.0,268.0,86.0,0.0,0.06716417910447761,0.007462686567164179
2018-07-22,12.0,0.0,292.0,80.0,0.0,0.0410958904109589,0.0
2018-07-29,10.0,1.0,273.0,31.0,0.0,0.03663003663003663,0.003663003663003663
2018-08-05,13.0,1.0,277.0,31.0,0.0,0.04693140794223827,0.0036101083032490976
2018-08-12,10.0,2.0,274.0,21.0,1.0,0.0364963503649635,0.0072992700729927005
2018-08-19,16.0,2.0,275.0,30.0,1.0,0.05818181818181818,0.007272727272727273
2018-08-26,12.0,1.0,247.0,44.0,6.0,0.048582995951417005,0.004048582995951417
2018-09-02,16.0,1.0,268.0,35.0,0.0,0.05970149253731343,0.0037313432835820895
2018-09-09,14.0,2.0,242.0,33.0,0.0,0.05785123966942149,0.008264462809917356
2018-09-16,19.0,4.0,245.0,26.0,0.0,0.07755102040816327,0.0163265306122449
2018-09-23,16.0,3.0,255.0,38.0,0.0,0.06274509803921569,0.011764705882352941
2018-09-30,21.0,2.0,229.0,57.0,0.0,0.09170305676855896,0.008733624454148471
2018-10-07,12.0,3.0,252.0,33.0,0.0,0.047619047619047616,0.011904761904761904
2018-10-14,14.0,1.0,263.0,29.0,0.0,0.053231939163498096,0.0038022813688212928
2018-10-21,10.0,1.0,275.0,55.0,1.0,0.03636363636363636,0.0036363636363636364
2018-10-28,24.0,2.0,291.0,15.0,0.0,0.08247422680412371,0.006872852233676976
2018-11-04,14.0,1.0,252.0,47.0,2.0,0.05555555555555555,0.003968253968253968
2018-11-11,16.0,3.0,256.0,28.0,1.0,0.0625,0.01171875
2018-11-18,11.0,2.0,235.0,37.0,0.0,0.04680851063829787,0.00851063829787234
2018-11-25,10.0,1.0,184.0,16.0,1.0,0.05434782608695652,0.005434782608695652
2018-12-02,13.0,1.0,261.0,40.0,0.0,0.04980842911877394,0.0038314176245210726
2018-12-09,19.0,6.0,299.0,25.0,2.0,0.06354515050167224,0.020066889632107024
2018-12-16,13.0,5.0,254.0,20.0,1.0,0.051181102362204724,0.01968503937007874
2018-12-23,13.0,1.0,262.0,78.0,10.0,0.04961832061068702,0.003816793893129771
2018-12-30,11.0,1.0,133.0,32.0,0.0,0.08270676691729323,0.007518796992481203
2019-01-06,18.0,3.0,235.0,29.0,2.0,0.07659574468085106,0.01276595744680851
2019-01-13,16.0,1.0,298.0,35.0,0.0,0.053691275167785234,0.003355704697986577
2019-01-20,14.0,1.0,277.0,39.0,3.0,0.05054151624548736,0.0036101083032490976
2019-01-27,23.0,5.0,312.0,10.0,0.0,0.07371794871794872,0.016025641025641024
2019-02-03,18.0,3.0,337.0,17.0,0.0,0.05341246290801187,0.008902077151335312
2019-02-10,24.0,5.0,324.0,48.0,2.0,0.07407407407407407,0.015432098765432098
2019-02-17,12.0,2.0,307.0,23.0,0.0,0.03908794788273615,0.006514657980456026
2019-02-24,21.0,4.0,309.0,26.0,0.0,0.06796116504854369,0.012944983818770227
2019-03-03,20.0,4.0,310.0,25.0,0.0,0.06451612903225806,0.012903225806451613
2019-03-10,28.0,7.0,308.0,52.0,2.0,0.09090909090909091,0.022727272727272728
2019-03-17,18.0,5.0,280.0,13.0,0.0,0.06428571428571428,0.017857142857142856
2019-03-24,9.0,3.0,278.0,34.0,0.0,0.03237410071942446,0.01079136690647482
2019-03-31,22.0,4.0,280.0,52.0,1.0,0.07857142857142857,0.014285714285714285
2019-04-07,20.0,1.0,302.0,45.0,2.0,0.06622516556291391,0.0033112582781456954
2019-04-14,16.0,5.0,291.0,34.0,0.0,0.054982817869415807,0.01718213058419244
2019-04-21,8.0,2.0,266.0,30.0,2.0,0.03007518796992481,0.007518796992481203
2019-04-28,14.0,2.0,254.0,59.0,0.0,0.05511811023622047,0.007874015748031496
2019-05-05,16.0,0.0,261.0,26.0,0.0,0.06130268199233716,0.0
2019-05-12,12.0,2.0,247.0,34.0,2.0,0.048582995951417005,0.008097165991902834
2019-05-19,19.0,3.0,264.0,44.0,0.0,0.07196969696969698,0.011363636363636364
2019-05-26,13.0,2.0,270.0,134.0,0.0,0.04814814814814815,0.007407407407407408
2019-06-02,19.0,5.0,267.0,23.0,0.0,0.07116104868913857,0.018726591760299626
2019-06-09,10.0,3.0,257.0,50.0,1.0,0.038910505836575876,0.011673151750972763
2019-06-16,11.0,0.0,250.0,43.0,2.0,0.044,0.0
2019-06-23,8.0,0.0,277.0,45.0,0.0,0.02888086642599278,0.0
2019-06-30,9.0,2.0,282.0,26.0,0.0,0.031914893617021274,0.0070921985815602835
2019-07-07,10.0,0.0,239.0,66.0,2.0,0.04184100418410042,0.0
2019-07-14,22.0,3.0,279.0,44.0,1.0,0.07885304659498207,0.010752688172043012
2019-07-21,14.0,1.0,273.0,64.0,0.0,0.05128205128205128,0.003663003663003663
2019-07-28,7.0,0.0,252.0,63.0,1.0,0.027777777777777776,0.0
2019-08-04,16.0,0.0,292.0,40.0,0.0,0.0547945205479452,0.0
2019-08-11,17.0,2.0,301.0,32.0,1.0,0.05647840531561462,0.006644518272425249
2019-08-18,12.0,5.0,310.0,54.0,0.0,0.03870967741935484,0.016129032258064516
2019-08-25,12.0,1.0,281.0,93.0,2.0,0.042704626334519574,0.0035587188612099642
2019-09-01,18.0,3.0,318.0,101.0,2.0,0.05660377358490566,0.009433962264150943
2019-09-08,11.0,4.0,251.0,26.0,0.0,0.043824701195219126,0.01593625498007968
2019-09-15,18.0,5.0,296.0,53.0,1.0,0.060810810810810814,0.016891891891891893
2019-09-22,13.0,5.0,268.0,45.0,3.0,0.048507462686567165,0.018656716417910446
2019-09-29,11.0,1.0,283.0,37.0,0.0,0.038869257950530034,0.0035335689045936395
2019-10-06,16.0,2.0,269.0,41.0,1.0,0.05947955390334572,0.007434944237918215
2019-10-13,11.0,2.0,284.0,48.0,1.0,0.03873239436619718,0.007042253521126761
2019-10-20,6.0,2.0,257.0,62.0,2.0,0.023346303501945526,0.007782101167315175
2019-10-27,9.0,0.0,284.0,39.0,0.0,0.03169014084507042,0.0
2019-11-03,14.0,2.0,276.0,51.0,3.0,0.050724637681159424,0.007246376811594203
2019-11-10,22.0,4.0,253.0,63.0,2.0,0.08695652173913043,0.015810276679841896
2019-11-17,15.0,4.0,287.0,49.0,1.0,0.05226480836236934,0.013937282229965157
2019-11-24,10.0,2.0,275.0,43.0,0.0,0.03636363636363636,0.007272727272727273
2019-12-01,11.0,2.0,203.0,32.0,2.0,0.054187192118226604,0.009852216748768473
2019-12-08,17.0,3.0,274.0,51.0,0.0,0.06204379562043796,0.010948905109489052
2019-12-15,16.0,2.0,256.0,67.0,1.0,0.0625,0.0078125
2019-12-22,10.0,2.0,254.0,77.0,3.0,0.03937007874015748,0.007874015748031496
2019-12-29,11.0,1.0,122.0,30.0,0.0,0.09016393442622951,0.00819672131147541
2020-01-05,10.0,2.0,198.0,23.0,0.0,0.050505050505050504,0.010101010101010102
2020-01-12,21.0,6.0,313.0,52.0,0.0,0.0670926517571885,0.019169329073482427
2020-01-19,14.0,2.0,302.0,27.0,0.0,0.046357615894039736,0.006622516556291391
2020-01-26,14.0,2.0,311.0,64.0,4.0,0.04501607717041801,0.006430868167202572
2020-02-02,14.0,3.0,312.0,64.0,0.0,0.04487179487179487,0.009615384615384616
2020-02-09,12.0,2.0,309.0,57.0,2.0,0.038834951456310676,0.006472491909385114
2020-02-16,16.0,2.0,332.0,62.0,0.0,0.04819277108433735,0.006024096385542169
2020-02-23,26.0,4.0,341.0,57.0,0.0,0.07624633431085044,0.011730205278592375
2020-03-01,7.0,3.0,329.0,29.0,1.0,0.02127659574468085,0.00911854103343465
2020-03-08,12.0,2.0,308.0,46.0,0.0,0.03896103896103896,0.006493506493506494
2020-03-15,13.0,1.0,295.0,63.0,2.0,0.04406779661016949,0.003389830508474576
2020-03-22,7.0,1.0,338.0,58.0,0.0,0.020710059171597635,0.0029585798816568047
2020-03-29,14.0,2.0,343.0,107.0,1.0,0.04081632653061224,0.0058309037900874635
2020-04-05,16.0,3.0,340.0,50.0,0.0,0.047058823529411764,0.008823529411764706
2020-04-12,15.0,2.0,295.0,71.0,1.0,0.05084745762711865,0.006779661016949152
2020-04-19,10.0,1.0,271.0,79.0,0.0,0.03690036900369004,0.0036900369003690036
2020-04-26,7.0,0.0,260.0,36.0,1.0,0.026923076923076925,0.0
2020-05-03,13.0,0.0,313.0,38.0,0.0,0.04153354632587859,0.0
2020-05-10,13.0,2.0,272.0,28.0,0.0,0.04779411764705882,0.007352941176470588
2020-05-17,12.0,2.0,268.0,33.0,0.0,0.04477611940298507,0.007462686567164179
2020-05-24,11.0,0.0,255.0,35.0,0.0,0.043137254901960784,0.0
2020-05-31,5.0,1.0,198.0,14.0,4.0,0.025252525252525252,0.005050505050505051
2020-06-07,10.0,1.0,243.0,43.0,1.0,0.0411522633744856,0.00411522633744856
2020-06-14,10.0,3.0,258.0,26.0,2.0,0.03875968992248062,0.011627906976744186
2020-06-21,18.0,3.0,236.0,46.0,2.0,0.07627118644067797,0.012711864406779662
2020-06-28,7.0,0.0,246.0,51.0,1.0,0.028455284552845527,0.0
2020-07-05,16.0,1.0,201.0,44.0,1.0,0.07960199004975124,0.004975124378109453
2020-07-12,12.0,1.0,255.0,16.0,0.0,0.047058823529411764,0.00392156862745098
2020-07-19,10.0,2.0,240.0,62.0,5.0,0.041666666666666664,0.008333333333333333
2020-07-26,12.0,1.0,275.0,33.0,0.0,0.04363636363636364,0.0036363636363636364
2020-08-02,10.0,1.0,268.0,55.0,0.0,0.03731343283582089,0.0037313432835820895
2020-08-09,15.0,3.0,282.0,13.0,1.0,0.05319148936170213,0.010638297872340425
2020-08-16,9.0,2.0,254.0,27.0,2.0,0.03543307086614173,0.007874015748031496
2020-08-23,10.0,2.0,282.0,27.0,0.0,0.03546099290780142,0.0070921985815602835
2020-08-30,11.0,1.0,284.0,25.0,3.0,0.03873239436619718,0.0035211267605633804
2020-09-06,5.0,0.0,253.0,58.0,1.0,0.019762845849802372,0.0
2020-09-13,15.0,2.0,235.0,32.0,1.0,0.06382978723404255,0.00851063829787234
2020-09-20,9.0,0.0,253.0,34.0,1.0,0.03557312252964427,0.0
2020-09-27,15.0,5.0,258.0,38.0,0.0,0.05813953488372093,0.01937984496124031
2020-10-04,11.0,1.0,266.0,27.0,0.0,0.041353383458646614,0.0037593984962406013
2020-10-11,13.0,2.0,261.0,21.0,0.0,0.04980842911877394,0.007662835249042145
2020-10-18,25.0,3.0,304.0,19.0,1.0,0.08223684210526316,0.009868421052631578
2020-10-25,14.0,2.0,299.0,53.0,0.0,0.046822742474916385,0.006688963210702341
2020-11-01,12.0,2.0,292.0,46.0,0.0,0.0410958904109589,0.00684931506849315
2020-11-08,11.0,3.0,269.0,44.0,0.0,0.040892193308550186,0.011152416356877323
2020-11-15,7.0,0.0,237.0,36.0,4.0,0.029535864978902954,0.0
2020-11-22,16.0,1.0,272.0,35.0,0.0,0.058823529411764705,0.003676470588235294
2020-11-29,7.0,1.0,193.0,37.0,0.0,0.03626943005181347,0.0051813471502590676
2020-12-06,12.0,2.0,304.0,30.0,1.0,0.039473684210526314,0.006578947368421052
2020-12-13,8.0,4.0,274.0,55.0,1.0,0.029197080291970802,0.014598540145985401
2020-12-20,21.0,2.0,278.0,64.0,3.0,0.07553956834532374,0.007194244604316547
2020-12-27,7.0,0.0,167.0,38.0,2.0,0.041916167664670656,0.0
2021-01-03,14.0,4.0,189.0,69.0,1.0,0.07407407407407407,0.021164021164021163
2021-01-10,17.0,2.0,213.0,41.0,3.0,0.07981220657276995,0.009389671361502348
2021-01-17,16.0,2.0,292.0,36.0,6.0,0.0547945205479452,0.00684931506849315
2021-01-24,17.0,0.0,296.0,26.0,0.0,0.057432432432432436,0.0
2021-01-31,35.0,4.0,321.0,41.0,1.0,0.10903426791277258,0.012461059190031152
2021-02-07,21.0,1.0,294.0,52.0,0.0,0.07142857142857142,0.003401360544217687
2021-02-14,16.0,0.0,281.0,74.0,0.0,0.05693950177935943,0.0
2021-02-21,15.0,0.0,246.0,28.0,1.0,0.06097560975609756,0.0
2021-02-28,17.0,2.0,238.0,33.0,1.0,0.07142857142857142,0.008403361344537815
2021-03-07,14.0,1.0,304.0,42.0,2.0,0.046052631578947366,0.003289473684210526
2021-03-14,15.0,3.0,306.0,24.0,0.0,0.049019607843137254,0.00980392156862745
2021-03-21,16.0,5.0,299.0,25.0,1.0,0.05351170568561873,0.016722408026755852
2021-03-28,13.0,3.0,275.0,25.0,0.0,0.04727272727272727,0.01090909090909091
2021-04-04,21.0,4.0,255.0,38.0,0.0,0.08235294117647059,0.01568627450980392
2021-04-11,18.0,5.0,229.0,32.0,0.0,0.07860262008733625,0.021834061135371178
2021-04-18,17.0,1.0,274.0,56.0,1.0,0.06204379562043796,0.0036496350364963502
2021-04-25,20.0,5.0,252.0,21.0,2.0,0.07936507936507936,0.01984126984126984
2021-05-02,20.0,3.0,306.0,51.0,1.0,0.06535947712418301,0.00980392156862745
2021-05-09,15.0,1.0,258.0,46.0,1.0,0.05813953488372093,0.003875968992248062
2021-05-16,18.0,3.0,255.0,28.0,2.0,0.07058823529411765,0.011764705882352941
2021-05-23,19.0,4.0,287.0,19.0,0.0,0.06620209059233449,0.013937282229965157
2021-05-30,18.0,2.0,257.0,45.0,1.0,0.07003891050583658,0.007782101167315175
2021-06-06,14.0,2.0,256.0,25.0,1.0,0.0546875,0.0078125
2021-06-13,20.0,2.0,258.0,37.0,3.0,0.07751937984496124,0.007751937984496124
2021-06-20,22.0,2.0,276.0,32.0,1.0,0.07971014492753623,0.007246376811594203
2021-06-27,16.0,3.0,266.0,29.0,0.0,0.06015037593984962,0.011278195488721804
2021-07-04,27.0,4.0,240.0,32.0,0.0,0.1125,0.016666666666666666
2021-07-11,21.0,3.0,267.0,25.0,1.0,0.07865168539325842,0.011235955056179775
2021-07-18,28.0,5.0,299.0,31.0,0.0,0.09364548494983277,0.016722408026755852
2021-07-25,18.0,1.0,236.0,42.0,2.0,0.07627118644067797,0.00423728813559322
2021-08-01,17.0,3.0,262.0,30.0,0.0,0.0648854961832061,0.011450381679389313
2021-08-08,9.0,1.0,233.0,60.0,0.0,0.03862660944206009,0.004291845493562232
2021-08-15,10.0,2.0,209.0,58.0,3.0,0.04784688995215311,0.009569377990430622
2021-08-22,13.0,2.0,237.0,33.0,0.0,0.05485232067510549,0.008438818565400843
2021-08-29,16.0,2.0,286.0,33.0,3.0,0.055944055944055944,0.006993006993006993
2021-09-05,22.0,3.0,248.0,34.0,0.0,0.08870967741935484,0.012096774193548387
2021-09-12,20.0,5.0,200.0,54.0,1.0,0.1,0.025
2021-09-19,35.0,3.0,272.0,43.0,2.0,0.12867647058823528,0.011029411764705883
2021-09-26,12.0,1.0,236.0,20.0,1.0,0.05084745762711865,0.00423728813559322
2021-10-03,23.0,5.0,277.0,40.0,1.0,0.08303249097472924,0.018050541516245487
2021-10-10,21.0,2.0,243.0,47.0,1.0,0.08641975308641975,0.00823045267489712
2021-10-17,20.0,3.0,309.0,34.0,2.0,0.06472491909385113,0.009708737864077669
2021-10-24,19.0,4.0,301.0,25.0,1.0,0.06312292358803986,0.013289036544850499
2021-10-31,16.0,3.0,264.0,40.0,2.0,0.06060606060606061,0.011363636363636364
2021-11-07,29.0,1.0,309.0,57.0,2.0,0.09385113268608414,0.003236245954692557
2021-11-14,28.0,6.0,322.0,45.0,1.0,0.08695652173913043,0.018633540372670808
2021-11-21,17.0,5.0,274.0,18.0,1.0,0.06204379562043796,0.01824817518248175
2021-11-28,21.0,6.0,243.0,14.0,0.0,0.08641975308641975,0.024691358024691357
2021-12-05,22.0,2.0,296.0,38.0,0.0,0.07432432432432433,0.006756756756756757
2021-12-12,24.0,5.0,296.0,63.0,5.0,0.08108108108108109,0.016891891891891893
2021-12-19,23.0,0.0,293.0,48.0,1.0,0.07849829351535836,0.0
2021-12-26,13.0,2.0,209.0,74.0,7.0,0.06220095693779904,0.009569377990430622
2022-01-02,11.0,2.0,147.0,51.0,1.0,0.07482993197278912,0.013605442176870748
2022-01-09,23.0,5.0,278.0,20.0,2.0,0.08273381294964029,0.017985611510791366
2022-01-16,34.0,6.0,294.0,41.0,0.0,0.11564625850340136,0.02040816326530612
2022-01-23,25.0,2.0,354.0,47.0,0.0,0.07062146892655367,0.005649717514124294
2022-01-30,33.0,5.0,342.0,50.0,0.0,0.09649122807017543,0.014619883040935672
2022-02-06,23.0,4.0,300.0,70.0,2.0,0.07666666666666666,0.013333333333333334
2022-02-13,26.0,5.0,343.0,49.0,7.0,0.07580174927113703,0.014577259475218658
2022-02-20,33.0,11.0,333.0,81.0,5.0,0.0990990990990991,0.03303303303303303
2022-02-27,18.0,3.0,294.0,58.0,1.0,0.061224489795918366,0.01020408163265306
2022-03-06,24.0,0.0,297.0,47.0,1.0,0.08080808080808081,0.0
2022-03-13,34.0,2.0,342.0,49.0,1.0,0.09941520467836257,0.005847953216374269
2022-03-20,39.0,5.0,340.0,116.0,0.0,0.11470588235294117,0.014705882352941176
2022-03-27,26.0,5.0,346.0,77.0,10.0,0.07514450867052024,0.014450867052023121
2022-04-03,26.0,5.0,334.0,79.0,6.0,0.07784431137724551,0.014970059880239521
2022-04-10,38.0,4.0,356.0,61.0,0.0,0.10674157303370786,0.011235955056179775
2022-04-17,23.0,5.0,356.0,57.0,4.0,0.06460674157303371,0.014044943820224719
2022-04-24,33.0,10.0,329.0,58.0,1.0,0.10030395136778116,0.030395136778115502
2022-05-01,20.0,4.0,320.0,47.0,0.0,0.0625,0.0125
2022-05-08,28.0,2.0,334.0,73.0,1.0,0.08383233532934131,0.005988023952095809
2022-05-15,26.0,4.0,308.0,122.0,1.0,0.08441558441558442,0.012987012987012988
2022-05-22,27.0,3.0,297.0,64.0,5.0,0.09090909090909091,0.010101010101010102
2022-05-29,25.0,4.0,287.0,41.0,0.0,0.08710801393728224,0.013937282229965157
2022-06-05,20.0,2.0,237.0,107.0,0.0,0.08438818565400844,0.008438818565400843
2022-06-12,16.0,0.0,283.0,41.0,2.0,0.05653710247349823,0.0
2022-06-19,18.0,2.0,298.0,74.0,0.0,0.06040268456375839,0.006711409395973154
2022-06-26,25.0,2.0,291.0,50.0,3.0,0.0859106529209622,0.006872852233676976
2022-07-03,30.0,3.0,265.0,42.0,0.0,0.11320754716981132,0.011320754716981131
2022-07-10,22.0,7.0,263.0,36.0,3.0,0.08365019011406843,0.026615969581749048
2022-07-17,34.0,8.0,301.0,31.0,1.0,0.11295681063122924,0.026578073089700997
2022-07-24,33.0,5.0,305.0,44.0,0.0,0.10819672131147541,0.01639344262295082
2022-07-31,26.0,2.0,315.0,41.0,3.0,0.08253968253968254,0.006349206349206349
2022-08-07,42.0,5.0,313.0,84.0,1.0,0.134185303514377,0.01597444089456869
2022-08-14,39.0,1.0,320.0,49.0,1.0,0.121875,0.003125
2022-08-21,26.0,4.0,332.0,57.0,1.0,0.0783132530120482,0.012048192771084338
2022-08-28,30.0,4.0,353.0,118.0,0.0,0.08498583569405099,0.0113314447592068
2022-09-04,25.0,4.0,267.0,54.0,2.0,0.09363295880149813,0.0149812734082397
2022-09-11,27.0,5.0,251.0,41.0,2.0,0.10756972111553785,0.0199203187250996
2022-09-18,26.0,4.0,285.0,65.0,2.0,0.0912280701754386,0.014035087719298246
2022-09-25,31.0,3.0,268.0,95.0,3.0,0.11567164179104478,0.011194029850746268
2022-10-02,25.0,1.0,312.0,35.0,0.0,0.08012820512820513,0.003205128205128205
2022-10-09,19.0,2.0,256.0,29.0,0.0,0.07421875,0.0078125
2022-10-16,13.0,0.0,275.0,58.0,0.0,0.04727272727272727,0.0
2022-10-23,26.0,3.0,291.0,54.0,3.0,0.08934707903780069,0.010309278350515464
2022-10-30,33.0,5.0,292.0,82.0,13.0,0.11301369863013698,0.017123287671232876
2022-11-06,26.0,1.0,295.0,41.0,0.0,0.08813559322033898,0.003389830508474576
2022-11-13,25.0,3.0,281.0,52.0,1.0,0.08896797153024912,0.010676156583629894
2022-11-20,32.0,2.0,318.0,48.0,1.0,0.10062893081761007,0.006289308176100629
2022-11-27,25.0,4.0,228.0,80.0,1.0,0.10964912280701754,0.017543859649122806
2022-12-04,23.0,4.0,276.0,38.0,0.0,0.08333333333333333,0.014492753623188406
2022-12-11,18.0,4.0,286.0,34.0,5.0,0.06293706293706294,0.013986013986013986
2022-12-18,20.0,4.0,263.0,49.0,0.0,0.07604562737642585,0.015209125475285171
2022-12-25,18.0,2.0,224.0,78.0,1.0,0.08035714285714286,0.008928571428571428
2023-01-01,23.0,5.0,205.0,57.0,0.0,0.11219512195121951,0.024390243902439025
2023-01-08,30.0,3.0,273.0,21.0,1.0,0.10989010989010989,0.01098901098901099
2023-01-15,34.0,5.0,319.0,112.0,0.0,0.10658307210031348,0.01567398119122257
2023-01-22,32.0,6.0,345.0,43.0,1.0,0.0927536231884058,0.017391304347826087
2023-01-29,35.0,5.0,306.0,82.0,1.0,0.11437908496732026,0.016339869281045753
2023-02-05,21.0,1.0,347.0,76.0,2.0,0.06051873198847262,0.002881844380403458
2023-02-12,28.0,3.0,346.0,39.0,1.0,0.08092485549132948,0.008670520231213872
2023-02-19,45.0,5.0,336.0,48.0,2.0,0.13392857142857142,0.01488095238095238
2023-02-26,36.0,1.0,341.0,49.0,1.0,0.10557184750733138,0.002932551319648094
2023-03-05,22.0,1.0,320.0,44.0,1.0,0.06875,0.003125
2023-03-12,20.0,2.0,323.0,53.0,2.0,0.06191950464396285,0.006191950464396285
2023-03-19,27.0,3.0,321.0,44.0,2.0,0.08411214953271028,0.009345794392523364
2023-03-26,26.0,3.0,314.0,49.0,0.0,0.08280254777070063,0.009554140127388535
2023-04-02,27.0,1.0,301.0,61.0,1.0,0.08970099667774087,0.0033222591362126247
2023-04-09,26.0,3.0,272.0,66.0,1.0,0.09558823529411764,0.011029411764705883
2023-04-16,21.0,2.0,263.0,63.0,1.0,0.07984790874524715,0.0076045627376425855
2023-04-23,21.0,2.0,294.0,34.0,4.0,0.07142857142857142,0.006802721088435374
2023-04-30,23.0,3.0,301.0,47.0,1.0,0.07641196013289037,0.009966777408637873
2023-05-07,19.0,3.0,320.0,32.0,1.0,0.059375,0.009375
2023-05-14,23.0,2.0,312.0,58.0,1.0,0.07371794871794872,0.00641025641025641
2023-05-21,36.0,5.0,312.0,37.0,0.0,0.11538461538461539,0.016025641025641024
2023-05-28,23.0,5.0,287.0,45.0,0.0,0.08013937282229965,0.017421602787456445
2023-06-04,27.0,2.0,285.0,44.0,1.0,0.09473684210526316,0.007017543859649123
2023-06-11,19.0,2.0,263.0,43.0,1.0,0.07224334600760456,0.0076045627376425855
2023-06-18,14.0,1.0,233.0,55.0,0.0,0.060085836909871244,0.004291845493562232
2023-06-25,22.0,2.0,238.0,45.0,1.0,0.09243697478991597,0.008403361344537815
2023-07-02,16.0,2.0,277.0,46.0,2.0,0.05776173285198556,0.007220216606498195
2023-07-09,37.0,2.0,347.0,40.0,1.0,0.10662824207492795,0.005763688760806916
2023-07-16,43.0,3.0,406.0,63.0,0.0,0.10591133004926108,0.007389162561576354
2023-07-23,36.0,5.0,386.0,26.0,2.0,0.09326424870466321,0.012953367875647668
2023-07-30,33.0,3.0,358.0,45.0,1.0,0.09217877094972067,0.008379888268156424
2023-08-06,33.0,4.0,356.0,57.0,1.0,0.09269662921348315,0.011235955056179775
2023-08-13,38.0,1.0,389.0,61.0,0.0,0.09768637532133675,0.002570694087403599
2023-08-20,35.0,1.0,359.0,66.0,0.0,0.09749303621169916,0.002785515320334262
2023-08-27,38.0,2.0,350.0,45.0,1.0,0.10857142857142857,0.005714285714285714
2023-09-03,55.0,5.0,405.0,71.0,2.0,0.13580246913580246,0.012345679012345678
2023-09-10,32.0,4.0,369.0,35.0,2.0,0.08672086720867209,0.01084010840108401
2023-09-17,42.0,4.0,424.0,49.0,1.0,0.09905660377358491,0.009433962264150943
2023-09-24,31.0,1.0,410.0,60.0,2.0,0.07560975609756097,0.0024390243902439024
2023-10-01,26.0,3.0,406.0,62.0,3.0,0.06403940886699508,0.007389162561576354
2023-10-08,32.0,1.0,373.0,51.0,3.0,0.08579088471849866,0.002680965147453083
2023-10-15,38.0,5.0,351.0,45.0,3.0,0.10826210826210826,0.014245014245014245
2023-10-22,45.0,1.0,379.0,62.0,4.0,0.11873350923482849,0.002638522427440633
2023-10-29,35.0,3.0,398.0,108.0,1.0,0.08793969849246232,0.007537688442211055
2023-11-05,38.0,5.0,360.0,48.0,2.0,0.10555555555555556,0.013888888888888888
2023-11-12,30.0,2.0,379.0,31.0,3.0,0.079155672823219,0.005277044854881266
2023-11-19,25.0,4.0,398.0,42.0,1.0,0.06281407035175879,0.010050251256281407
2023-11-26,29.0,5.0,301.0,31.0,3.0,0.09634551495016612,0.016611295681063124
2023-12-03,26.0,2.0,357.0,67.0,0.0,0.07282913165266107,0.0056022408963585435
2023-12-10,23.0,2.0,348.0,77.0,1.0,0.06609195402298851,0.005747126436781609
2023-12-17,40.0,2.0,376.0,47.0,2.0,0.10638297872340426,0.005319148936170213
2023-12-24,14.0,1.0,302.0,82.0,4.0,0.046357615894039736,0.0033112582781456954
2023-12-31,22.0,2.0,241.0,53.0,9.0,0.0912863070539419,0.008298755186721992
2024-01-07,27.0,5.0,324.0,30.0,3.0,0.08333333333333333,0.015432098765432098
2024-01-14,40.0,2.0,426.0,81.0,6.0,0.09389671361502347,0.004694835680751174
2024-01-21,39.0,1.0,411.0,39.0,2.0,0.0948905109489051,0.0024330900243309003
2024-01-28,35.0,0.0,457.0,60.0,7.0,0.07658643326039387,0.0
2024-02-04,39.0,3.0,449.0,41.0,3.0,0.08685968819599109,0.0066815144766146995
2024-02-11,40.0,4.0,463.0,88.0,2.0,0.08639308855291576,0.008639308855291577
2024-02-18,46.0,5.0,466.0,31.0,1.0,0.09871244635193133,0.01072961373390558
2024-02-25,37.0,2.0,409.0,13.0,5.0,0.09046454767726161,0.004889975550122249
2024-03-03,45.0,8.0,428.0,19.0,3.0,0.10514018691588785,0.018691588785046728
2024-03-10,44.0,4.0,441.0,12.0,0.0,0.09977324263038549,0.009070294784580499
2024-03-17,48.0,7.0,444.0,14.0,2.0,0.10810810810810811,0.015765765765765764
2024-03-24,31.0,5.0,432.0,14.0,2.0,0.07175925925925926,0.011574074074074073
2024-03-31,40.0,4.0,363.0,11.0,4.0,0.11019283746556474,0.011019283746556474
2024-04-07,40.0,6.0,453.0,10.0,2.0,0.08830022075055188,0.013245033112582781
2024-04-14,33.0,3.0,414.0,9.0,5.0,0.07971014492753623,0.007246376811594203
2024-04-21,48.0,6.0,441.0,10.0,0.0,0.10884353741496598,0.013605442176870748
2024-04-28,24.0,2.0,440.0,12.0,0.0,0.05454545454545454,0.004545454545454545
2024-05-05,43.0,5.0,389.0,19.0,0.0,0.11053984575835475,0.012853470437017995
2024-05-12,30.0,1.0,386.0,3.0,0.0,0.07772020725388601,0.0025906735751295338
2024-05-19,43.0,4.0,421.0,17.0,1.0,0.1021377672209026,0.009501187648456057
2024-05-26,21.0,5.0,375.0,3.0,0.0,0.056,0.013333333333333334
2024-06-02,31.0,4.0,409.0,13.0,2.0,0.07579462102689487,0.009779951100244499
2024-06-09,33.0,1.0,397.0,32.0,1.0,0.08312342569269521,0.0025188916876574307
2024-06-16,44.0,2.0,407.0,39.0,5.0,0.10810810810810811,0.004914004914004914
2024-06-23,26.0,2.0,322.0,8.0,1.0,0.08074534161490683,0.006211180124223602
2024-06-30,41.0,8.0,378.0,21.0,2.0,0.10846560846560846,0.021164021164021163
2024-07-07,33.0,4.0,303.0,20.0,3.0,0.10891089108910891,0.013201320132013201
2024-07-14,37.0,2.0,382.0,14.0,1.0,0.0968586387434555,0.005235602094240838
2024-07-21,34.0,1.0,460.0,24.0,3.0,0.07391304347826087,0.002173913043478261
2024-07-28,48.0,1.0,416.0,29.0,0.0,0.11538461538461539,0.002403846153846154
2024-08-04,36.0,2.0,400.0,19.0,0.0,0.09,0.005
2024-08-11,43.0,10.0,398.0,25.0,0.0,0.10804020100502512,0.02512562814070352
2024-08-18,31.0,2.0,388.0,34.0,3.0,0.07989690721649484,0.005154639175257732
2024-08-25,42.0,6.0,419.0,30.0,3.0,0.10023866348448687,0.014319809069212411
2024-09-01,30.0,4.0,424.0,57.0,1.0,0.07075471698113207,0.009433962264150943
2024-09-08,47.0,7.0,414.0,28.0,1.0,0.11352657004830918,0.016908212560386472
2024-09-15,32.0,3.0,369.0,28.0,2.0,0.08672086720867209,0.008130081300813009
2024-09-22,44.0,1.0,409.0,18.0,2.0,0.10757946210268948,0.0024449877750611247
2024-09-29,20.0,1.0,357.0,16.0,5.0,0.056022408963585436,0.0028011204481792717
2024-10-06,33.0,6.0,361.0,16.0,1.0,0.09141274238227147,0.01662049861495845
2024-10-13,35.0,2.0,369.0,10.0,0.0,0.0948509485094851,0.005420054200542005
2024-10-20,27.0,3.0,357.0,31.0,9.0,0.07563025210084033,0.008403361344537815
2024-10-27,34.0,6.0,397.0,11.0,1.0,0.08564231738035265,0.015113350125944584
2024-11-03,41.0,3.0,364.0,25.0,6.0,0.11263736263736264,0.008241758241758242
2024-11-10,26.0,3.0,320.0,16.0,8.0,0.08125,0.009375
2024-11-17,27.0,4.0,370.0,18.0,1.0,0.07297297297297298,0.010810810810810811
2024-11-24,32.0,2.0,367.0,34.0,0.0,0.08719346049046321,0.005449591280653951
2024-12-01,14.0,1.0,246.0,5.0,0.0,0.056910569105691054,0.0040650406504065045
2024-12-08,23.0,3.0,339.0,39.0,8.0,0.06784660766961652,0.008849557522123894
2024-12-15,28.0,3.0,352.0,29.0,2.0,0.07954545454545454,0.008522727272727272
2024-12-22,24.0,4.0,305.0,6.0,0.0,0.07868852459016394,0.013114754098360656
2024-12-29,18.0,2.0,173.0,1.0,0.0,0.10404624277456648,0.011560693641618497
2025-01-05,21.0,4.0,249.0,3.0,1.0,0.08433734939759036,0.01606425702811245
2025-01-12,35.0,4.0,407.0,7.0,1.0,0.085995085995086,0.009828009828009828
2025-01-19,42.0,6.0,423.0,27.0,8.0,0.09929078014184398,0.014184397163120567
2025-01-26,32.0,1.0,397.0,12.0,0.0,0.08060453400503778,0.0025188916876574307
2025-02-02,38.0,4.0,435.0,7.0,1.0,0.08735632183908046,0.009195402298850575
2025-02-09,37.0,1.0,463.0,11.0,2.0,0.07991360691144708,0.0021598272138228943
2025-02-16,32.0,4.0,371.0,15.0,1.0,0.0862533692722372,0.01078167115902965
2025-02-23,41.0,2.0,396.0,23.0,0.0,0.10353535353535354,0.005050505050505051
2025-03-02,48.0,3.0,428.0,11.0,1.0,0.11214953271028037,0.007009345794392523
2025-03-09,23.0,3.0,405.0,15.0,1.0,0.056790123456790124,0.007407407407407408
2025-03-16,27.0,4.0,378.0,17.0,1.0,0.07142857142857142,0.010582010582010581
2025-03-23,25.0,2.0,407.0,32.0,2.0,0.06142506142506143,0.004914004914004914
2025-03-30,40.0,7.0,390.0,8.0,0.0,0.10256410256410256,0.017948717948717947
2025-04-06,35.0,4.0,414.0,7.0,0.0,0.08454106280193237,0.00966183574879227
2025-04-13,58.0,1.0,415.0,4.0,1.0,0.13975903614457832,0.0024096385542168677
2025-04-20,31.0,1.0,376.0,4.0,1.0,0.08244680851063829,0.0026595744680851063
2025-04-27,31.0,3.0,330.0,6.0,3.0,0.09393939393939393,0.00909090909090909
2025-05-04,40.0,4.0,352.0,11.0,3.0,0.11363636363636363,0.011363636363636364
2025-05-11,40.0,2.0,380.0,48.0,1.0,0.10526315789473684,0.005263157894736842
2025-05-18,34.0,4.0,343.0,14.0,3.0,0.09912536443148688,0.011661807580174927
2025-05-25,28.0,2.0,414.0,9.0,0.0,0.06763285024154589,0.004830917874396135
2025-06-01,36.0,1.0,406.0,11.0,2.0,0.08866995073891626,0.0024630541871921183
2025-06-08,33.0,4.0,411.0,10.0,0.0,0.08029197080291971,0.009732360097323601
2025-06-15,37.0,1.0,379.0,9.0,0.0,0.09762532981530343,0.002638522427440633
2025-06-22,36.0,4.0,446.0,7.0,0.0,0.08071748878923767,0.008968609865470852
2025-06-29,33.0,2.0,390.0,13.0,2.0,0.08461538461538462,0.005128205128205128
2025-07-06,39.0,1.0,365.0,10.0,0.0,0.10684931506849316,0.0027397260273972603
2025-07-13,38.0,4.0,376.0,10.0,0.0,0.10106382978723404,0.010638297872340425
2025-07-20,34.0,2.0,375.0,24.0,0.0,0.09066666666666667,0.005333333333333333
2025-07-27,43.0,1.0,402.0,8.0,1.0,0.10696517412935323,0.0024875621890547263
2025-08-03,42.0,5.0,412.0,10.0,0.0,0.10194174757281553,0.012135922330097087
2025-08-10,31.0,3.0,365.0,6.0,0.0,0.08493150684931507,0.00821917808219178
2025-08-17,44.0,3.0,397.0,12.0,0.0,0.11083123425692695,0.007556675062972292
2025-08-24,28.0,3.0,393.0,10.0,0.0,0.07124681933842239,0.007633587786259542
2025-08-31,43.0,5.0,386.0,18.0,0.0,0.11139896373056994,0.012953367875647668
2025-09-07,40.0,1.0,380.0,8.0,1.0,0.10526315789473684,0.002631578947368421
2025-09-14,44.0,5.0,364.0,11.0,3.0,0.12087912087912088,0.013736263736263736
2025-09-21,24.0,0.0,399.0,21.0,1.0,0.06015037593984962,0.0
2025-09-28,23.0,1.0,383.0,9.0,1.0,0.06005221932114883,0.0026109660574412533
2025-10-05,40.0,4.0,382.0,29.0,0.0,0.10471204188481675,0.010471204188481676
2025-10-12,33.0,2.0,388.0,1.0,0.0,0.08505154639175258,0.005154639175257732
2025-10-19,31.0,3.0,352.0,12.0,0.0,0.08806818181818182,0.008522727272727272
2025-10-26,41.0,6.0,433.0,14.0,1.0,0.09468822170900693,0.013856812933025405
2025-11-02,39.0,9.0,403.0,30.0,1.0,0.0967741935483871,0.022332506203473945
2025-11-09,32.0,4.0,398.0,14.0,5.0,0.08040201005025126,0.010050251256281407
2025-11-16,31.0,5.0,407.0,9.0,1.0,0.07616707616707617,0.012285012285012284
2025-11-23,31.0,1.0,416.0,11.0,1.0,0.07451923076923077,0.002403846153846154
2025-11-30,27.0,0.0,363.0,13.0,0.0,0.0743801652892562,0.0
2025-12-07,31.0,2.0,375.0,24.0,3.0,0.08266666666666667,0.005333333333333333
2025-12-14,30.0,3.0,342.0,37.0,1.0,0.08771929824561403,0.008771929824561403
2025-12-21,26.0,2.0,322.0,17.0,3.0,0.08074534161490683,0.006211180124223602
2025-12-28,21.0,2.0,231.0,10.0,2.0,0.09090909090909091,0.008658008658008658
2026-01-04,26.0,1.0,295.0,13.0,0.0,0.08813559322033898,0.003389830508474576
2026-01-11,32.0,4.0,361.0,8.0,1.0,0.0886426592797784,0.0110803324099723
2026-01-18,37.0,6.0,412.0,24.0,1.0,0.08980582524271845,0.014563106796116505
2026-01-25,33.0,4.0,415.0,26.0,1.0,0.07951807228915662,0.00963855421686747
2026-02-01,24.0,3.0,384.0,12.0,1.0,0.0625,0.0078125
2026-02-08,28.0,3.0,382.0,30.0,5.0,0.07329842931937172,0.007853403141361256
2026-02-15,29.0,3.0,395.0,22.0,0.0,0.07341772151898734,0.007594936708860759
2026-02-22,29.0,1.0,404.0,13.0,2.0,0.07178217821782178,0.0024752475247524753
2026-03-01,39.0,8.0,428.0,82.0,7.0,0.0911214953271028,0.018691588785046728
2026-03-08,38.0,4.0,420.0,79.0,2.0,0.09047619047619047,0.009523809523809525
2026-03-15,47.0,5.0,423.0,31.0,2.0,0.1111111111111111,0.01182033096926714
2026-03-22,30.0,4.0,462.0,36.0,3.0,0.06493506493506493,0.008658008658008658
2026-03-29,36.0,3.0,436.0,56.0,4.0,0.08256880733944955,0.006880733944954129
2026-04-05,32.0,3.0,426.0,23.0,8.0,0.07511737089201878,0.007042253521126761
2026-04-12,44.0,7.0,471.0,39.0,3.0,0.09341825902335456,0.014861995753715499
2026-04-19,35.0,4.0,435.0,11.0,2.0,0.08045977011494253,0.009195402298850575
2026-04-26,37.0,3.0,384.0,27.0,4.0,0.09635416666666667,0.0078125
2026-05-03,0.0,0.0,0.0,14.0,2.0,,
2026-05-10,0.0,0.0,0.0,27.0,3.0,,
2026-05-17,0.0,0.0,0.0,12.0,2.0,,
2026-05-24,0.0,0.0,0.0,11.0,4.0,,
2026-05-31,0.0,0.0,0.0,33.0,0.0,,
