date,n_bat_ge1,n_bat_ge2,n_cve_run1,n_cve_run2
2018-01-01,174.0,59.0,154.0,3.0
2018-02-01,177.0,50.0,247.0,2.0
2018-03-01,209.0,73.0,179.0,3.0
2018-04-01,206.0,67.0,369.0,8.0
2018-05-01,237.0,76.0,144.0,4.0
2018-06-01,232.0,70.0,279.0,5.0
2018-07-01,229.0,75.0,247.0,0.0
2018-08-01,261.0,86.0,149.0,8.0
2018-09-01,198.0,76.0,160.0,0.0
2018-10-01,254.0,98.0,165.0,3.0
2018-11-01,191.0,62.0,135.0,2.0
2018-12-01,197.0,65.0,161.0,13.0
2019-01-01,259.0,90.0,120.0,5.0
2019-02-01,236.0,68.0,125.0,2.0
2019-03-01,236.0,81.0,152.0,3.0
2019-04-01,201.0,75.0,182.0,4.0
2019-05-01,204.0,80.0,246.0,2.0
2019-06-01,183.0,51.0,165.0,3.0
2019-07-01,196.0,65.0,262.0,4.0
2019-08-01,254.0,89.0,295.0,5.0
2019-09-01,209.0,63.0,171.0,5.0
2019-10-01,214.0,68.0,225.0,6.0
2019-11-01,175.0,53.0,192.0,5.0
2019-12-01,188.0,66.0,234.0,4.0
2020-01-01,201.0,69.0,221.0,4.0
2020-02-01,233.0,78.0,206.0,3.0
2020-03-01,268.0,96.0,286.0,3.0
2020-04-01,238.0,83.0,260.0,2.0
2020-05-01,191.0,75.0,112.0,4.0
2020-06-01,189.0,74.0,187.0,7.0
2020-07-01,210.0,74.0,189.0,5.0
2020-08-01,238.0,90.0,105.0,6.0
2020-09-01,204.0,63.0,163.0,3.0
2020-10-01,210.0,77.0,152.0,1.0
2020-11-01,179.0,60.0,157.0,4.0
2020-12-01,189.0,64.0,245.0,7.0
2021-01-01,250.0,97.0,150.0,11.0
2021-02-01,186.0,75.0,187.0,2.0
2021-03-01,233.0,91.0,138.0,3.0
2021-04-01,196.0,72.0,176.0,4.0
2021-05-01,209.0,81.0,140.0,4.0
2021-06-01,240.0,97.0,142.0,5.0
2021-07-01,262.0,98.0,139.0,3.0
2021-08-01,206.0,75.0,206.0,6.0
2021-09-01,230.0,91.0,165.0,5.0
2021-10-01,258.0,101.0,150.0,6.0
2021-11-01,241.0,87.0,145.0,4.0
2021-12-01,214.0,83.0,255.0,14.0
2022-01-01,264.0,108.0,169.0,2.0
2022-02-01,267.0,84.0,261.0,15.0
2022-03-01,319.0,124.0,346.0,15.0
2022-04-01,294.0,106.0,236.0,8.0
2022-05-01,261.0,84.0,304.0,7.0
2022-06-01,249.0,81.0,303.0,5.0
2022-07-01,269.0,108.0,162.0,7.0
2022-08-01,335.0,125.0,346.0,5.0
2022-09-01,267.0,104.0,252.0,7.0
2022-10-01,273.0,104.0,235.0,16.0
2022-11-01,280.0,113.0,223.0,3.0
2022-12-01,227.0,95.0,241.0,6.0
2023-01-01,314.0,120.0,287.0,3.0
2023-02-01,334.0,123.0,202.0,6.0
2023-03-01,325.0,132.0,229.0,6.0
2023-04-01,264.0,91.0,214.0,7.0
2023-05-01,288.0,106.0,200.0,3.0
2023-06-01,279.0,85.0,202.0,3.0
2023-07-01,373.0,163.0,191.0,5.0
2023-08-01,401.0,156.0,272.0,2.0
2023-09-01,371.0,141.0,220.0,10.0
2023-10-01,381.0,162.0,287.0,11.0
2023-11-01,333.0,105.0,190.0,9.0
2023-12-01,274.0,99.0,267.0,16.0
2024-01-01,368.0,147.0,232.0,19.0
2024-02-01,395.0,152.0,168.0,13.0
2024-03-01,392.0,159.0,53.0,8.0
2024-04-01,449.0,172.0,42.0,7.0
2024-05-01,378.0,142.0,51.0,2.0
2024-06-01,342.0,135.0,103.0,10.0
2024-07-01,424.0,156.0,99.0,7.0
2024-08-01,399.0,145.0,152.0,7.0
2024-09-01,323.0,133.0,92.0,10.0
2024-10-01,373.0,145.0,89.0,17.0
2024-11-01,281.0,118.0,76.0,9.0
2024-12-01,267.0,103.0,78.0,11.0
2025-01-01,401.0,136.0,53.0,10.0
2025-02-01,342.0,137.0,60.0,4.0
2025-03-01,342.0,135.0,72.0,4.0
2025-04-01,389.0,167.0,30.0,8.0
2025-05-01,361.0,147.0,84.0,6.0
2025-06-01,383.0,153.0,44.0,2.0
2025-07-01,401.0,156.0,52.0,1.0
2025-08-01,383.0,157.0,51.0,0.0
2025-09-01,348.0,153.0,63.0,6.0
2025-10-01,349.0,154.0,68.0,2.0
2025-11-01,340.0,151.0,51.0,7.0
2025-12-01,327.0,122.0,94.0,9.0
2026-01-01,367.0,137.0,77.0,4.0
2026-02-01,329.0,123.0,147.0,14.0
2026-03-01,389.0,170.0,210.0,14.0
2026-04-01,328.0,128.0,102.0,16.0
2026-05-01,0.0,0.0,87.0,9.0
