date,n_posts_total,n_burnout,n_EX,n_EMO,n_COG,n_MD
2018-01-01,6,0,0,0,0,0
2018-01-02,29,1,0,1,0,0
2018-01-03,38,1,1,0,0,0
2018-01-04,46,1,1,0,0,0
2018-01-05,30,3,1,2,1,0
2018-01-06,23,2,1,1,0,0
2018-01-07,16,0,0,0,0,0
2018-01-08,43,5,1,2,2,3
2018-01-09,48,3,1,2,1,0
2018-01-10,43,1,1,1,0,0
2018-01-11,58,7,3,4,3,2
2018-01-12,45,6,0,5,1,2
2018-01-13,17,2,2,1,1,0
2018-01-14,15,0,0,0,0,0
2018-01-15,43,4,0,4,0,2
2018-01-16,50,4,2,4,1,2
2018-01-17,50,4,3,2,0,1
2018-01-18,60,4,1,4,0,1
2018-01-19,47,3,2,1,0,2
2018-01-20,15,2,1,2,0,1
2018-01-21,18,0,0,0,0,0
2018-01-22,45,1,0,1,0,0
2018-01-23,45,4,1,4,0,1
2018-01-24,45,3,2,1,0,0
2018-01-25,53,5,1,3,1,1
2018-01-26,58,3,1,3,0,0
2018-01-27,14,1,1,0,0,0
2018-01-28,9,0,0,0,0,0
2018-01-29,41,2,1,1,1,0
2018-01-30,58,1,0,1,0,0
2018-01-31,54,3,2,2,0,1
2018-02-01,65,5,3,3,2,0
2018-02-02,47,5,1,4,2,1
2018-02-03,18,2,0,1,0,1
2018-02-04,16,2,0,2,0,0
2018-02-05,40,1,0,1,0,0
2018-02-06,50,1,0,1,0,0
2018-02-07,60,7,2,5,1,1
2018-02-08,53,5,2,2,2,2
2018-02-09,49,2,0,2,1,0
2018-02-10,16,1,0,1,0,0
2018-02-11,17,2,1,2,0,2
2018-02-12,39,3,2,2,2,2
2018-02-13,56,5,1,4,0,0
2018-02-14,54,5,2,5,1,2
2018-02-15,62,5,3,4,0,1
2018-02-16,56,2,2,1,0,0
2018-02-17,13,1,1,1,0,0
2018-02-18,11,1,0,1,0,0
2018-02-19,35,6,3,6,1,1
2018-02-20,41,4,2,2,0,1
2018-02-21,57,5,2,3,1,0
2018-02-22,63,3,2,1,0,0
2018-02-23,47,4,2,2,1,0
2018-02-24,18,2,1,0,1,0
2018-02-25,15,1,0,0,1,0
2018-02-26,50,3,0,2,0,1
2018-02-27,51,4,2,3,1,1
2018-02-28,52,0,0,0,0,0
2018-03-01,52,3,2,1,0,1
2018-03-02,47,3,1,1,1,1
2018-03-03,14,2,1,2,0,1
2018-03-04,15,2,2,1,0,0
2018-03-05,50,3,3,0,0,0
2018-03-06,48,3,2,3,1,1
2018-03-07,59,4,2,3,0,1
2018-03-08,48,3,3,2,0,0
2018-03-09,37,3,1,2,1,1
2018-03-10,24,3,1,3,1,0
2018-03-11,18,1,0,0,0,1
2018-03-12,60,3,1,1,1,0
2018-03-13,65,4,2,4,0,0
2018-03-14,59,6,3,3,1,0
2018-03-15,50,3,1,1,2,0
2018-03-16,53,3,1,1,1,0
2018-03-17,19,1,1,0,0,0
2018-03-18,27,1,0,1,0,0
2018-03-19,50,3,2,2,2,0
2018-03-20,59,5,4,3,1,2
2018-03-21,64,1,1,0,0,0
2018-03-22,57,8,2,5,4,1
2018-03-23,56,2,0,2,0,0
2018-03-24,32,2,2,1,1,1
2018-03-25,20,3,1,1,0,1
2018-03-26,36,3,3,1,0,0
2018-03-27,61,2,0,2,0,1
2018-03-28,62,2,0,2,1,1
2018-03-29,60,7,4,5,3,3
2018-03-30,19,0,0,0,0,0
2018-03-31,21,1,0,1,0,0
2018-04-01,13,1,0,1,0,0
2018-04-02,30,2,0,2,0,0
2018-04-03,61,1,1,0,0,0
2018-04-04,55,3,1,1,0,2
2018-04-05,48,3,2,2,0,1
2018-04-06,46,1,0,1,0,0
2018-04-07,18,0,0,0,0,0
2018-04-08,10,0,0,0,0,0
2018-04-09,43,3,1,2,0,0
2018-04-10,62,3,2,2,1,0
2018-04-11,77,3,0,2,0,1
2018-04-12,62,2,2,1,0,0
2018-04-13,39,3,2,2,0,1
2018-04-14,23,6,3,5,3,1
2018-04-15,16,3,0,3,0,1
2018-04-16,58,7,0,5,1,2
2018-04-17,55,6,2,3,1,1
2018-04-18,74,5,3,4,2,2
2018-04-19,58,5,2,3,0,1
2018-04-20,33,2,1,2,1,0
2018-04-21,19,3,1,2,0,2
2018-04-22,20,1,0,0,1,0
2018-04-23,48,2,1,1,0,0
2018-04-24,57,3,3,2,0,0
2018-04-25,69,4,1,3,0,1
2018-04-26,48,1,1,0,0,0
2018-04-27,37,7,3,5,2,0
2018-04-28,13,1,1,0,0,0
2018-04-29,16,0,0,0,0,0
2018-04-30,58,4,2,2,0,0
2018-05-01,43,2,1,1,0,1
2018-05-02,48,2,1,0,0,1
2018-05-03,71,4,1,3,0,1
2018-05-04,47,3,1,1,0,1
2018-05-05,17,4,3,3,0,2
2018-05-06,18,1,1,1,0,1
2018-05-07,43,3,1,1,0,1
2018-05-08,60,3,2,2,1,1
2018-05-09,70,4,1,2,1,0
2018-05-10,55,3,1,2,0,0
2018-05-11,55,2,0,1,0,2
2018-05-12,19,1,1,1,0,1
2018-05-13,16,0,0,0,0,0
2018-05-14,68,8,1,5,3,0
2018-05-15,54,2,1,1,1,0
2018-05-16,49,3,2,2,0,0
2018-05-17,39,2,1,1,0,0
2018-05-18,47,3,1,2,1,0
2018-05-19,19,4,3,1,0,1
2018-05-20,9,1,1,0,0,0
2018-05-21,45,5,4,3,2,1
2018-05-22,55,3,1,2,0,1
2018-05-23,68,4,2,3,1,1
2018-05-24,66,6,3,6,1,1
2018-05-25,55,4,0,4,0,1
2018-05-26,16,2,0,2,0,0
2018-05-27,12,1,0,0,1,0
2018-05-28,27,1,0,0,1,0
2018-05-29,55,2,0,2,0,1
2018-05-30,67,3,1,2,1,0
2018-05-31,62,2,1,2,0,1
2018-06-01,51,5,3,4,0,3
2018-06-02,25,0,0,0,0,0
2018-06-03,15,2,1,2,1,1
2018-06-04,43,3,2,2,0,0
2018-06-05,55,4,2,1,2,0
2018-06-06,63,1,1,0,0,0
2018-06-07,67,6,3,4,3,0
2018-06-08,56,6,3,4,0,2
2018-06-09,17,1,1,1,0,0
2018-06-10,21,1,0,1,0,0
2018-06-11,53,2,1,1,2,0
2018-06-12,59,5,3,5,1,2
2018-06-13,52,4,2,3,1,0
2018-06-14,54,1,1,1,0,1
2018-06-15,54,4,0,4,0,1
2018-06-16,18,3,1,3,0,0
2018-06-17,15,2,2,2,1,1
2018-06-18,50,4,1,3,0,0
2018-06-19,58,2,1,2,1,0
2018-06-20,61,6,1,5,1,0
2018-06-21,39,3,1,2,1,2
2018-06-22,45,4,3,2,1,1
2018-06-23,9,1,1,0,0,0
2018-06-24,18,0,0,0,0,0
2018-06-25,52,2,2,1,1,1
2018-06-26,47,6,5,2,1,1
2018-06-27,56,3,2,2,1,1
2018-06-28,64,3,1,3,1,0
2018-06-29,49,6,4,4,0,1
2018-06-30,17,1,0,1,0,1
2018-07-01,16,2,1,0,0,1
2018-07-02,49,5,1,3,0,3
2018-07-03,52,3,0,2,1,1
2018-07-04,32,2,0,1,0,1
2018-07-05,50,4,3,1,0,1
2018-07-06,46,6,3,4,0,1
2018-07-07,12,0,0,0,0,0
2018-07-08,16,1,1,0,0,0
2018-07-09,55,8,3,6,3,2
2018-07-10,33,1,1,0,0,0
2018-07-11,59,5,3,4,1,3
2018-07-12,56,2,1,1,0,0
2018-07-13,63,8,2,6,1,2
2018-07-14,12,2,1,2,0,0
2018-07-15,10,1,1,0,0,0
2018-07-16,62,4,2,2,2,1
2018-07-17,75,5,3,2,2,1
2018-07-18,65,5,2,4,0,2
2018-07-19,66,8,1,7,0,1
2018-07-20,58,4,1,4,1,0
2018-07-21,19,1,1,0,0,0
2018-07-22,15,1,1,0,0,0
2018-07-23,55,3,2,1,0,1
2018-07-24,52,5,2,2,0,1
2018-07-25,61,5,2,4,0,1
2018-07-26,60,5,2,4,2,1
2018-07-27,43,6,1,6,1,0
2018-07-28,19,0,0,0,0,0
2018-07-29,20,1,1,0,1,0
2018-07-30,45,2,1,2,1,0
2018-07-31,58,6,4,5,3,0
2018-08-01,62,6,2,1,2,2
2018-08-02,62,9,3,7,1,1
2018-08-03,48,3,2,3,1,1
2018-08-04,20,1,0,1,0,0
2018-08-05,15,0,0,0,0,0
2018-08-06,45,1,0,1,0,0
2018-08-07,62,2,1,2,0,1
2018-08-08,64,6,2,4,0,1
2018-08-09,50,7,2,7,1,2
2018-08-10,52,5,1,5,0,0
2018-08-11,21,1,0,0,1,0
2018-08-12,15,0,0,0,0,0
2018-08-13,48,4,1,2,1,1
2018-08-14,63,4,0,3,0,1
2018-08-15,43,4,2,4,2,0
2018-08-16,60,8,5,4,0,5
2018-08-17,60,8,5,4,1,0
2018-08-18,13,0,0,0,0,0
2018-08-19,9,0,0,0,0,0
2018-08-20,40,2,0,1,1,0
2018-08-21,44,7,2,6,1,0
2018-08-22,43,2,1,1,0,0
2018-08-23,44,8,3,5,0,1
2018-08-24,38,3,1,3,0,1
2018-08-25,15,0,0,0,0,0
2018-08-26,12,1,0,1,0,0
2018-08-27,42,3,1,2,0,1
2018-08-28,54,0,0,0,0,0
2018-08-29,52,1,1,1,0,0
2018-08-30,65,5,5,3,1,2
2018-08-31,47,7,2,5,1,2
2018-09-01,15,2,1,1,0,1
2018-09-02,11,1,1,1,1,1
2018-09-03,28,3,1,1,1,0
2018-09-04,43,2,1,1,0,2
2018-09-05,51,1,0,1,0,0
2018-09-06,51,4,2,2,0,2
2018-09-07,45,3,3,2,1,2
2018-09-08,21,4,3,3,1,0
2018-09-09,10,1,1,1,0,0
2018-09-10,46,7,3,6,0,2
2018-09-11,48,5,4,3,0,1
2018-09-12,35,1,0,1,0,0
2018-09-13,50,4,1,2,0,1
2018-09-14,42,3,1,0,2,0
2018-09-15,13,2,2,1,1,1
2018-09-16,12,2,2,1,0,0
2018-09-17,37,4,2,2,1,0
2018-09-18,43,2,2,1,0,0
2018-09-19,47,4,2,3,0,1
2018-09-20,62,4,4,2,2,2
2018-09-21,39,1,1,0,1,0
2018-09-22,18,1,1,0,0,0
2018-09-23,13,0,0,0,0,0
2018-09-24,27,2,2,1,1,1
2018-09-25,36,4,3,3,0,3
2018-09-26,47,2,1,0,1,0
2018-09-27,58,7,4,4,0,4
2018-09-28,39,3,1,3,0,0
2018-09-29,15,2,2,1,1,1
2018-09-30,17,4,2,3,0,2
2018-10-01,28,4,1,4,0,1
2018-10-02,59,2,1,2,0,1
2018-10-03,57,9,4,8,0,4
2018-10-04,61,3,1,1,1,0
2018-10-05,48,5,3,5,3,2
2018-10-06,16,2,1,1,0,0
2018-10-07,11,1,0,1,0,0
2018-10-08,47,4,2,2,0,0
2018-10-09,47,2,1,1,1,1
2018-10-10,52,3,2,2,1,1
2018-10-11,75,4,3,3,0,0
2018-10-12,48,6,3,5,0,2
2018-10-13,18,1,0,0,0,1
2018-10-14,12,1,0,0,0,1
2018-10-15,44,7,5,5,1,3
2018-10-16,60,3,1,1,1,0
2018-10-17,52,3,1,1,1,0
2018-10-18,69,5,1,2,0,2
2018-10-19,48,5,3,3,0,1
2018-10-20,16,1,0,0,1,0
2018-10-21,11,2,1,2,0,0
2018-10-22,53,6,3,4,1,3
2018-10-23,53,5,1,5,1,1
2018-10-24,59,6,1,4,2,3
2018-10-25,52,3,2,0,1,0
2018-10-26,47,7,3,6,1,0
2018-10-27,22,4,3,2,1,1
2018-10-28,21,3,1,3,0,2
2018-10-29,45,3,2,2,1,1
2018-10-30,42,3,2,2,0,0
2018-10-31,46,4,0,4,0,1
2018-11-01,32,4,3,3,2,1
2018-11-02,47,3,3,2,1,1
2018-11-03,17,1,0,1,0,0
2018-11-04,13,1,0,1,0,0
2018-11-05,57,3,3,3,0,2
2018-11-06,48,2,0,1,0,1
2018-11-07,33,0,0,0,0,0
2018-11-08,57,7,4,4,2,2
2018-11-09,50,4,2,2,1,1
2018-11-10,18,3,1,2,1,1
2018-11-11,19,1,0,0,1,0
2018-11-12,33,3,3,1,1,0
2018-11-13,52,6,3,4,1,2
2018-11-14,43,5,2,2,2,2
2018-11-15,58,2,1,0,0,1
2018-11-16,36,3,2,1,0,0
2018-11-17,20,2,1,1,1,0
2018-11-18,16,2,1,2,0,0
2018-11-19,45,4,2,3,2,0
2018-11-20,45,4,2,4,0,2
2018-11-21,43,1,1,1,0,0
2018-11-22,24,2,1,2,0,0
2018-11-23,18,1,0,0,0,1
2018-11-24,6,1,0,1,0,0
2018-11-25,15,0,0,0,0,0
2018-11-26,41,0,0,0,0,0
2018-11-27,45,4,3,2,1,1
2018-11-28,63,4,3,4,2,1
2018-11-29,50,2,1,0,1,0
2018-11-30,51,1,1,1,0,1
2018-12-01,15,1,1,0,0,0
2018-12-02,13,0,0,0,0,0
2018-12-03,53,4,0,3,0,1
2018-12-04,61,7,2,5,0,1
2018-12-05,41,3,2,2,1,2
2018-12-06,55,2,0,2,0,1
2018-12-07,58,4,2,2,2,1
2018-12-08,17,1,0,1,0,0
2018-12-09,14,1,0,0,1,0
2018-12-10,44,1,0,0,1,0
2018-12-11,47,6,1,6,0,2
2018-12-12,54,7,4,5,2,2
2018-12-13,61,4,2,4,1,1
2018-12-14,45,2,0,2,0,1
2018-12-15,17,1,1,0,0,0
2018-12-16,23,2,2,2,0,1
2018-12-17,47,0,0,0,0,0
2018-12-18,42,2,0,1,2,0
2018-12-19,52,3,1,2,0,1
2018-12-20,56,5,3,3,0,1
2018-12-21,45,4,4,2,2,1
2018-12-22,15,0,0,0,0,0
2018-12-23,17,3,1,3,0,0
2018-12-24,26,2,1,0,1,1
2018-12-25,13,0,0,0,0,0
2018-12-26,32,5,3,5,0,1
2018-12-27,34,3,1,2,1,0
2018-12-28,25,2,1,0,1,0
2018-12-29,22,2,2,1,0,1
2018-12-30,14,1,1,0,0,0
2018-12-31,30,2,1,0,0,1
2019-01-01,12,0,0,0,0,0
2019-01-02,43,1,0,1,0,0
2019-01-03,37,3,2,1,0,3
2019-01-04,44,5,4,4,3,1
2019-01-05,23,0,0,0,0,0
2019-01-06,27,0,0,0,0,0
2019-01-07,48,3,0,2,0,1
2019-01-08,66,5,2,1,1,2
2019-01-09,59,6,1,5,0,1
2019-01-10,52,4,3,3,1,3
2019-01-11,65,7,6,5,2,0
2019-01-12,17,3,1,2,0,2
2019-01-13,22,0,0,0,0,0
2019-01-14,60,8,4,3,2,3
2019-01-15,50,4,2,4,0,3
2019-01-16,62,4,2,4,1,1
2019-01-17,62,4,3,2,0,0
2019-01-18,46,2,0,2,0,0
2019-01-19,26,3,3,2,1,1
2019-01-20,5,0,0,0,0,0
2019-01-21,41,2,0,1,2,0
2019-01-22,67,10,3,7,4,1
2019-01-23,49,3,1,2,0,1
2019-01-24,66,7,3,7,0,2
2019-01-25,49,2,1,2,0,0
2019-01-26,24,4,1,4,2,1
2019-01-27,20,0,0,0,0,0
2019-01-28,51,1,0,1,0,0
2019-01-29,67,4,2,3,2,1
2019-01-30,78,6,4,5,0,1
2019-01-31,62,4,3,2,0,1
2019-02-01,58,6,2,5,1,1
2019-02-02,19,1,1,0,1,0
2019-02-03,23,1,0,0,0,1
2019-02-04,45,0,0,0,0,0
2019-02-05,54,4,1,3,0,0
2019-02-06,60,5,2,2,0,2
2019-02-07,60,3,2,2,0,0
2019-02-08,70,4,2,3,0,1
2019-02-09,21,0,0,0,0,0
2019-02-10,23,1,1,0,0,0
2019-02-11,41,2,0,2,0,0
2019-02-12,64,2,1,2,0,0
2019-02-13,70,5,3,1,3,0
2019-02-14,51,2,2,1,0,1
2019-02-15,51,0,0,0,0,0
2019-02-16,33,3,2,1,1,0
2019-02-17,16,1,1,1,1,1
2019-02-18,42,3,0,3,0,0
2019-02-19,41,3,1,1,1,0
2019-02-20,46,5,4,4,2,2
2019-02-21,60,7,3,5,0,4
2019-02-22,59,5,1,5,0,2
2019-02-23,29,2,1,2,0,0
2019-02-24,22,2,0,2,0,0
2019-02-25,57,5,4,3,1,2
2019-02-26,47,3,2,1,0,2
2019-02-27,62,2,2,2,2,1
2019-02-28,61,5,3,4,0,1
2019-03-01,49,3,3,1,0,2
2019-03-02,28,1,0,0,0,1
2019-03-03,19,1,1,0,0,0
2019-03-04,41,3,2,3,0,1
2019-03-05,69,4,3,2,2,2
2019-03-06,66,1,1,0,0,1
2019-03-07,55,4,3,3,0,1
2019-03-08,50,2,1,1,0,1
2019-03-09,23,1,1,1,0,0
2019-03-10,17,1,0,1,0,0
2019-03-11,49,3,1,3,0,1
2019-03-12,55,1,1,1,0,0
2019-03-13,57,6,4,5,0,2
2019-03-14,56,7,3,6,0,2
2019-03-15,36,3,1,3,1,0
2019-03-16,15,0,0,0,0,0
2019-03-17,19,2,0,2,0,0
2019-03-18,42,3,2,1,0,0
2019-03-19,53,3,3,2,0,1
2019-03-20,51,4,1,3,0,1
2019-03-21,57,5,4,2,1,0
2019-03-22,62,4,2,4,1,1
2019-03-23,24,4,1,4,1,2
2019-03-24,20,1,0,1,1,0
2019-03-25,46,5,1,5,1,2
2019-03-26,53,4,2,2,2,0
2019-03-27,34,3,2,1,0,0
2019-03-28,65,7,4,5,1,3
2019-03-29,50,7,2,6,0,3
2019-03-30,15,1,0,1,0,0
2019-03-31,18,4,4,3,0,2
2019-04-01,61,7,5,3,1,4
2019-04-02,61,4,3,3,0,2
2019-04-03,52,2,1,2,1,0
2019-04-04,63,4,1,4,1,0
2019-04-05,48,3,0,2,1,0
2019-04-06,23,2,2,0,0,0
2019-04-07,14,2,2,2,0,0
2019-04-08,45,3,3,1,0,0
2019-04-09,70,7,2,5,1,2
2019-04-10,49,3,0,1,1,1
2019-04-11,60,7,5,5,1,1
2019-04-12,53,2,2,1,0,0
2019-04-13,25,3,3,1,0,1
2019-04-14,24,2,2,1,0,0
2019-04-15,41,1,0,1,0,1
2019-04-16,59,3,1,2,0,0
2019-04-17,49,7,3,4,1,1
2019-04-18,65,5,3,2,1,0
2019-04-19,40,2,0,1,1,1
2019-04-20,10,1,0,1,0,0
2019-04-21,18,0,0,0,0,0
2019-04-22,32,0,0,0,0,0
2019-04-23,47,2,0,2,0,0
2019-04-24,67,4,2,2,0,1
2019-04-25,58,4,2,2,2,1
2019-04-26,47,4,2,2,0,0
2019-04-27,14,2,1,2,0,1
2019-04-28,14,1,0,1,0,0
2019-04-29,46,1,1,1,0,0
2019-04-30,49,3,1,3,0,1
2019-05-01,53,4,4,2,1,1
2019-05-02,56,3,0,3,0,1
2019-05-03,40,4,2,2,0,0
2019-05-04,26,1,1,1,0,1
2019-05-05,19,0,0,0,0,0
2019-05-06,40,1,0,1,0,0
2019-05-07,54,2,1,1,0,1
2019-05-08,56,3,0,3,0,0
2019-05-09,43,3,1,1,1,1
2019-05-10,46,4,2,3,1,0
2019-05-11,17,1,1,1,1,1
2019-05-12,12,1,0,1,0,0
2019-05-13,39,3,2,2,1,2
2019-05-14,51,8,4,3,2,4
2019-05-15,52,2,1,0,0,1
2019-05-16,53,6,2,2,2,2
2019-05-17,37,3,2,1,0,0
2019-05-18,20,2,2,2,0,1
2019-05-19,16,0,0,0,0,0
2019-05-20,43,2,1,2,0,0
2019-05-21,53,4,4,2,2,2
2019-05-22,55,2,0,1,2,0
2019-05-23,51,3,2,2,0,0
2019-05-24,38,4,2,1,1,0
2019-05-25,17,1,0,0,0,1
2019-05-26,15,0,0,0,0,0
2019-05-27,17,2,1,0,0,1
2019-05-28,46,5,1,4,0,0
2019-05-29,56,5,2,3,3,0
2019-05-30,47,5,3,3,1,1
2019-05-31,47,3,3,0,2,0
2019-06-01,18,1,0,0,1,0
2019-06-02,13,1,1,0,1,0
2019-06-03,42,2,2,1,0,0
2019-06-04,65,7,4,4,0,2
2019-06-05,59,3,3,1,0,0
2019-06-06,49,2,1,1,1,1
2019-06-07,44,0,0,0,0,0
2019-06-08,17,3,3,2,1,3
2019-06-09,7,1,1,1,0,1
2019-06-10,32,2,0,1,1,0
2019-06-11,53,5,3,4,2,1
2019-06-12,51,2,1,1,0,1
2019-06-13,48,2,1,2,1,0
2019-06-14,50,4,4,3,1,0
2019-06-15,13,1,0,1,0,1
2019-06-16,21,2,1,1,0,0
2019-06-17,47,1,0,1,0,0
2019-06-18,49,1,1,0,0,0
2019-06-19,47,5,3,4,1,1
2019-06-20,52,2,2,1,1,2
2019-06-21,48,6,2,4,0,1
2019-06-22,12,0,0,0,0,0
2019-06-23,20,1,1,0,0,0
2019-06-24,52,5,3,2,0,2
2019-06-25,50,2,0,1,1,0
2019-06-26,59,4,3,3,0,0
2019-06-27,45,1,0,1,0,0
2019-06-28,48,1,0,1,0,0
2019-06-29,21,0,0,0,0,0
2019-06-30,21,1,1,1,0,0
2019-07-01,40,3,2,1,0,0
2019-07-02,56,5,3,2,0,1
2019-07-03,54,3,2,1,1,0
2019-07-04,30,3,2,3,0,1
2019-07-05,33,4,1,1,1,1
2019-07-06,17,0,0,0,0,0
2019-07-07,14,0,0,0,0,0
2019-07-08,32,3,1,2,1,2
2019-07-09,47,4,2,3,0,1
2019-07-10,70,5,2,2,1,4
2019-07-11,70,2,1,2,1,0
2019-07-12,53,3,1,3,0,1
2019-07-13,19,4,2,3,1,2
2019-07-14,13,1,0,1,0,0
2019-07-15,41,7,3,5,0,1
2019-07-16,47,3,2,2,0,0
2019-07-17,64,4,2,2,0,2
2019-07-18,51,1,0,1,0,0
2019-07-19,40,1,1,0,0,0
2019-07-20,25,2,0,1,1,0
2019-07-21,20,1,1,1,0,1
2019-07-22,50,3,1,2,0,0
2019-07-23,45,2,0,2,0,1
2019-07-24,48,6,1,4,2,0
2019-07-25,46,0,0,0,0,0
2019-07-26,48,2,1,1,0,0
2019-07-27,16,1,0,0,0,1
2019-07-28,22,1,1,0,0,0
2019-07-29,51,3,2,2,0,2
2019-07-30,54,4,2,3,1,0
2019-07-31,61,1,1,0,0,0
2019-08-01,66,5,3,1,1,0
2019-08-02,45,3,1,3,1,1
2019-08-03,22,1,0,1,0,0
2019-08-04,19,2,1,1,0,0
2019-08-05,51,4,2,3,2,3
2019-08-06,67,4,1,0,2,1
2019-08-07,50,4,3,3,2,0
2019-08-08,57,0,0,0,0,0
2019-08-09,55,4,1,4,0,1
2019-08-10,20,2,1,1,0,1
2019-08-11,23,4,2,4,0,1
2019-08-12,59,2,1,2,0,0
2019-08-13,65,3,0,3,0,0
2019-08-14,58,5,4,2,1,0
2019-08-15,65,3,3,2,0,1
2019-08-16,58,3,1,3,1,0
2019-08-17,18,1,1,1,0,0
2019-08-18,22,0,0,0,0,0
2019-08-19,49,5,2,2,1,0
2019-08-20,43,4,3,2,1,1
2019-08-21,61,4,2,3,0,0
2019-08-22,63,4,3,3,1,1
2019-08-23,53,4,1,3,0,1
2019-08-24,21,2,2,2,0,0
2019-08-25,15,2,1,1,0,0
2019-08-26,43,5,2,3,1,1
2019-08-27,71,6,4,4,0,2
2019-08-28,62,3,1,3,1,0
2019-08-29,65,5,5,4,3,1
2019-08-30,43,5,1,4,0,3
2019-08-31,15,1,0,0,0,1
2019-09-01,19,2,0,1,0,1
2019-09-02,31,0,0,0,0,0
2019-09-03,60,2,2,0,1,0
2019-09-04,46,6,4,3,2,1
2019-09-05,56,2,0,2,0,0
2019-09-06,51,1,1,1,0,1
2019-09-07,21,2,1,2,0,0
2019-09-08,14,1,0,0,0,1
2019-09-09,46,3,2,3,0,1
2019-09-10,48,2,1,1,1,1
2019-09-11,56,5,3,2,1,0
2019-09-12,76,4,0,3,1,2
2019-09-13,53,8,3,5,3,1
2019-09-14,15,2,2,0,0,1
2019-09-15,22,1,0,1,0,0
2019-09-16,63,1,1,0,0,0
2019-09-17,41,1,0,1,0,0
2019-09-18,51,3,0,1,2,0
2019-09-19,56,5,3,3,3,1
2019-09-20,53,5,2,2,0,1
2019-09-21,14,1,1,0,0,0
2019-09-22,20,2,1,0,2,0
2019-09-23,50,3,1,2,2,0
2019-09-24,57,1,0,1,0,1
2019-09-25,55,6,1,5,1,1
2019-09-26,60,1,1,1,1,0
2019-09-27,51,5,3,5,3,3
2019-09-28,23,1,1,1,0,1
2019-09-29,14,1,0,1,0,1
2019-09-30,53,4,2,1,0,2
2019-10-01,67,3,1,3,1,1
2019-10-02,66,1,1,0,0,0
2019-10-03,49,6,0,5,1,0
2019-10-04,41,6,3,5,3,1
2019-10-05,20,2,2,2,0,1
2019-10-06,8,0,0,0,0,0
2019-10-07,42,6,5,1,0,1
2019-10-08,69,5,1,5,0,1
2019-10-09,63,6,2,4,3,0
2019-10-10,70,2,1,2,0,1
2019-10-11,46,1,1,1,0,1
2019-10-12,30,4,1,2,2,0
2019-10-13,13,2,2,0,0,0
2019-10-14,45,3,2,2,0,0
2019-10-15,48,1,1,1,1,0
2019-10-16,76,1,0,0,0,1
2019-10-17,49,2,2,2,0,1
2019-10-18,50,1,0,1,0,0
2019-10-19,21,0,0,0,0,0
2019-10-20,13,0,0,0,0,0
2019-10-21,57,1,0,1,1,0
2019-10-22,57,2,1,2,0,1
2019-10-23,66,0,0,0,0,0
2019-10-24,66,6,2,4,2,2
2019-10-25,48,1,0,0,0,1
2019-10-26,23,4,2,2,2,1
2019-10-27,10,0,0,0,0,0
2019-10-28,56,2,1,1,0,0
2019-10-29,58,5,2,3,1,1
2019-10-30,59,3,0,3,0,0
2019-10-31,48,9,4,6,1,2
2019-11-01,36,4,1,2,1,0
2019-11-02,28,1,1,1,0,1
2019-11-03,22,2,0,2,0,1
2019-11-04,46,0,0,0,0,0
2019-11-05,47,2,1,1,0,1
2019-11-06,42,4,2,3,0,2
2019-11-07,59,2,1,1,0,0
2019-11-08,44,4,4,3,0,1
2019-11-09,12,1,0,0,1,0
2019-11-10,10,0,0,0,0,0
2019-11-11,47,4,2,3,0,2
2019-11-12,52,0,0,0,0,0
2019-11-13,67,2,1,1,0,0
2019-11-14,62,5,2,3,3,0
2019-11-15,55,8,3,3,3,2
2019-11-16,18,1,1,1,0,0
2019-11-17,22,2,0,2,0,0
2019-11-18,45,3,1,3,0,1
2019-11-19,45,2,1,0,1,0
2019-11-20,66,2,1,0,1,0
2019-11-21,52,3,2,2,0,1
2019-11-22,54,3,2,3,1,1
2019-11-23,16,0,0,0,0,0
2019-11-24,28,2,1,0,0,1
2019-11-25,49,1,0,1,0,0
2019-11-26,47,2,1,1,0,0
2019-11-27,55,6,1,5,1,1
2019-11-28,28,1,0,1,0,1
2019-11-29,23,1,1,1,0,1
2019-11-30,22,2,0,1,1,0
2019-12-01,11,0,0,0,0,0
2019-12-02,50,2,0,2,0,1
2019-12-03,52,5,1,2,2,0
2019-12-04,52,6,3,5,2,0
2019-12-05,58,1,1,0,0,0
2019-12-06,49,2,1,2,0,1
2019-12-07,22,3,2,1,1,0
2019-12-08,18,2,1,1,1,0
2019-12-09,56,4,2,2,0,1
2019-12-10,59,5,2,3,1,1
2019-12-11,55,5,2,5,1,3
2019-12-12,68,3,1,2,0,1
2019-12-13,49,2,1,1,0,1
2019-12-14,16,4,2,4,1,0
2019-12-15,17,2,1,1,0,0
2019-12-16,44,4,1,2,3,1
2019-12-17,65,3,3,0,1,0
2019-12-18,51,1,1,0,0,0
2019-12-19,46,3,1,2,0,0
2019-12-20,38,2,1,1,0,1
2019-12-21,15,0,0,0,0,0
2019-12-22,18,1,1,0,0,0
2019-12-23,23,0,0,0,0,0
2019-12-24,26,3,2,1,1,2
2019-12-25,15,1,0,1,0,0
2019-12-26,26,4,1,1,0,3
2019-12-27,21,3,1,3,0,3
2019-12-28,17,1,1,1,0,1
2019-12-29,16,0,0,0,0,0
2019-12-30,34,0,0,0,0,0
2019-12-31,35,2,1,0,0,1
2020-01-01,18,2,1,1,1,0
2020-01-02,49,5,3,3,2,1
2020-01-03,51,3,2,1,2,1
2020-01-04,15,0,0,0,0,0
2020-01-05,17,1,1,0,0,0
2020-01-06,56,1,1,0,0,0
2020-01-07,65,3,2,3,0,2
2020-01-08,62,4,1,3,1,3
2020-01-09,51,2,1,2,0,1
2020-01-10,58,1,0,1,0,0
2020-01-11,22,0,0,0,0,0
2020-01-12,23,1,0,0,0,1
2020-01-13,60,3,2,2,0,2
2020-01-14,61,4,1,2,1,2
2020-01-15,52,2,2,0,0,0
2020-01-16,56,8,3,5,2,2
2020-01-17,70,0,0,0,0,0
2020-01-18,18,1,0,1,1,0
2020-01-19,17,1,0,1,0,0
2020-01-20,51,2,1,2,0,0
2020-01-21,55,3,0,1,2,0
2020-01-22,68,1,1,1,0,0
2020-01-23,73,5,3,3,0,2
2020-01-24,78,6,5,1,0,1
2020-01-25,17,0,0,0,0,0
2020-01-26,14,1,1,0,0,0
2020-01-27,73,1,1,1,0,0
2020-01-28,55,0,0,0,0,0
2020-01-29,64,7,2,4,2,1
2020-01-30,72,3,1,3,0,0
2020-01-31,70,8,5,2,2,2
2020-02-01,24,1,1,0,0,0
2020-02-02,19,1,0,1,0,0
2020-02-03,54,4,2,0,3,1
2020-02-04,69,2,1,1,0,1
2020-02-05,81,4,4,1,0,0
2020-02-06,52,1,0,1,0,0
2020-02-07,62,3,1,2,1,0
2020-02-08,19,0,0,0,0,0
2020-02-09,21,2,2,2,0,1
2020-02-10,58,3,1,1,0,1
2020-02-11,58,3,2,1,2,0
2020-02-12,71,8,4,5,2,4
2020-02-13,68,5,3,4,1,2
2020-02-14,60,5,3,3,2,0
2020-02-15,21,1,1,0,0,0
2020-02-16,22,2,0,1,1,1
2020-02-17,52,2,0,2,1,0
2020-02-18,77,7,4,3,2,1
2020-02-19,60,5,3,2,1,0
2020-02-20,55,6,3,6,2,0
2020-02-21,62,8,4,8,2,3
2020-02-22,27,4,2,3,0,0
2020-02-23,29,1,0,0,1,0
2020-02-24,49,2,1,1,0,1
2020-02-25,64,1,0,0,1,1
2020-02-26,83,2,0,2,0,0
2020-02-27,58,4,1,4,0,0
2020-02-28,58,4,1,2,1,0
2020-02-29,24,1,0,1,0,0
2020-03-01,17,0,0,0,0,0
2020-03-02,44,2,1,1,0,0
2020-03-03,37,0,0,0,0,0
2020-03-04,54,4,1,3,0,2
2020-03-05,73,7,2,5,0,1
2020-03-06,59,2,1,2,0,1
2020-03-07,24,2,1,1,0,0
2020-03-08,20,4,3,3,1,2
2020-03-09,48,4,1,4,0,0
2020-03-10,63,6,3,5,2,2
2020-03-11,59,4,1,2,2,0
2020-03-12,51,6,2,4,1,2
2020-03-13,45,0,0,0,0,0
2020-03-14,38,3,2,0,0,1
2020-03-15,38,5,2,3,0,1
2020-03-16,64,8,1,6,2,2
2020-03-17,77,2,1,2,1,0
2020-03-18,62,8,3,6,4,0
2020-03-19,87,11,5,6,1,1
2020-03-20,72,6,4,4,0,1
2020-03-21,34,5,5,2,1,1
2020-03-22,32,2,2,0,1,0
2020-03-23,80,7,2,6,1,1
2020-03-24,64,4,1,3,0,0
2020-03-25,66,7,5,4,2,2
2020-03-26,72,7,2,5,0,1
2020-03-27,76,14,5,10,1,2
2020-03-28,20,4,2,3,0,0
2020-03-29,21,1,0,1,0,0
2020-03-30,54,4,1,3,1,0
2020-03-31,71,6,1,4,2,1
2020-04-01,79,5,4,4,0,1
2020-04-02,60,9,5,7,1,1
2020-04-03,57,7,3,5,2,0
2020-04-04,24,2,0,2,0,1
2020-04-05,28,2,1,1,0,0
2020-04-06,51,5,1,2,2,2
2020-04-07,56,3,3,1,1,1
2020-04-08,60,5,1,3,0,2
2020-04-09,54,0,0,0,0,0
2020-04-10,46,3,2,1,0,0
2020-04-11,33,2,0,2,0,1
2020-04-12,19,2,2,1,0,0
2020-04-13,39,1,0,0,0,1
2020-04-14,61,6,2,6,1,0
2020-04-15,54,1,0,1,1,0
2020-04-16,60,6,3,4,1,2
2020-04-17,54,2,1,1,0,1
2020-04-18,19,1,0,1,0,0
2020-04-19,16,2,2,1,1,1
2020-04-20,45,3,1,2,0,0
2020-04-21,68,2,1,2,0,1
2020-04-22,50,1,1,0,1,0
2020-04-23,54,3,0,2,1,1
2020-04-24,44,6,3,5,1,1
2020-04-25,29,1,0,1,1,0
2020-04-26,18,1,0,1,0,0
2020-04-27,51,5,3,1,3,1
2020-04-28,60,6,1,4,1,1
2020-04-29,76,9,5,6,3,1
2020-04-30,69,6,3,6,1,1
2020-05-01,48,3,1,2,1,1
2020-05-02,29,0,0,0,0,0
2020-05-03,9,1,0,1,0,0
2020-05-04,51,4,3,2,0,0
2020-05-05,40,4,2,4,1,0
2020-05-06,61,3,1,3,0,1
2020-05-07,51,4,3,3,0,3
2020-05-08,55,2,0,1,1,0
2020-05-09,22,1,0,0,1,0
2020-05-10,16,0,0,0,0,0
2020-05-11,56,3,2,2,1,1
2020-05-12,52,4,2,3,2,0
2020-05-13,55,3,3,0,0,0
2020-05-14,58,3,3,1,2,0
2020-05-15,44,2,2,1,1,0
2020-05-16,21,2,1,2,0,0
2020-05-17,20,2,0,1,0,1
2020-05-18,35,4,2,3,0,0
2020-05-19,68,4,2,3,2,0
2020-05-20,43,4,3,2,0,1
2020-05-21,51,2,1,2,0,1
2020-05-22,41,3,1,3,2,0
2020-05-23,23,1,1,1,0,0
2020-05-24,24,0,0,0,0,0
2020-05-25,20,0,0,0,0,0
2020-05-26,34,3,0,1,2,1
2020-05-27,48,2,2,0,0,0
2020-05-28,49,4,3,2,1,1
2020-05-29,42,4,2,4,0,2
2020-05-30,20,1,1,0,0,0
2020-05-31,18,2,0,1,1,0
2020-06-01,32,2,1,0,1,0
2020-06-02,58,3,1,1,1,0
2020-06-03,45,2,0,1,2,0
2020-06-04,51,2,1,1,1,1
2020-06-05,43,3,2,2,1,1
2020-06-06,20,1,0,1,0,0
2020-06-07,24,4,4,1,1,1
2020-06-08,59,4,2,2,1,0
2020-06-09,60,2,1,1,0,0
2020-06-10,43,6,2,2,2,2
2020-06-11,45,1,1,1,0,0
2020-06-12,42,1,0,0,1,0
2020-06-13,28,2,1,2,1,0
2020-06-14,21,2,0,2,0,1
2020-06-15,47,4,2,2,1,0
2020-06-16,57,4,2,3,1,0
2020-06-17,54,6,3,4,1,2
2020-06-18,43,0,0,0,0,0
2020-06-19,45,3,1,3,1,1
2020-06-20,21,3,2,2,0,0
2020-06-21,12,1,1,1,0,0
2020-06-22,35,3,2,2,1,1
2020-06-23,59,4,2,3,1,1
2020-06-24,59,1,0,1,0,0
2020-06-25,60,2,1,2,2,0
2020-06-26,35,6,5,5,1,3
2020-06-27,20,2,2,1,1,0
2020-06-28,16,1,1,0,0,0
2020-06-29,29,1,0,1,0,0
2020-06-30,54,4,3,2,1,1
2020-07-01,54,3,1,2,0,1
2020-07-02,45,4,2,3,0,2
2020-07-03,25,1,0,1,0,0
2020-07-04,13,0,0,0,0,0
2020-07-05,11,0,0,0,0,0
2020-07-06,47,6,4,2,1,1
2020-07-07,53,3,3,3,0,0
2020-07-08,49,3,0,3,0,0
2020-07-09,46,2,1,1,0,0
2020-07-10,43,1,1,0,1,0
2020-07-11,24,0,0,0,0,0
2020-07-12,12,1,0,1,0,0
2020-07-13,44,3,1,3,1,2
2020-07-14,55,6,3,5,1,0
2020-07-15,51,6,4,6,0,0
2020-07-16,44,3,2,2,1,1
2020-07-17,43,4,1,3,1,1
2020-07-18,14,1,0,0,0,1
2020-07-19,20,1,1,0,0,0
2020-07-20,49,4,2,2,1,1
2020-07-21,53,4,2,2,1,1
2020-07-22,47,3,0,3,0,0
2020-07-23,52,10,4,5,4,1
2020-07-24,42,5,3,5,1,1
2020-07-25,23,4,0,3,1,0
2020-07-26,19,0,0,0,0,0
2020-07-27,56,4,1,2,2,1
2020-07-28,49,3,2,1,0,0
2020-07-29,51,1,1,0,0,0
2020-07-30,63,3,2,1,1,0
2020-07-31,51,0,0,0,0,0
2020-08-01,13,1,0,1,0,1
2020-08-02,14,0,0,0,0,0
2020-08-03,48,3,0,3,0,0
2020-08-04,49,7,4,4,1,4
2020-08-05,62,3,2,3,1,2
2020-08-06,69,7,1,6,0,3
2020-08-07,51,6,2,2,0,4
2020-08-08,17,0,0,0,0,0
2020-08-09,19,1,1,0,0,1
2020-08-10,30,2,1,2,0,0
2020-08-11,50,4,1,3,1,0
2020-08-12,55,3,2,2,0,0
2020-08-13,61,2,1,0,1,1
2020-08-14,50,6,3,3,2,2
2020-08-15,15,0,0,0,0,0
2020-08-16,18,1,0,1,0,1
2020-08-17,45,6,2,5,1,2
2020-08-18,41,2,1,1,1,0
2020-08-19,64,7,3,3,3,0
2020-08-20,55,5,0,5,0,1
2020-08-21,53,7,3,5,1,1
2020-08-22,18,4,1,2,0,3
2020-08-23,24,2,2,0,0,0
2020-08-24,46,3,2,2,2,0
2020-08-25,63,7,3,5,1,1
2020-08-26,56,5,0,1,3,2
2020-08-27,65,2,2,2,0,0
2020-08-28,46,2,2,1,1,1
2020-08-29,23,1,0,0,1,0
2020-08-30,10,0,0,0,0,0
2020-08-31,42,1,0,1,0,0
2020-09-01,47,3,2,2,2,0
2020-09-02,55,3,2,0,1,0
2020-09-03,57,6,2,4,1,1
2020-09-04,50,1,0,1,0,0
2020-09-05,13,2,2,1,1,0
2020-09-06,17,0,0,0,0,0
2020-09-07,31,4,1,2,1,0
2020-09-08,52,4,3,3,0,1
2020-09-09,55,6,2,6,1,2
2020-09-10,66,3,2,1,0,2
2020-09-11,44,4,1,3,1,0
2020-09-12,21,0,0,0,0,0
2020-09-13,13,1,1,1,0,1
2020-09-14,38,3,2,2,1,1
2020-09-15,53,3,2,2,1,2
2020-09-16,50,3,1,2,0,0
2020-09-17,58,4,1,1,2,0
2020-09-18,39,2,1,2,1,1
2020-09-19,19,3,1,2,0,1
2020-09-20,20,1,1,0,0,0
2020-09-21,48,3,0,1,2,0
2020-09-22,52,1,0,1,0,0
2020-09-23,51,4,2,1,1,0
2020-09-24,58,5,4,3,1,2
2020-09-25,51,1,0,1,0,0
2020-09-26,14,1,0,0,0,1
2020-09-27,24,1,0,1,0,0
2020-09-28,54,0,0,0,0,0
2020-09-29,56,6,2,4,1,2
2020-09-30,52,3,0,3,0,0
2020-10-01,53,4,1,1,2,0
2020-10-02,39,0,0,0,0,0
2020-10-03,27,2,1,2,0,1
2020-10-04,19,2,0,2,0,0
2020-10-05,53,5,3,4,0,1
2020-10-06,49,3,2,2,0,0
2020-10-07,54,3,2,1,1,0
2020-10-08,60,4,0,4,0,0
2020-10-09,38,5,4,2,0,1
2020-10-10,21,3,1,1,1,0
2020-10-11,22,2,1,2,0,1
2020-10-12,47,2,2,2,2,1
2020-10-13,59,6,3,5,0,2
2020-10-14,66,7,4,3,3,2
2020-10-15,55,4,2,2,1,1
2020-10-16,56,3,2,2,0,1
2020-10-17,20,1,1,1,0,0
2020-10-18,28,1,1,0,0,0
2020-10-19,56,3,1,3,0,1
2020-10-20,57,2,0,2,0,0
2020-10-21,56,3,0,3,0,1
2020-10-22,54,1,0,1,0,1
2020-10-23,44,3,2,2,0,1
2020-10-24,18,1,1,1,0,1
2020-10-25,29,4,0,4,1,0
2020-10-26,50,1,1,1,0,0
2020-10-27,81,3,3,2,0,1
2020-10-28,64,5,2,4,0,0
2020-10-29,55,3,2,1,1,1
2020-10-30,45,2,1,1,0,1
2020-10-31,16,1,1,1,0,0
2020-11-01,22,2,2,0,0,0
2020-11-02,55,8,3,5,3,4
2020-11-03,52,5,1,2,2,0
2020-11-04,48,3,1,0,2,0
2020-11-05,66,5,1,5,0,1
2020-11-06,40,1,1,1,0,0
2020-11-07,24,4,1,1,2,0
2020-11-08,27,1,0,1,0,0
2020-11-09,54,2,0,2,0,1
2020-11-10,59,6,3,4,0,1
2020-11-11,50,2,1,1,0,1
2020-11-12,54,5,4,2,1,0
2020-11-13,35,0,0,0,0,0
2020-11-14,19,1,1,0,0,0
2020-11-15,18,2,2,1,0,0
2020-11-16,49,4,1,1,1,1
2020-11-17,43,3,1,2,0,0
2020-11-18,55,1,1,1,0,0
2020-11-19,45,1,1,0,1,0
2020-11-20,55,3,1,1,0,1
2020-11-21,24,5,4,4,2,2
2020-11-22,23,1,0,1,0,0
2020-11-23,44,0,0,0,0,0
2020-11-24,41,1,1,0,0,0
2020-11-25,42,3,3,2,0,0
2020-11-26,24,1,1,0,0,0
2020-11-27,23,2,1,1,0,0
2020-11-28,12,0,0,0,0,0
2020-11-29,9,0,0,0,0,0
2020-11-30,51,4,1,3,1,2
2020-12-01,39,0,0,0,0,0
2020-12-02,54,6,4,2,2,0
2020-12-03,64,2,2,0,0,1
2020-12-04,56,5,2,4,2,2
2020-12-05,17,0,0,0,0,0
2020-12-06,17,0,0,0,0,0
2020-12-07,39,2,2,1,1,0
2020-12-08,51,0,0,0,0,0
2020-12-09,64,2,0,2,0,1
2020-12-10,51,3,1,3,1,1
2020-12-11,47,1,0,1,0,0
2020-12-12,16,1,1,0,0,0
2020-12-13,21,0,0,0,0,0
2020-12-14,47,4,3,2,0,3
2020-12-15,54,6,3,3,0,4
2020-12-16,69,7,3,4,1,2
2020-12-17,43,5,2,2,2,1
2020-12-18,28,0,0,0,0,0
2020-12-19,29,2,2,2,1,1
2020-12-20,18,0,0,0,0,0
2020-12-21,35,2,0,2,0,0
2020-12-22,37,4,1,4,1,2
2020-12-23,33,1,0,1,0,1
2020-12-24,21,2,1,2,0,0
2020-12-25,13,3,2,2,0,0
2020-12-26,5,0,0,0,0,0
2020-12-27,22,0,0,0,0,0
2020-12-28,31,0,0,0,0,0
2020-12-29,31,0,0,0,0,0
2020-12-30,29,3,1,1,0,2
2020-12-31,33,2,1,1,0,1
2021-01-01,16,2,0,1,0,1
2021-01-02,23,4,2,2,0,1
2021-01-03,21,3,3,1,2,1
2021-01-04,38,2,1,1,0,1
2021-01-05,54,8,4,7,2,2
2021-01-06,48,5,1,3,0,2
2021-01-07,37,5,3,4,0,1
2021-01-08,54,6,2,4,2,0
2021-01-09,14,2,0,0,2,1
2021-01-10,16,1,1,0,0,0
2021-01-11,46,1,1,1,0,0
2021-01-12,54,5,1,3,1,1
2021-01-13,65,6,5,6,0,0
2021-01-14,63,4,2,1,1,1
2021-01-15,42,3,2,1,0,0
2021-01-16,25,3,3,0,0,1
2021-01-17,29,3,2,3,1,0
2021-01-18,49,5,1,3,3,1
2021-01-19,46,5,2,3,2,3
2021-01-20,64,3,2,0,0,1
2021-01-21,58,3,2,1,1,1
2021-01-22,52,6,4,3,0,1
2021-01-23,27,2,1,1,0,1
2021-01-24,19,1,0,1,0,0
2021-01-25,44,3,2,3,0,2
2021-01-26,56,4,4,2,3,3
2021-01-27,57,4,3,3,1,3
2021-01-28,67,4,2,4,0,2
2021-01-29,48,4,4,3,1,1
2021-01-30,44,8,4,5,2,3
2021-01-31,25,2,1,1,0,0
2021-02-01,49,6,3,4,0,1
2021-02-02,60,2,1,1,1,0
2021-02-03,68,5,2,4,1,3
2021-02-04,62,3,3,2,0,3
2021-02-05,53,5,3,3,2,0
2021-02-06,25,2,1,1,0,0
2021-02-07,16,0,0,0,0,0
2021-02-08,55,4,2,2,1,1
2021-02-09,44,3,1,2,1,2
2021-02-10,59,1,0,1,0,0
2021-02-11,60,8,5,5,3,4
2021-02-12,57,4,2,3,1,0
2021-02-13,29,1,0,1,0,0
2021-02-14,32,3,3,2,0,0
2021-02-15,37,1,1,1,0,0
2021-02-16,58,5,4,3,1,2
2021-02-17,48,2,2,0,0,0
2021-02-18,54,4,1,2,1,1
2021-02-19,39,3,1,3,1,1
2021-02-20,28,2,2,2,0,1
2021-02-21,18,1,0,1,1,1
2021-02-22,43,0,0,0,0,0
2021-02-23,44,4,2,2,0,1
2021-02-24,47,6,5,3,1,3
2021-02-25,64,2,1,0,1,1
2021-02-26,42,4,2,3,1,0
2021-02-27,24,2,1,1,2,1
2021-02-28,25,2,1,1,0,0
2021-03-01,46,6,4,4,1,1
2021-03-02,54,3,0,2,1,1
2021-03-03,62,2,2,2,0,0
2021-03-04,56,6,3,5,2,2
2021-03-05,67,4,4,2,2,1
2021-03-06,23,1,1,1,0,1
2021-03-07,32,3,1,1,0,1
2021-03-08,48,4,2,2,0,0
2021-03-09,66,3,2,2,0,2
2021-03-10,47,2,0,1,1,2
2021-03-11,65,6,3,5,1,0
2021-03-12,48,6,5,3,2,3
2021-03-13,27,0,0,0,0,0
2021-03-14,20,1,0,1,0,0
2021-03-15,60,6,2,5,2,1
2021-03-16,63,7,3,6,0,0
2021-03-17,65,4,4,3,0,1
2021-03-18,64,4,1,4,1,1
2021-03-19,47,0,0,0,0,0
2021-03-20,22,3,2,3,0,0
2021-03-21,22,3,2,1,0,0
2021-03-22,47,2,1,1,0,0
2021-03-23,57,4,3,2,0,1
2021-03-24,52,3,3,2,1,1
2021-03-25,52,0,0,0,0,0
2021-03-26,53,5,2,4,1,1
2021-03-27,19,0,0,0,0,0
2021-03-28,23,0,0,0,0,0
2021-03-29,50,2,2,1,0,1
2021-03-30,60,3,3,0,0,0
2021-03-31,59,6,3,4,1,2
2021-04-01,39,3,3,1,0,0
2021-04-02,36,2,1,0,0,1
2021-04-03,17,1,0,1,0,0
2021-04-04,22,1,0,1,1,1
2021-04-05,35,1,1,1,0,0
2021-04-06,40,4,2,1,1,2
2021-04-07,46,3,1,1,2,1
2021-04-08,51,2,2,2,1,1
2021-04-09,49,7,3,3,2,2
2021-04-10,18,1,1,0,0,0
2021-04-11,15,1,1,1,0,1
2021-04-12,53,5,2,3,2,3
2021-04-13,68,3,2,3,3,1
2021-04-14,41,0,0,0,0,0
2021-04-15,59,8,4,4,1,3
2021-04-16,47,4,1,3,1,0
2021-04-17,26,0,0,0,0,0
2021-04-18,16,1,1,1,0,1
2021-04-19,37,2,0,1,1,0
2021-04-20,46,4,2,4,0,2
2021-04-21,55,5,5,0,0,1
2021-04-22,57,4,1,2,1,1
2021-04-23,32,4,4,2,0,3
2021-04-24,29,3,2,3,0,2
2021-04-25,10,0,0,0,0,0
2021-04-26,48,4,2,1,1,0
2021-04-27,57,4,2,2,0,2
2021-04-28,72,5,1,4,1,0
2021-04-29,54,2,1,2,1,1
2021-04-30,51,5,2,4,0,1
2021-05-01,24,1,0,1,0,0
2021-05-02,17,0,0,0,0,0
2021-05-03,47,2,2,1,0,1
2021-05-04,47,2,1,1,0,1
2021-05-05,61,6,3,4,2,2
2021-05-06,55,8,4,4,1,1
2021-05-07,50,3,2,1,1,0
2021-05-08,14,0,0,0,0,0
2021-05-09,24,4,2,2,2,0
2021-05-10,49,4,2,3,2,2
2021-05-11,54,2,1,2,1,0
2021-05-12,64,9,6,5,2,1
2021-05-13,58,4,3,2,1,2
2021-05-14,44,5,2,3,0,1
2021-05-15,14,1,1,1,0,1
2021-05-16,22,3,1,3,0,1
2021-05-17,53,1,1,0,0,1
2021-05-18,58,3,2,2,0,0
2021-05-19,68,7,3,5,0,3
2021-05-20,66,8,5,6,2,1
2021-05-21,59,4,2,4,1,1
2021-05-22,24,1,1,0,0,0
2021-05-23,15,0,0,0,0,0
2021-05-24,49,3,2,2,0,1
2021-05-25,49,7,5,4,1,4
2021-05-26,66,5,3,4,1,3
2021-05-27,44,3,2,3,1,1
2021-05-28,36,1,0,0,1,0
2021-05-29,19,2,1,1,1,0
2021-05-30,13,0,0,0,0,0
2021-05-31,22,0,0,0,0,0
2021-06-01,57,2,2,2,0,1
2021-06-02,64,4,2,3,0,2
2021-06-03,51,10,4,8,1,2
2021-06-04,40,0,0,0,0,0
2021-06-05,23,1,0,0,0,1
2021-06-06,18,0,0,0,0,0
2021-06-07,41,4,2,3,0,1
2021-06-08,40,3,1,2,1,0
2021-06-09,57,2,0,1,2,1
2021-06-10,59,9,3,9,1,3
2021-06-11,52,7,4,4,0,4
2021-06-12,24,5,4,2,1,1
2021-06-13,22,2,2,2,2,1
2021-06-14,50,5,1,4,1,1
2021-06-15,54,3,1,2,0,0
2021-06-16,66,8,3,4,0,2
2021-06-17,57,6,2,5,1,2
2021-06-18,41,2,1,1,2,0
2021-06-19,23,2,2,0,0,1
2021-06-20,26,0,0,0,0,0
2021-06-21,46,2,2,0,0,0
2021-06-22,35,3,2,2,0,1
2021-06-23,51,6,3,5,1,0
2021-06-24,57,2,2,2,0,1
2021-06-25,50,4,4,3,0,3
2021-06-26,18,2,0,1,0,1
2021-06-27,16,0,0,0,0,0
2021-06-28,39,3,2,2,0,1
2021-06-29,43,3,2,2,0,1
2021-06-30,59,8,6,5,1,2
2021-07-01,52,6,4,2,3,1
2021-07-02,36,2,1,2,0,1
2021-07-03,20,2,2,1,1,0
2021-07-04,17,1,1,1,0,1
2021-07-05,38,3,2,1,2,0
2021-07-06,47,6,2,3,1,3
2021-07-07,49,4,2,2,1,0
2021-07-08,68,9,6,5,5,3
2021-07-09,36,3,2,2,0,1
2021-07-10,19,3,2,2,0,0
2021-07-11,14,2,0,1,0,1
2021-07-12,57,3,0,1,0,2
2021-07-13,62,5,2,2,0,1
2021-07-14,62,4,2,3,1,1
2021-07-15,63,5,2,2,1,2
2021-07-16,51,5,4,5,1,3
2021-07-17,17,2,1,1,1,1
2021-07-18,21,3,1,1,2,0
2021-07-19,42,5,1,4,0,2
2021-07-20,59,6,2,5,1,2
2021-07-21,50,5,1,5,0,0
2021-07-22,54,5,0,5,0,0
2021-07-23,43,7,4,2,1,1
2021-07-24,23,2,1,0,0,1
2021-07-25,14,0,0,0,0,0
2021-07-26,47,5,5,3,1,2
2021-07-27,59,5,3,4,1,0
2021-07-28,61,0,0,0,0,0
2021-07-29,47,8,1,7,0,0
2021-07-30,43,3,0,1,2,1
2021-07-31,18,2,2,0,0,0
2021-08-01,16,1,0,1,0,0
2021-08-02,35,4,0,3,0,1
2021-08-03,51,3,0,3,0,0
2021-08-04,59,6,3,3,1,2
2021-08-05,61,3,1,1,1,0
2021-08-06,45,3,3,1,0,0
2021-08-07,19,0,0,0,0,0
2021-08-08,13,0,0,0,0,0
2021-08-09,44,2,0,1,0,1
2021-08-10,38,3,2,1,1,1
2021-08-11,37,2,1,2,1,0
2021-08-12,49,3,2,3,1,2
2021-08-13,31,2,0,2,0,2
2021-08-14,34,5,4,3,1,3
2021-08-15,18,1,0,1,0,0
2021-08-16,50,5,4,4,0,2
2021-08-17,47,5,3,3,0,1
2021-08-18,56,3,2,1,0,0
2021-08-19,55,4,2,4,1,0
2021-08-20,43,3,2,2,0,1
2021-08-21,23,1,0,0,0,1
2021-08-22,13,2,1,1,0,2
2021-08-23,44,3,2,1,1,0
2021-08-24,47,5,2,2,1,1
2021-08-25,59,4,2,3,1,2
2021-08-26,68,0,0,0,0,0
2021-08-27,59,8,0,7,2,1
2021-08-28,17,1,1,0,0,0
2021-08-29,23,2,2,0,1,1
2021-08-30,48,3,3,1,1,0
2021-08-31,59,6,2,4,0,4
2021-09-01,42,2,0,2,0,0
2021-09-02,55,7,5,4,2,2
2021-09-03,51,0,0,0,0,0
2021-09-04,20,0,0,0,0,0
2021-09-05,13,1,0,1,0,0
2021-09-06,24,2,1,2,0,1
2021-09-07,41,1,1,1,0,0
2021-09-08,55,6,4,4,2,1
2021-09-09,41,4,1,4,0,0
2021-09-10,26,1,0,1,0,0
2021-09-11,12,2,1,0,1,1
2021-09-12,20,0,0,0,0,0
2021-09-13,38,2,0,2,0,0
2021-09-14,56,5,5,2,0,2
2021-09-15,55,8,4,3,3,4
2021-09-16,50,3,2,1,0,2
2021-09-17,56,5,4,4,1,2
2021-09-18,26,4,3,3,0,1
2021-09-19,20,2,0,1,1,0
2021-09-20,44,5,2,2,2,2
2021-09-21,40,1,1,0,0,0
2021-09-22,42,3,1,2,1,0
2021-09-23,48,8,2,6,1,3
2021-09-24,46,3,1,3,0,1
2021-09-25,18,4,3,3,0,2
2021-09-26,19,3,3,2,0,1
2021-09-27,52,5,3,4,1,2
2021-09-28,49,6,1,2,3,0
2021-09-29,44,5,1,4,0,2
2021-09-30,59,7,3,6,2,3
2021-10-01,52,5,3,3,3,3
2021-10-02,26,1,0,0,0,1
2021-10-03,21,2,1,1,1,0
2021-10-04,45,1,1,0,0,0
2021-10-05,37,2,2,2,0,1
2021-10-06,20,1,1,0,0,0
2021-10-07,48,6,3,3,0,1
2021-10-08,66,5,3,3,1,2
2021-10-09,25,0,0,0,0,0
2021-10-10,25,6,2,3,2,3
2021-10-11,41,5,3,3,1,0
2021-10-12,63,3,0,3,0,0
2021-10-13,64,9,6,4,1,1
2021-10-14,69,10,4,5,1,3
2021-10-15,58,6,1,5,1,3
2021-10-16,24,2,2,1,1,1
2021-10-17,18,2,1,1,1,1
2021-10-18,44,2,1,1,0,1
2021-10-19,67,8,3,7,1,3
2021-10-20,63,5,2,3,2,1
2021-10-21,57,7,4,4,2,1
2021-10-22,39,4,1,4,0,1
2021-10-23,24,5,2,3,1,1
2021-10-24,35,4,2,3,0,1
2021-10-25,50,8,2,6,1,2
2021-10-26,54,3,2,2,0,0
2021-10-27,52,1,1,0,0,0
2021-10-28,54,4,0,3,1,1
2021-10-29,47,5,3,2,1,0
2021-10-30,19,1,0,1,0,1
2021-10-31,19,2,1,1,0,1
2021-11-01,50,1,0,1,0,0
2021-11-02,54,7,6,4,4,2
2021-11-03,68,8,3,7,2,2
2021-11-04,58,3,3,2,2,0
2021-11-05,56,8,4,4,1,0
2021-11-06,27,1,1,0,0,0
2021-11-07,39,7,5,4,0,2
2021-11-08,40,1,0,0,0,1
2021-11-09,63,2,1,2,0,0
2021-11-10,74,3,3,2,1,1
2021-11-11,59,3,2,2,1,1
2021-11-12,53,8,3,6,0,2
2021-11-13,17,3,1,3,0,1
2021-11-14,23,1,0,1,0,0
2021-11-15,38,5,2,0,3,1
2021-11-16,47,2,1,1,0,0
2021-11-17,55,3,2,3,0,1
2021-11-18,55,4,2,2,2,2
2021-11-19,52,2,0,2,1,0
2021-11-20,17,1,1,1,0,1
2021-11-21,20,2,2,2,1,1
2021-11-22,52,5,2,3,1,1
2021-11-23,56,4,2,4,0,1
2021-11-24,39,6,4,5,0,2
2021-11-25,43,6,4,3,1,1
2021-11-26,29,4,2,4,0,1
2021-11-27,19,0,0,0,0,0
2021-11-28,20,3,1,1,1,1
2021-11-29,59,2,0,1,1,1
2021-11-30,56,5,3,3,0,3
2021-12-01,40,3,1,3,0,2
2021-12-02,59,6,2,3,0,1
2021-12-03,53,1,0,1,0,0
2021-12-04,30,5,2,3,0,1
2021-12-05,7,0,0,0,0,0
2021-12-06,48,2,1,1,1,2
2021-12-07,47,4,4,4,3,0
2021-12-08,78,8,5,6,2,3
2021-12-09,71,4,3,3,1,1
2021-12-10,34,6,3,4,1,1
2021-12-11,18,3,0,3,0,0
2021-12-12,19,0,0,0,0,0
2021-12-13,46,3,1,2,0,1
2021-12-14,61,7,7,4,0,1
2021-12-15,65,7,3,4,3,1
2021-12-16,55,6,4,3,0,1
2021-12-17,52,4,3,2,1,1
2021-12-18,28,3,1,1,2,1
2021-12-19,17,1,0,1,0,0
2021-12-20,42,2,2,1,1,0
2021-12-21,55,4,3,1,0,0
2021-12-22,40,5,3,3,0,0
2021-12-23,40,4,1,4,0,0
2021-12-24,18,2,2,1,0,0
2021-12-25,16,1,1,0,1,0
2021-12-26,12,1,0,0,0,1
2021-12-27,24,2,0,1,0,1
2021-12-28,44,3,2,2,1,0
2021-12-29,35,2,1,1,0,2
2021-12-30,25,0,0,0,0,0
2021-12-31,17,4,1,3,0,0
2022-01-01,12,1,0,0,1,0
2022-01-02,19,6,3,4,0,3
2022-01-03,34,4,2,2,2,0
2022-01-04,54,3,2,1,1,0
2022-01-05,48,1,1,1,1,0
2022-01-06,70,11,7,5,3,2
2022-01-07,55,8,2,5,1,0
2022-01-08,19,0,0,0,0,0
2022-01-09,22,3,2,2,1,0
2022-01-10,44,7,1,6,2,1
2022-01-11,68,8,0,6,3,1
2022-01-12,58,3,3,0,0,1
2022-01-13,52,3,2,1,0,1
2022-01-14,58,7,5,5,3,5
2022-01-15,27,2,1,1,0,0
2022-01-16,28,4,1,2,0,3
2022-01-17,69,5,3,3,0,4
2022-01-18,56,1,0,1,0,1
2022-01-19,57,5,3,2,0,3
2022-01-20,65,4,3,2,2,1
2022-01-21,75,6,2,4,1,2
2022-01-22,19,1,1,1,0,0
2022-01-23,37,2,1,1,0,2
2022-01-24,58,2,2,1,1,1
2022-01-25,68,7,6,4,0,1
2022-01-26,63,6,3,1,2,1
2022-01-27,74,8,4,5,2,3
2022-01-28,48,7,5,5,2,2
2022-01-29,17,2,1,0,1,0
2022-01-30,31,2,0,1,0,1
2022-01-31,53,1,0,1,0,0
2022-02-01,65,8,3,4,2,2
2022-02-02,60,2,1,2,1,0
2022-02-03,67,8,4,7,0,2
2022-02-04,58,2,2,2,1,2
2022-02-05,20,1,0,1,0,0
2022-02-06,31,3,2,1,0,1
2022-02-07,57,6,3,5,1,2
2022-02-08,72,4,1,3,1,0
2022-02-09,67,6,1,5,0,3
2022-02-10,74,7,2,3,2,0
2022-02-11,70,9,4,4,1,4
2022-02-12,27,2,2,2,0,1
2022-02-13,28,1,1,0,0,1
2022-02-14,54,2,1,2,0,1
2022-02-15,74,6,4,4,1,1
2022-02-16,59,6,1,4,0,1
2022-02-17,69,11,3,9,1,3
2022-02-18,64,6,4,4,1,2
2022-02-19,39,3,3,2,1,2
2022-02-20,17,2,0,2,0,0
2022-02-21,56,1,0,1,0,0
2022-02-22,62,7,4,4,0,2
2022-02-23,59,4,1,2,1,0
2022-02-24,44,3,1,3,0,2
2022-02-25,54,3,0,2,2,0
2022-02-26,22,1,0,1,0,1
2022-02-27,18,0,0,0,0,0
2022-02-28,44,2,0,2,0,0
2022-03-01,58,6,4,4,1,2
2022-03-02,65,7,3,6,2,1
2022-03-03,51,5,2,3,1,0
2022-03-04,63,6,1,5,2,2
2022-03-05,21,0,0,0,0,0
2022-03-06,26,4,3,2,1,2
2022-03-07,61,7,2,5,3,4
2022-03-08,65,7,4,5,0,2
2022-03-09,56,4,1,4,0,0
2022-03-10,72,4,3,1,1,1
2022-03-11,73,8,1,8,1,0
2022-03-12,28,0,0,0,0,0
2022-03-13,18,1,1,0,0,0
2022-03-14,54,2,2,2,1,1
2022-03-15,68,8,4,6,2,5
2022-03-16,63,13,4,10,0,3
2022-03-17,63,5,3,4,0,2
2022-03-18,52,7,4,7,0,3
2022-03-19,35,2,2,1,1,1
2022-03-20,19,1,1,1,0,0
2022-03-21,53,6,4,5,1,2
2022-03-22,68,5,1,2,2,0
2022-03-23,58,2,0,2,0,0
2022-03-24,65,9,4,5,0,4
2022-03-25,70,3,2,3,0,1
2022-03-26,19,4,3,2,1,3
2022-03-27,24,1,1,0,0,0
2022-03-28,58,4,2,2,0,3
2022-03-29,64,8,2,6,2,3
2022-03-30,69,3,1,2,0,2
2022-03-31,80,5,3,4,1,0
2022-04-01,47,0,0,0,0,0
2022-04-02,30,2,2,1,0,0
2022-04-03,22,0,0,0,0,0
2022-04-04,57,1,0,0,0,1
2022-04-05,81,8,4,5,0,4
2022-04-06,66,4,2,2,2,0
2022-04-07,66,7,5,3,0,1
2022-04-08,71,5,2,3,0,1
2022-04-09,25,2,2,2,0,1
2022-04-10,35,4,2,2,1,2
2022-04-11,64,5,1,5,0,1
2022-04-12,75,3,1,1,1,0
2022-04-13,68,7,3,4,1,1
2022-04-14,75,5,2,3,1,2
2022-04-15,47,2,1,1,0,0
2022-04-16,29,3,2,3,2,1
2022-04-17,31,3,0,2,1,0
2022-04-18,50,4,2,4,0,4
2022-04-19,51,8,6,4,2,3
2022-04-20,63,2,0,1,0,2
2022-04-21,69,5,3,3,1,1
2022-04-22,59,8,5,4,1,2
2022-04-23,31,1,0,0,1,0
2022-04-24,26,2,1,0,0,1
2022-04-25,54,5,3,3,1,1
2022-04-26,66,4,1,2,1,0
2022-04-27,70,5,2,3,0,1
2022-04-28,60,4,1,1,1,1
2022-04-29,66,6,4,1,2,1
2022-04-30,24,0,0,0,0,0
2022-05-01,21,0,0,0,0,0
2022-05-02,57,3,2,1,1,1
2022-05-03,68,5,1,4,1,1
2022-05-04,66,5,4,4,0,3
2022-05-05,66,4,4,1,2,0
2022-05-06,45,2,2,1,0,0
2022-05-07,32,3,2,2,0,1
2022-05-08,28,1,0,1,0,0
2022-05-09,60,4,1,4,0,0
2022-05-10,87,4,3,2,0,2
2022-05-11,62,4,3,3,1,2
2022-05-12,50,7,3,4,0,2
2022-05-13,56,4,0,3,0,1
2022-05-14,22,2,2,1,1,0
2022-05-15,20,2,0,1,1,0
2022-05-16,51,1,0,0,1,0
2022-05-17,51,2,0,0,1,1
2022-05-18,68,4,3,3,2,2
2022-05-19,67,5,4,3,2,1
2022-05-20,56,5,4,2,0,1
2022-05-21,21,2,2,2,0,0
2022-05-22,31,6,4,4,0,4
2022-05-23,53,2,1,0,1,1
2022-05-24,56,6,3,4,1,1
2022-05-25,56,7,5,3,2,2
2022-05-26,60,5,2,1,2,0
2022-05-27,42,3,0,1,2,0
2022-05-28,28,2,1,2,1,1
2022-05-29,19,2,0,2,0,0
2022-05-30,29,1,1,1,0,0
2022-05-31,50,8,3,3,2,3
2022-06-01,44,3,3,2,1,1
2022-06-02,47,5,1,4,0,1
2022-06-03,54,3,2,2,1,0
2022-06-04,20,2,2,1,0,2
2022-06-05,21,2,0,1,1,0
2022-06-06,46,2,0,1,0,1
2022-06-07,67,5,3,2,1,1
2022-06-08,57,5,3,4,0,1
2022-06-09,53,5,4,2,2,0
2022-06-10,50,2,1,1,0,0
2022-06-11,17,3,1,2,0,0
2022-06-12,27,1,1,1,0,0
2022-06-13,43,3,2,3,1,2
2022-06-14,57,5,1,4,1,1
2022-06-15,72,9,5,4,5,1
2022-06-16,55,4,2,2,0,0
2022-06-17,55,2,1,1,0,0
2022-06-18,21,0,0,0,0,0
2022-06-19,21,3,0,2,0,1
2022-06-20,38,0,0,0,0,0
2022-06-21,60,5,2,3,2,1
2022-06-22,57,7,5,4,0,1
2022-06-23,82,10,6,9,0,2
2022-06-24,51,5,0,2,0,4
2022-06-25,23,1,1,1,0,0
2022-06-26,14,0,0,0,0,0
2022-06-27,44,0,0,0,0,0
2022-06-28,67,3,2,2,1,0
2022-06-29,54,2,2,1,0,1
2022-06-30,52,5,3,2,1,1
2022-07-01,43,4,4,3,0,1
2022-07-02,18,1,1,0,0,0
2022-07-03,17,0,0,0,0,0
2022-07-04,27,1,0,0,0,1
2022-07-05,56,4,3,2,0,1
2022-07-06,41,4,2,3,1,1
2022-07-07,53,5,2,4,0,3
2022-07-08,73,2,1,2,0,0
2022-07-09,20,0,0,0,0,0
2022-07-10,16,1,1,0,0,0
2022-07-11,45,2,0,1,1,0
2022-07-12,53,4,2,4,0,1
2022-07-13,48,6,1,4,2,1
2022-07-14,62,8,5,5,0,5
2022-07-15,62,4,2,3,0,2
2022-07-16,37,5,3,3,0,0
2022-07-17,24,3,2,3,1,1
2022-07-18,57,6,6,4,0,4
2022-07-19,56,6,6,4,3,2
2022-07-20,62,6,2,2,3,0
2022-07-21,60,8,5,2,0,3
2022-07-22,45,3,3,1,1,0
2022-07-23,19,1,1,1,0,1
2022-07-24,31,6,5,3,0,2
2022-07-25,53,6,3,3,1,0
2022-07-26,68,12,4,10,2,3
2022-07-27,60,7,2,6,0,3
2022-07-28,58,4,2,3,1,1
2022-07-29,60,7,6,3,1,1
2022-07-30,27,2,1,2,0,2
2022-07-31,22,1,1,1,0,1
2022-08-01,54,8,4,5,1,5
2022-08-02,65,5,4,4,0,4
2022-08-03,62,6,6,0,1,1
2022-08-04,64,15,8,9,3,6
2022-08-05,51,3,2,1,1,0
2022-08-06,10,0,0,0,0,0
2022-08-07,21,2,1,2,0,1
2022-08-08,54,6,4,2,1,4
2022-08-09,62,5,2,3,0,2
2022-08-10,60,7,3,1,3,3
2022-08-11,67,9,3,5,2,3
2022-08-12,54,5,3,3,0,1
2022-08-13,26,3,1,2,1,0
2022-08-14,20,5,3,3,1,1
2022-08-15,54,7,4,4,0,1
2022-08-16,64,8,5,4,2,3
2022-08-17,61,7,6,2,1,1
2022-08-18,75,8,6,5,3,2
2022-08-19,57,4,2,4,0,1
2022-08-20,30,2,2,0,0,0
2022-08-21,24,0,0,0,0,0
2022-08-22,49,4,3,3,1,1
2022-08-23,82,7,3,4,2,2
2022-08-24,71,5,3,2,0,0
2022-08-25,72,6,3,3,0,0
2022-08-26,63,10,5,6,2,2
2022-08-27,25,3,1,1,3,1
2022-08-28,18,1,0,0,0,1
2022-08-29,41,4,0,4,1,0
2022-08-30,53,3,1,2,2,1
2022-08-31,64,9,5,8,1,2
2022-09-01,61,9,5,8,2,3
2022-09-02,51,8,3,4,2,1
2022-09-03,24,1,1,0,0,0
2022-09-04,13,1,1,0,0,0
2022-09-05,26,1,1,1,1,0
2022-09-06,44,2,1,1,0,0
2022-09-07,57,6,4,4,1,1
2022-09-08,58,6,3,4,0,2
2022-09-09,33,3,1,2,2,1
2022-09-10,32,2,2,0,1,1
2022-09-11,23,1,0,0,0,1
2022-09-12,54,10,6,8,2,3
2022-09-13,46,7,4,3,2,2
2022-09-14,56,2,1,1,0,0
2022-09-15,55,3,1,2,1,0
2022-09-16,58,5,4,1,0,1
2022-09-17,14,2,0,2,0,2
2022-09-18,21,1,0,1,0,0
2022-09-19,50,7,3,5,0,4
2022-09-20,53,5,0,3,1,1
2022-09-21,67,7,2,4,0,4
2022-09-22,48,4,3,3,0,1
2022-09-23,56,3,1,2,0,1
2022-09-24,22,0,0,0,0,0
2022-09-25,18,1,1,0,0,0
2022-09-26,56,7,4,5,1,2
2022-09-27,66,5,2,1,1,3
2022-09-28,61,1,0,1,0,0
2022-09-29,77,8,5,6,1,2
2022-09-30,41,5,3,3,2,4
2022-10-01,27,1,0,1,0,0
2022-10-02,18,1,1,0,0,1
2022-10-03,48,4,2,2,0,0
2022-10-04,41,4,2,2,1,4
2022-10-05,46,9,5,7,3,2
2022-10-06,53,5,3,4,1,1
2022-10-07,60,5,3,2,1,0
2022-10-08,21,3,2,2,0,0
2022-10-09,19,0,0,0,0,0
2022-10-10,56,2,1,2,0,0
2022-10-11,53,4,1,4,2,1
2022-10-12,38,2,1,2,1,1
2022-10-13,59,3,2,2,1,3
2022-10-14,49,4,1,2,2,0
2022-10-15,22,1,1,0,0,0
2022-10-16,18,1,1,1,0,0
2022-10-17,52,3,0,2,1,0
2022-10-18,63,3,3,1,0,0
2022-10-19,61,6,4,3,0,2
2022-10-20,60,4,2,3,1,2
2022-10-21,62,9,5,7,0,4
2022-10-22,23,1,1,1,0,1
2022-10-23,22,4,4,1,0,2
2022-10-24,46,2,2,1,1,0
2022-10-25,67,13,9,9,1,3
2022-10-26,60,7,4,5,0,5
2022-10-27,63,1,1,1,0,1
2022-10-28,46,8,4,5,0,1
2022-10-29,24,2,0,0,1,1
2022-10-30,16,2,2,1,1,0
2022-10-31,51,6,2,4,1,1
2022-11-01,58,4,2,3,0,1
2022-11-02,61,2,1,2,1,0
2022-11-03,58,9,5,7,0,4
2022-11-04,64,4,2,3,1,0
2022-11-05,19,0,0,0,0,0
2022-11-06,23,1,0,0,0,1
2022-11-07,45,5,3,1,0,2
2022-11-08,53,2,1,2,0,1
2022-11-09,63,7,4,6,1,2
2022-11-10,65,4,2,2,2,2
2022-11-11,45,5,3,4,0,1
2022-11-12,20,1,1,1,0,1
2022-11-13,13,0,0,0,0,0
2022-11-14,57,7,4,4,2,1
2022-11-15,72,8,5,5,2,5
2022-11-16,56,7,4,5,0,2
2022-11-17,66,7,5,5,1,1
2022-11-18,54,6,3,2,2,2
2022-11-19,32,3,1,1,0,1
2022-11-20,26,2,2,1,0,0
2022-11-21,51,5,1,3,2,1
2022-11-22,44,2,2,1,1,2
2022-11-23,54,5,5,4,1,3
2022-11-24,28,1,0,1,1,0
2022-11-25,29,2,1,1,0,0
2022-11-26,12,1,1,1,1,1
2022-11-27,25,4,3,2,0,2
2022-11-28,44,2,1,2,0,1
2022-11-29,54,3,1,3,0,1
2022-11-30,53,8,7,5,1,1
2022-12-01,38,5,3,3,2,4
2022-12-02,58,6,3,4,2,1
2022-12-03,16,2,2,1,0,0
2022-12-04,23,3,1,0,2,1
2022-12-05,50,2,0,1,1,0
2022-12-06,59,6,6,5,0,3
2022-12-07,68,5,4,2,0,2
2022-12-08,52,4,2,2,0,0
2022-12-09,41,4,2,3,1,0
2022-12-10,16,1,1,1,0,0
2022-12-11,16,2,2,0,0,0
2022-12-12,50,6,4,3,1,0
2022-12-13,43,2,2,2,0,2
2022-12-14,51,7,3,5,0,1
2022-12-15,67,6,3,4,0,2
2022-12-16,40,6,2,5,0,0
2022-12-17,24,1,0,1,1,1
2022-12-18,14,1,1,1,0,1
2022-12-19,38,4,4,3,0,2
2022-12-20,54,3,1,3,0,0
2022-12-21,48,4,1,2,0,1
2022-12-22,43,7,5,4,1,1
2022-12-23,40,5,4,3,3,2
2022-12-24,16,3,2,3,1,2
2022-12-25,6,2,0,1,0,1
2022-12-26,29,6,6,5,1,3
2022-12-27,36,6,4,4,2,3
2022-12-28,33,2,1,0,0,1
2022-12-29,37,7,5,4,2,1
2022-12-30,37,2,2,2,0,1
2022-12-31,28,1,0,0,1,0
2023-01-01,16,1,1,0,0,0
2023-01-02,26,0,0,0,0,0
2023-01-03,60,6,2,4,2,2
2023-01-04,61,5,2,2,1,3
2023-01-05,49,4,1,2,1,1
2023-01-06,57,6,3,1,0,4
2023-01-07,18,1,0,0,0,1
2023-01-08,20,3,3,0,0,1
2023-01-09,54,7,3,5,1,2
2023-01-10,61,7,4,2,4,2
2023-01-11,57,3,2,3,0,2
2023-01-12,61,5,3,5,0,1
2023-01-13,59,6,3,5,1,1
2023-01-14,27,2,0,2,0,1
2023-01-15,32,4,3,4,1,1
2023-01-16,48,5,1,4,1,2
2023-01-17,52,4,1,3,0,1
2023-01-18,85,6,5,3,0,1
2023-01-19,54,5,3,5,3,3
2023-01-20,67,11,7,5,3,6
2023-01-21,31,4,4,3,0,1
2023-01-22,27,4,3,4,4,3
2023-01-23,61,10,4,6,0,4
2023-01-24,61,4,0,1,1,2
2023-01-25,70,7,2,5,0,1
2023-01-26,66,4,3,2,1,1
2023-01-27,52,7,4,4,2,0
2023-01-28,19,2,1,1,0,0
2023-01-29,25,2,2,0,0,0
2023-01-30,76,5,2,4,0,0
2023-01-31,57,7,2,6,0,4
2023-02-01,66,7,3,6,0,1
2023-02-02,70,5,3,3,0,2
2023-02-03,66,2,2,1,0,1
2023-02-04,22,2,1,1,2,0
2023-02-05,21,2,1,0,2,0
2023-02-06,59,1,1,0,0,0
2023-02-07,63,6,2,3,1,1
2023-02-08,56,10,6,6,3,0
2023-02-09,82,12,8,4,1,3
2023-02-10,45,5,3,4,1,2
2023-02-11,35,4,2,2,0,2
2023-02-12,22,2,1,2,0,1
2023-02-13,64,8,6,7,2,5
2023-02-14,72,6,6,3,1,2
2023-02-15,59,4,2,2,1,1
2023-02-16,75,14,7,9,2,7
2023-02-17,63,12,5,9,2,4
2023-02-18,23,3,3,2,0,2
2023-02-19,23,4,3,4,0,3
2023-02-20,49,7,3,5,2,2
2023-02-21,49,3,1,3,0,1
2023-02-22,63,8,3,7,0,3
2023-02-23,66,7,4,4,2,2
2023-02-24,61,6,4,4,2,1
2023-02-25,28,8,3,5,1,2
2023-02-26,26,5,2,4,2,3
2023-02-27,46,7,3,3,1,0
2023-02-28,57,5,3,3,1,0
2023-03-01,59,2,0,0,2,0
2023-03-02,62,10,7,8,3,1
2023-03-03,62,2,1,1,0,0
2023-03-04,32,6,2,3,1,1
2023-03-05,23,0,0,0,0,0
2023-03-06,49,4,1,3,0,1
2023-03-07,69,8,4,5,1,4
2023-03-08,70,4,0,3,2,0
2023-03-09,52,6,2,6,0,1
2023-03-10,65,5,1,5,0,1
2023-03-11,17,3,2,3,0,1
2023-03-12,19,0,0,0,0,0
2023-03-13,58,3,2,2,0,2
2023-03-14,40,3,3,1,0,0
2023-03-15,78,10,6,6,4,0
2023-03-16,54,5,2,3,1,3
2023-03-17,58,5,3,2,2,0
2023-03-18,27,5,3,3,2,3
2023-03-19,29,3,2,1,0,1
2023-03-20,63,9,6,6,2,3
2023-03-21,65,11,7,10,2,4
2023-03-22,56,6,2,4,1,2
2023-03-23,54,5,3,2,2,2
2023-03-24,49,6,3,5,1,1
2023-03-25,25,1,1,0,0,0
2023-03-26,18,2,1,0,0,1
2023-03-27,49,4,2,3,0,1
2023-03-28,64,7,4,3,1,3
2023-03-29,55,5,5,2,2,1
2023-03-30,57,4,3,3,1,0
2023-03-31,67,6,5,3,1,2
2023-04-01,20,0,0,0,0,0
2023-04-02,23,2,2,0,2,0
2023-04-03,62,7,4,5,1,3
2023-04-04,54,5,3,3,0,1
2023-04-05,62,5,4,3,0,1
2023-04-06,52,4,2,1,2,0
2023-04-07,41,5,2,3,0,2
2023-04-08,21,2,1,2,1,1
2023-04-09,12,1,0,0,0,1
2023-04-10,37,1,1,0,0,0
2023-04-11,49,3,3,2,0,1
2023-04-12,60,2,2,0,0,0
2023-04-13,54,5,2,3,1,0
2023-04-14,49,4,3,3,0,1
2023-04-15,22,0,0,0,0,0
2023-04-16,22,4,1,3,1,1
2023-04-17,52,4,2,4,0,1
2023-04-18,50,5,5,2,0,0
2023-04-19,67,9,5,4,1,3
2023-04-20,54,5,1,2,3,1
2023-04-21,60,4,2,2,2,0
2023-04-22,25,3,3,3,1,2
2023-04-23,26,2,0,1,1,0
2023-04-24,61,5,4,3,1,2
2023-04-25,56,8,2,6,1,1
2023-04-26,50,4,4,1,3,0
2023-04-27,59,5,1,3,2,3
2023-04-28,68,5,3,3,2,3
2023-04-29,18,1,0,1,0,0
2023-04-30,26,4,1,2,0,1
2023-05-01,48,2,1,2,0,2
2023-05-02,58,5,2,4,1,0
2023-05-03,49,6,1,2,3,1
2023-05-04,50,6,3,3,1,1
2023-05-05,64,6,3,1,1,2
2023-05-06,29,3,2,1,1,1
2023-05-07,28,1,1,0,0,0
2023-05-08,55,9,6,7,0,3
2023-05-09,67,5,1,4,0,1
2023-05-10,66,4,0,3,0,2
2023-05-11,56,6,3,4,1,2
2023-05-12,63,7,3,3,0,3
2023-05-13,23,1,1,0,0,0
2023-05-14,26,1,1,0,0,0
2023-05-15,54,5,2,3,0,0
2023-05-16,63,8,3,3,1,7
2023-05-17,72,6,4,3,3,2
2023-05-18,74,6,2,3,2,1
2023-05-19,52,4,3,3,1,1
2023-05-20,27,8,4,5,1,2
2023-05-21,13,3,1,2,0,0
2023-05-22,52,3,2,1,1,1
2023-05-23,58,7,3,6,2,5
2023-05-24,53,4,3,3,0,2
2023-05-25,62,3,1,3,0,1
2023-05-26,51,3,1,2,1,0
2023-05-27,15,1,0,1,0,0
2023-05-28,22,5,3,4,1,2
2023-05-29,28,4,1,4,2,0
2023-05-30,55,8,2,4,5,0
2023-05-31,58,6,2,4,1,2
2023-06-01,57,6,4,1,1,2
2023-06-02,67,6,3,4,2,2
2023-06-03,23,3,2,3,0,2
2023-06-04,15,1,1,0,1,1
2023-06-05,38,8,4,4,1,3
2023-06-06,48,9,6,4,2,2
2023-06-07,50,1,1,0,0,0
2023-06-08,50,2,0,2,0,0
2023-06-09,45,1,1,1,1,1
2023-06-10,19,1,1,0,0,0
2023-06-11,11,0,0,0,0,0
2023-06-12,37,1,0,1,0,0
2023-06-13,41,1,1,1,0,1
2023-06-14,47,2,1,1,0,0
2023-06-15,52,6,2,3,2,2
2023-06-16,57,3,2,3,2,2
2023-06-17,28,3,2,3,1,2
2023-06-18,14,1,1,1,0,1
2023-06-19,45,6,4,2,0,2
2023-06-20,50,4,2,2,3,1
2023-06-21,48,6,2,5,2,2
2023-06-22,49,7,3,2,2,2
2023-06-23,39,3,1,0,0,2
2023-06-24,21,2,1,2,0,0
2023-06-25,16,1,1,0,1,0
2023-06-26,46,2,1,1,0,1
2023-06-27,51,5,2,3,1,1
2023-06-28,49,10,6,3,0,2
2023-06-29,53,3,1,3,0,1
2023-06-30,35,3,2,2,0,2
2023-07-01,26,3,2,2,1,0
2023-07-02,24,1,0,0,1,0
2023-07-03,45,6,2,5,0,1
2023-07-04,54,4,0,3,2,1
2023-07-05,67,7,5,3,2,0
2023-07-06,57,7,2,3,4,2
2023-07-07,61,5,2,4,1,0
2023-07-08,27,1,1,0,0,1
2023-07-09,38,2,2,0,0,2
2023-07-10,76,9,5,4,0,2
2023-07-11,85,8,3,3,4,1
2023-07-12,66,5,3,3,0,0
2023-07-13,81,12,6,8,3,5
2023-07-14,59,6,3,5,1,3
2023-07-15,33,8,6,6,0,2
2023-07-16,35,2,0,0,2,0
2023-07-17,62,8,6,5,2,4
2023-07-18,56,3,2,2,0,1
2023-07-19,83,11,6,8,3,3
2023-07-20,77,9,5,6,2,3
2023-07-21,66,8,3,2,1,5
2023-07-22,26,2,1,2,1,2
2023-07-23,30,3,2,3,0,0
2023-07-24,63,8,3,1,4,3
2023-07-25,76,12,6,7,5,6
2023-07-26,77,5,4,3,0,1
2023-07-27,74,4,2,2,1,1
2023-07-28,51,7,6,5,0,2
2023-07-29,29,4,2,4,0,2
2023-07-30,34,6,4,2,1,1
2023-07-31,61,3,0,1,1,1
2023-08-01,69,9,4,5,4,2
2023-08-02,85,6,2,4,1,3
2023-08-03,59,5,2,5,0,1
2023-08-04,49,7,5,3,0,2
2023-08-05,26,2,1,1,0,0
2023-08-06,28,3,0,1,3,0
2023-08-07,69,3,1,2,2,1
2023-08-08,65,8,3,5,3,3
2023-08-09,87,10,5,7,1,3
2023-08-10,63,6,5,4,0,1
2023-08-11,60,6,2,5,1,0
2023-08-12,24,4,1,1,1,2
2023-08-13,23,1,0,1,1,0
2023-08-14,64,2,0,2,0,0
2023-08-15,65,2,0,2,0,0
2023-08-16,73,7,3,3,1,1
2023-08-17,51,10,3,8,2,1
2023-08-18,59,8,5,6,1,1
2023-08-19,32,5,2,4,2,3
2023-08-20,29,7,5,5,1,3
2023-08-21,55,3,2,2,1,2
2023-08-22,90,8,4,5,2,1
2023-08-23,67,13,8,8,2,6
2023-08-24,80,7,3,2,2,1
2023-08-25,68,2,0,2,1,0
2023-08-26,29,3,1,0,2,0
2023-08-27,22,3,0,2,1,2
2023-08-28,64,4,2,3,0,0
2023-08-29,57,7,6,2,3,3
2023-08-30,88,10,6,5,2,1
2023-08-31,81,11,4,8,1,4
2023-09-01,69,10,5,8,1,3
2023-09-02,34,1,0,1,1,1
2023-09-03,33,3,3,2,0,1
2023-09-04,48,5,1,5,2,0
2023-09-05,51,3,2,2,0,3
2023-09-06,78,9,7,8,0,1
2023-09-07,82,6,2,4,0,2
2023-09-08,82,11,7,9,2,5
2023-09-09,25,1,1,1,1,0
2023-09-10,29,3,2,3,1,2
2023-09-11,67,6,2,5,1,1
2023-09-12,62,4,2,0,0,3
2023-09-13,79,4,2,3,1,3
2023-09-14,112,9,3,7,1,2
2023-09-15,68,6,3,5,1,1
2023-09-16,40,7,1,4,2,2
2023-09-17,33,4,2,2,2,0
2023-09-18,84,8,6,6,1,7
2023-09-19,79,5,3,3,2,1
2023-09-20,75,4,1,1,2,1
2023-09-21,68,7,3,2,3,2
2023-09-22,73,5,1,2,1,2
2023-09-23,42,4,1,4,0,2
2023-09-24,32,4,1,2,1,1
2023-09-25,77,6,2,4,1,0
2023-09-26,73,5,4,2,2,0
2023-09-27,62,3,1,2,0,1
2023-09-28,74,6,1,3,2,0
2023-09-29,74,8,4,6,1,3
2023-09-30,32,5,2,1,1,1
2023-10-01,33,5,4,3,2,3
2023-10-02,48,4,2,1,1,2
2023-10-03,64,7,4,2,1,0
2023-10-04,74,5,1,3,1,1
2023-10-05,69,7,2,6,2,2
2023-10-06,55,8,5,4,0,2
2023-10-07,36,5,3,3,1,1
2023-10-08,27,3,2,3,0,2
2023-10-09,70,11,7,4,0,3
2023-10-10,78,4,2,3,2,1
2023-10-11,62,1,0,0,0,1
2023-10-12,57,4,1,3,0,0
2023-10-13,52,1,0,1,0,1
2023-10-14,30,1,0,0,0,1
2023-10-15,28,2,1,2,0,0
2023-10-16,67,8,4,4,2,0
2023-10-17,67,6,2,4,0,0
2023-10-18,72,8,2,7,1,4
2023-10-19,72,5,3,4,0,1
2023-10-20,59,8,6,6,1,5
2023-10-21,21,1,0,0,0,1
2023-10-22,28,4,2,2,0,2
2023-10-23,73,6,3,3,2,1
2023-10-24,63,9,4,7,1,4
2023-10-25,69,9,5,7,3,1
2023-10-26,69,9,4,5,3,3
2023-10-27,78,6,3,4,3,1
2023-10-28,35,3,3,1,1,1
2023-10-29,29,3,2,1,0,2
2023-10-30,66,5,4,2,1,2
2023-10-31,72,9,5,5,2,3
2023-11-01,65,4,0,3,1,0
2023-11-02,75,7,4,4,2,0
2023-11-03,67,8,4,4,3,0
2023-11-04,24,1,1,1,0,0
2023-11-05,35,6,4,3,1,0
2023-11-06,51,6,4,1,1,1
2023-11-07,63,8,4,5,2,1
2023-11-08,89,6,4,4,1,2
2023-11-09,59,4,0,4,1,0
2023-11-10,64,3,2,2,0,0
2023-11-11,29,1,0,0,0,1
2023-11-12,21,2,2,1,0,0
2023-11-13,65,2,0,1,1,0
2023-11-14,67,7,2,6,2,2
2023-11-15,72,3,2,2,0,1
2023-11-16,103,4,1,3,0,0
2023-11-17,59,8,3,4,2,1
2023-11-18,42,3,3,2,1,0
2023-11-19,31,4,0,4,0,0
2023-11-20,55,4,2,2,1,1
2023-11-21,71,4,2,1,2,1
2023-11-22,55,6,1,5,2,0
2023-11-23,26,3,1,3,1,1
2023-11-24,41,4,3,3,1,1
2023-11-25,42,7,3,5,1,1
2023-11-26,25,0,0,0,0,0
2023-11-27,58,3,3,0,0,2
2023-11-28,62,3,2,1,0,0
2023-11-29,55,3,1,1,0,1
2023-11-30,58,5,3,2,1,2
2023-12-01,69,4,0,3,0,2
2023-12-02,38,5,5,4,2,4
2023-12-03,26,1,1,0,0,0
2023-12-04,62,2,1,2,0,0
2023-12-05,58,2,0,2,0,0
2023-12-06,59,7,3,5,1,1
2023-12-07,65,4,1,2,0,1
2023-12-08,57,5,1,3,1,2
2023-12-09,27,1,1,1,0,0
2023-12-10,28,0,0,0,0,0
2023-12-11,52,4,3,2,0,3
2023-12-12,65,5,2,3,1,1
2023-12-13,87,11,7,4,1,2
2023-12-14,74,3,1,2,0,1
2023-12-15,68,5,1,4,0,2
2023-12-16,28,1,1,1,1,1
2023-12-17,26,2,1,1,0,1
2023-12-18,58,6,4,4,3,2
2023-12-19,52,2,0,2,0,0
2023-12-20,69,6,4,3,2,1
2023-12-21,57,7,1,5,2,2
2023-12-22,44,5,1,2,2,1
2023-12-23,24,4,3,1,1,0
2023-12-24,13,1,0,1,1,1
2023-12-25,23,3,1,1,3,1
2023-12-26,35,5,0,3,1,2
2023-12-27,53,4,3,1,0,2
2023-12-28,62,5,3,5,0,3
2023-12-29,37,3,2,0,0,2
2023-12-30,26,3,2,2,0,1
2023-12-31,16,1,0,1,0,1
2024-01-01,22,3,0,3,0,2
2024-01-02,43,4,2,2,3,1
2024-01-03,82,6,4,4,1,2
2024-01-04,67,8,4,6,1,2
2024-01-05,49,4,1,4,0,1
2024-01-06,23,0,0,0,0,0
2024-01-07,39,7,5,5,3,4
2024-01-08,67,4,3,4,0,0
2024-01-09,75,8,2,3,4,3
2024-01-10,62,3,1,2,0,2
2024-01-11,81,7,3,5,1,3
2024-01-12,83,7,2,5,2,0
2024-01-13,42,5,4,3,0,1
2024-01-14,31,0,0,0,0,0
2024-01-15,61,5,2,4,0,1
2024-01-16,76,6,3,4,3,1
2024-01-17,79,5,3,3,0,2
2024-01-18,91,7,5,3,2,3
2024-01-19,57,3,1,1,0,1
2024-01-20,32,1,1,0,0,0
2024-01-21,34,5,4,4,1,2
2024-01-22,75,11,5,6,2,2
2024-01-23,77,4,2,1,0,2
2024-01-24,73,3,2,2,1,1
2024-01-25,85,7,6,3,2,0
2024-01-26,92,7,4,3,2,2
2024-01-27,36,6,4,3,0,1
2024-01-28,37,2,2,1,0,1
2024-01-29,81,8,3,5,0,3
2024-01-30,83,14,4,12,1,5
2024-01-31,81,5,3,1,2,1
2024-02-01,83,7,4,6,2,4
2024-02-02,78,6,0,3,2,2
2024-02-03,33,3,1,2,0,1
2024-02-04,35,2,1,2,1,1
2024-02-05,83,8,4,7,1,2
2024-02-06,64,8,5,5,2,3
2024-02-07,94,11,6,6,2,5
2024-02-08,97,6,2,3,1,2
2024-02-09,80,3,2,2,3,1
2024-02-10,47,4,1,3,0,1
2024-02-11,37,2,0,2,0,0
2024-02-12,68,5,3,3,1,3
2024-02-13,72,7,2,5,0,4
2024-02-14,90,7,2,5,2,1
2024-02-15,82,9,5,5,1,0
2024-02-16,81,11,6,5,1,3
2024-02-17,46,4,2,1,1,2
2024-02-18,33,1,0,1,0,0
2024-02-19,63,7,3,6,0,3
2024-02-20,84,7,2,5,3,1
2024-02-21,73,8,3,6,0,3
2024-02-22,74,12,3,7,4,6
2024-02-23,70,8,5,3,2,1
2024-02-24,39,6,3,3,1,1
2024-02-25,36,3,1,2,0,3
2024-02-26,81,9,6,7,0,0
2024-02-27,77,8,5,6,2,3
2024-02-28,75,3,2,2,0,1
2024-02-29,70,4,1,4,0,0
2024-03-01,66,9,7,3,1,0
2024-03-02,35,3,1,2,0,0
2024-03-03,40,2,2,1,1,1
2024-03-04,58,6,4,4,1,2
2024-03-05,85,11,3,8,4,5
2024-03-06,77,9,6,5,6,3
2024-03-07,94,6,4,5,1,3
2024-03-08,65,3,1,2,1,1
2024-03-09,34,3,1,2,0,1
2024-03-10,29,2,2,1,1,0
2024-03-11,65,7,6,4,3,3
2024-03-12,65,2,2,2,0,1
2024-03-13,88,13,7,6,1,5
2024-03-14,87,4,2,2,0,0
2024-03-15,81,11,8,8,1,3
2024-03-16,35,3,1,3,0,2
2024-03-17,33,3,1,1,2,1
2024-03-18,78,8,3,2,2,1
2024-03-19,75,5,4,4,1,2
2024-03-20,79,10,4,8,1,1
2024-03-21,76,8,2,5,3,4
2024-03-22,73,5,3,2,0,3
2024-03-23,36,3,1,3,0,0
2024-03-24,32,3,1,2,2,1
2024-03-25,78,8,2,6,2,1
2024-03-26,65,7,3,5,1,2
2024-03-27,74,9,3,7,3,2
2024-03-28,60,7,3,6,2,3
2024-03-29,58,4,0,3,0,1
2024-03-30,31,3,2,1,1,1
2024-03-31,26,1,0,0,0,1
2024-04-01,60,4,0,2,1,1
2024-04-02,95,14,5,8,6,2
2024-04-03,100,14,8,9,5,6
2024-04-04,81,8,3,6,2,2
2024-04-05,66,5,2,4,0,3
2024-04-06,36,5,2,5,1,1
2024-04-07,28,5,2,2,0,3
2024-04-08,70,4,3,3,0,1
2024-04-09,70,6,2,4,1,0
2024-04-10,73,10,3,7,2,3
2024-04-11,75,11,6,7,4,3
2024-04-12,72,4,2,3,0,2
2024-04-13,41,7,2,2,4,1
2024-04-14,35,1,1,1,0,0
2024-04-15,81,8,5,7,1,2
2024-04-16,66,8,4,5,0,1
2024-04-17,82,9,3,5,3,1
2024-04-18,94,9,4,7,3,2
2024-04-19,66,10,8,7,3,5
2024-04-20,31,4,2,3,0,2
2024-04-21,29,2,1,2,0,1
2024-04-22,80,6,4,2,1,1
2024-04-23,86,7,1,5,1,1
2024-04-24,99,7,3,4,0,2
2024-04-25,78,5,3,1,1,2
2024-04-26,63,5,5,1,1,2
2024-04-27,28,3,2,2,1,2
2024-04-28,32,0,0,0,0,0
2024-04-29,68,4,2,3,1,2
2024-04-30,73,13,11,6,2,8
2024-05-01,76,8,5,8,2,3
2024-05-02,88,5,4,3,3,1
2024-05-03,56,7,2,3,1,2
2024-05-04,35,4,3,4,0,1
2024-05-05,25,3,2,1,0,1
2024-05-06,61,0,0,0,0,0
2024-05-07,77,11,4,8,3,3
2024-05-08,80,6,2,5,1,1
2024-05-09,68,5,4,5,1,1
2024-05-10,72,7,3,5,1,3
2024-05-11,34,5,4,3,0,3
2024-05-12,26,1,1,1,0,0
2024-05-13,77,2,1,2,0,0
2024-05-14,68,8,4,3,1,2
2024-05-15,78,14,6,10,4,5
2024-05-16,70,7,3,5,3,3
2024-05-17,63,7,3,4,1,3
2024-05-18,27,2,0,1,0,1
2024-05-19,38,2,0,1,0,1
2024-05-20,55,2,2,0,0,0
2024-05-21,80,6,2,5,1,1
2024-05-22,83,9,4,6,1,4
2024-05-23,65,4,1,3,1,2
2024-05-24,61,2,0,1,1,0
2024-05-25,17,0,0,0,0,0
2024-05-26,33,2,1,1,0,0
2024-05-27,53,3,2,2,0,2
2024-05-28,80,11,4,2,5,2
2024-05-29,75,8,2,5,2,2
2024-05-30,69,12,6,5,3,4
2024-05-31,65,4,3,1,2,1
2024-06-01,37,6,4,4,2,2
2024-06-02,31,0,0,0,0,0
2024-06-03,87,9,7,4,0,4
2024-06-04,71,7,3,4,2,2
2024-06-05,76,8,6,5,1,1
2024-06-06,90,10,4,8,0,2
2024-06-07,64,3,3,0,1,1
2024-06-08,22,2,2,0,0,0
2024-06-09,16,1,0,0,0,1
2024-06-10,78,5,2,4,0,2
2024-06-11,74,8,4,6,1,5
2024-06-12,77,6,3,3,2,2
2024-06-13,66,12,7,7,3,4
2024-06-14,70,8,4,5,2,3
2024-06-15,25,3,1,1,0,2
2024-06-16,37,5,2,3,0,3
2024-06-17,54,3,2,2,0,1
2024-06-18,31,3,2,2,1,2
2024-06-19,63,5,1,4,1,0
2024-06-20,62,6,4,4,0,2
2024-06-21,55,2,1,2,1,1
2024-06-22,29,4,4,2,0,1
2024-06-23,25,1,0,1,0,0
2024-06-24,78,9,6,5,2,2
2024-06-25,73,5,3,4,0,4
2024-06-26,70,7,3,2,2,2
2024-06-27,67,1,1,0,0,0
2024-06-28,69,10,4,5,3,2
2024-06-29,32,4,1,3,1,3
2024-06-30,32,2,2,2,0,1
2024-07-01,64,10,5,6,3,2
2024-07-02,61,5,3,3,3,2
2024-07-03,69,7,3,5,2,3
2024-07-04,41,2,1,1,2,0
2024-07-05,36,1,0,1,0,0
2024-07-06,28,2,1,0,0,1
2024-07-07,29,1,0,0,0,1
2024-07-08,69,5,2,4,0,1
2024-07-09,74,6,5,2,1,3
2024-07-10,77,7,4,3,2,1
2024-07-11,59,7,6,4,2,5
2024-07-12,77,11,9,6,3,4
2024-07-13,31,5,3,4,1,1
2024-07-14,20,2,1,2,0,0
2024-07-15,61,3,2,2,1,1
2024-07-16,97,8,2,5,1,3
2024-07-17,76,7,5,4,0,2
2024-07-18,81,8,5,6,3,4
2024-07-19,79,5,4,1,0,2
2024-07-20,72,10,7,7,1,3
2024-07-21,45,4,1,2,1,2
2024-07-22,84,5,2,4,0,1
2024-07-23,88,7,4,3,1,1
2024-07-24,95,8,2,6,1,3
2024-07-25,90,5,4,2,1,4
2024-07-26,73,9,4,8,2,3
2024-07-27,31,4,2,4,0,2
2024-07-28,28,3,2,1,0,2
2024-07-29,83,12,4,9,2,4
2024-07-30,72,9,6,5,4,3
2024-07-31,51,8,2,3,2,3
2024-08-01,78,11,3,7,0,4
2024-08-02,68,2,1,0,0,1
2024-08-03,29,3,1,2,2,1
2024-08-04,30,3,1,2,1,1
2024-08-05,81,4,3,1,0,3
2024-08-06,75,5,4,3,1,1
2024-08-07,78,6,2,3,1,1
2024-08-08,86,6,3,5,1,2
2024-08-09,54,2,1,0,0,1
2024-08-10,30,1,0,1,0,0
2024-08-11,35,5,5,4,0,2
2024-08-12,70,2,1,1,0,2
2024-08-13,76,12,4,10,3,2
2024-08-14,66,7,4,7,3,5
2024-08-15,67,5,0,5,0,0
2024-08-16,73,8,2,3,2,2
2024-08-17,39,2,1,2,1,1
2024-08-18,36,6,2,2,1,2
2024-08-19,74,4,1,3,0,0
2024-08-20,85,6,4,2,1,4
2024-08-21,79,5,3,4,1,1
2024-08-22,83,7,4,5,2,1
2024-08-23,74,3,0,2,0,1
2024-08-24,33,4,3,3,1,1
2024-08-25,40,8,6,2,2,1
2024-08-26,78,3,2,2,1,0
2024-08-27,84,9,3,8,0,0
2024-08-28,92,9,6,8,0,1
2024-08-29,99,10,5,4,2,2
2024-08-30,75,2,1,2,0,1
2024-08-31,28,0,0,0,0,0
2024-09-01,36,4,1,1,1,2
2024-09-02,53,3,1,3,1,0
2024-09-03,75,5,2,4,1,0
2024-09-04,88,7,5,6,1,3
2024-09-05,84,7,4,5,2,2
2024-09-06,72,8,3,6,2,0
2024-09-07,38,6,4,6,0,1
2024-09-08,31,4,3,3,0,2
2024-09-09,57,5,2,2,1,0
2024-09-10,73,6,5,4,0,1
2024-09-11,76,5,3,4,2,3
2024-09-12,69,4,2,3,1,1
2024-09-13,76,9,3,8,3,5
2024-09-14,23,4,1,3,0,1
2024-09-15,23,1,0,0,0,1
2024-09-16,61,8,4,5,2,5
2024-09-17,97,6,3,6,0,3
2024-09-18,78,8,3,7,0,2
2024-09-19,58,2,2,2,0,0
2024-09-20,55,3,1,2,0,0
2024-09-21,32,6,3,3,3,2
2024-09-22,33,4,2,1,2,2
2024-09-23,59,6,1,5,0,2
2024-09-24,64,8,4,4,4,6
2024-09-25,70,8,3,5,1,1
2024-09-26,69,2,2,2,0,1
2024-09-27,76,7,4,5,3,0
2024-09-28,21,0,0,0,0,0
2024-09-29,30,2,1,1,0,0
2024-09-30,68,12,4,5,4,5
2024-10-01,60,9,5,7,2,3
2024-10-02,69,9,2,8,1,0
2024-10-03,61,2,0,0,1,1
2024-10-04,62,5,2,5,0,1
2024-10-05,24,0,0,0,0,0
2024-10-06,31,1,0,1,0,0
2024-10-07,65,8,4,4,0,4
2024-10-08,81,11,8,8,2,6
2024-10-09,74,7,3,3,0,2
2024-10-10,72,8,2,5,1,1
2024-10-11,55,7,3,4,1,3
2024-10-12,24,3,2,2,1,0
2024-10-13,33,1,1,0,0,0
2024-10-14,57,6,5,3,1,3
2024-10-15,65,4,0,2,2,1
2024-10-16,78,5,1,4,1,2
2024-10-17,80,11,5,6,2,1
2024-10-18,53,9,4,8,2,2
2024-10-19,21,1,0,1,0,0
2024-10-20,30,3,1,3,2,1
2024-10-21,56,6,3,4,2,0
2024-10-22,75,6,4,6,0,3
2024-10-23,84,7,4,4,1,2
2024-10-24,72,7,2,6,1,0
2024-10-25,74,6,5,5,1,3
2024-10-26,19,1,1,0,0,0
2024-10-27,24,3,1,1,1,0
2024-10-28,76,6,2,5,2,2
2024-10-29,76,12,4,7,1,5
2024-10-30,64,3,1,3,0,1
2024-10-31,48,7,4,3,3,3
2024-11-01,54,6,3,1,1,2
2024-11-02,27,2,2,1,1,1
2024-11-03,41,2,1,1,1,0
2024-11-04,52,4,1,3,0,3
2024-11-05,56,6,4,3,4,2
2024-11-06,68,11,5,9,3,5
2024-11-07,52,2,0,2,0,1
2024-11-08,50,8,3,3,1,1
2024-11-09,37,3,1,3,0,1
2024-11-10,13,0,0,0,0,0
2024-11-11,62,5,4,3,0,1
2024-11-12,70,4,4,3,0,1
2024-11-13,70,6,4,5,1,4
2024-11-14,70,6,2,4,0,2
2024-11-15,55,6,3,3,2,1
2024-11-16,34,2,2,2,0,1
2024-11-17,24,1,0,1,0,0
2024-11-18,51,5,2,2,0,2
2024-11-19,81,5,1,4,1,2
2024-11-20,64,12,8,9,4,6
2024-11-21,52,5,2,4,2,2
2024-11-22,76,5,2,4,1,1
2024-11-23,41,2,2,1,0,2
2024-11-24,33,3,1,2,0,0
2024-11-25,45,5,3,3,0,0
2024-11-26,52,4,1,3,0,0
2024-11-27,39,2,0,1,0,1
2024-11-28,36,3,1,1,0,1
2024-11-29,43,5,3,2,0,1
2024-11-30,23,0,0,0,0,0
2024-12-01,17,0,0,0,0,0
2024-12-02,46,6,5,3,1,2
2024-12-03,62,8,2,6,1,1
2024-12-04,61,4,2,4,2,2
2024-12-05,66,9,3,8,1,2
2024-12-06,50,4,2,3,1,2
2024-12-07,34,8,6,5,1,4
2024-12-08,25,4,2,2,0,2
2024-12-09,63,6,2,4,2,1
2024-12-10,66,4,3,3,0,2
2024-12-11,65,4,1,3,0,2
2024-12-12,63,6,5,4,0,3
2024-12-13,74,5,1,4,0,1
2024-12-14,23,5,2,3,1,1
2024-12-15,27,0,0,0,0,0
2024-12-16,57,11,4,8,3,1
2024-12-17,50,6,3,5,2,2
2024-12-18,67,8,4,4,3,2
2024-12-19,67,5,1,2,2,1
2024-12-20,59,7,4,4,1,3
2024-12-21,23,2,1,2,0,1
2024-12-22,19,2,1,1,0,0
2024-12-23,46,3,1,2,1,1
2024-12-24,21,2,1,2,0,2
2024-12-25,16,0,0,0,0,0
2024-12-26,33,0,0,0,0,0
2024-12-27,23,1,1,0,1,0
2024-12-28,22,2,1,1,0,0
2024-12-29,20,3,1,2,0,1
2024-12-30,41,2,1,1,1,0
2024-12-31,40,1,0,1,0,0
2025-01-01,24,0,0,0,0,0
2025-01-02,34,1,1,1,0,1
2025-01-03,55,8,3,7,0,4
2025-01-04,26,2,2,0,1,0
2025-01-05,19,0,0,0,0,0
2025-01-06,57,9,3,5,3,2
2025-01-07,71,10,3,4,4,2
2025-01-08,72,7,3,4,4,0
2025-01-09,62,8,4,5,0,0
2025-01-10,68,9,3,7,0,3
2025-01-11,30,2,1,1,0,0
2025-01-12,27,2,2,0,1,0
2025-01-13,79,6,2,3,0,3
2025-01-14,64,6,3,3,3,0
2025-01-15,78,4,3,3,0,1
2025-01-16,72,8,4,5,0,1
2025-01-17,65,12,7,9,5,3
2025-01-18,26,3,3,2,0,0
2025-01-19,35,0,0,0,0,0
2025-01-20,55,3,0,3,0,1
2025-01-21,72,5,5,0,0,1
2025-01-22,68,7,2,6,3,2
2025-01-23,71,3,1,3,2,2
2025-01-24,67,6,1,4,2,1
2025-01-25,33,3,1,3,0,1
2025-01-26,30,2,1,1,2,1
2025-01-27,71,8,8,6,0,4
2025-01-28,75,7,1,5,1,2
2025-01-29,81,5,4,4,0,1
2025-01-30,78,4,1,1,0,2
2025-01-31,67,9,7,6,3,2
2025-02-01,27,2,0,2,2,0
2025-02-02,41,3,2,3,0,0
2025-02-03,81,7,5,4,0,3
2025-02-04,82,9,4,7,1,2
2025-02-05,68,7,5,2,2,2
2025-02-06,83,5,3,4,1,2
2025-02-07,72,12,6,8,3,3
2025-02-08,36,5,3,2,0,2
2025-02-09,26,3,1,2,1,0
2025-02-10,55,2,2,2,0,0
2025-02-11,64,12,4,8,1,4
2025-02-12,77,4,1,2,2,1
2025-02-13,81,6,2,4,1,0
2025-02-14,56,6,4,3,1,0
2025-02-15,37,1,0,1,0,0
2025-02-16,36,6,1,6,0,0
2025-02-17,68,6,5,5,0,1
2025-02-18,81,8,3,6,1,1
2025-02-19,72,4,3,3,1,1
2025-02-20,68,5,2,2,0,3
2025-02-21,57,11,7,8,3,6
2025-02-22,34,4,0,3,0,1
2025-02-23,20,2,2,1,1,0
2025-02-24,55,5,2,3,2,2
2025-02-25,66,2,2,1,0,1
2025-02-26,84,4,2,3,2,1
2025-02-27,83,8,2,2,3,3
2025-02-28,76,13,8,8,1,6
2025-03-01,26,3,2,3,1,1
2025-03-02,43,3,1,2,0,0
2025-03-03,64,5,3,2,1,0
2025-03-04,70,4,2,2,0,0
2025-03-05,69,7,4,3,2,2
2025-03-06,70,4,2,2,0,3
2025-03-07,63,4,2,3,1,1
2025-03-08,26,1,0,1,0,0
2025-03-09,35,2,1,2,1,1
2025-03-10,61,6,5,3,3,1
2025-03-11,70,4,2,3,0,1
2025-03-12,71,11,7,7,1,1
2025-03-13,68,4,4,2,1,1
2025-03-14,55,3,2,2,0,0
2025-03-15,27,1,0,1,0,0
2025-03-16,32,4,1,3,0,1
2025-03-17,75,9,5,7,2,1
2025-03-18,74,9,5,5,4,2
2025-03-19,70,6,2,5,1,1
2025-03-20,75,10,3,8,0,2
2025-03-21,51,3,1,3,0,0
2025-03-22,31,2,1,1,0,0
2025-03-23,41,3,2,2,0,1
2025-03-24,73,10,5,8,4,3
2025-03-25,70,6,4,5,2,2
2025-03-26,64,8,4,6,2,3
2025-03-27,73,7,3,3,0,3
2025-03-28,72,4,1,3,1,1
2025-03-29,26,2,1,1,2,1
2025-03-30,25,3,2,2,0,2
2025-03-31,73,7,5,3,3,2
2025-04-01,65,5,2,4,1,3
2025-04-02,69,7,3,7,2,2
2025-04-03,74,7,3,4,1,1
2025-04-04,65,6,2,5,2,2
2025-04-05,28,3,0,3,0,0
2025-04-06,41,2,0,0,0,2
2025-04-07,66,8,4,5,0,5
2025-04-08,70,9,7,5,0,1
2025-04-09,78,7,4,2,0,2
2025-04-10,79,13,9,8,4,4
2025-04-11,69,10,7,4,1,6
2025-04-12,34,6,6,5,2,5
2025-04-13,34,2,1,0,1,0
2025-04-14,67,6,3,3,1,0
2025-04-15,74,4,3,4,1,1
2025-04-16,79,7,4,3,1,2
2025-04-17,53,4,0,3,1,0
2025-04-18,36,1,1,1,0,0
2025-04-19,18,0,0,0,0,0
2025-04-20,34,1,0,1,0,0
2025-04-21,43,7,4,5,1,2
2025-04-22,56,5,2,5,0,1
2025-04-23,68,12,7,9,4,4
2025-04-24,59,6,3,3,0,0
2025-04-25,59,8,5,4,3,2
2025-04-26,19,1,0,0,0,1
2025-04-27,27,2,2,1,0,0
2025-04-28,60,7,4,6,1,4
2025-04-29,64,12,7,7,4,5
2025-04-30,78,5,4,3,1,1
2025-05-01,58,7,5,5,0,2
2025-05-02,59,6,4,4,0,3
2025-05-03,30,2,1,2,0,2
2025-05-04,33,2,2,1,0,1
2025-05-05,57,8,4,3,3,2
2025-05-06,83,9,6,5,2,5
2025-05-07,81,8,2,5,2,1
2025-05-08,56,3,2,2,1,1
2025-05-09,67,6,2,4,0,1
2025-05-10,25,4,2,3,1,1
2025-05-11,32,2,1,2,1,0
2025-05-12,62,4,3,1,1,0
2025-05-13,58,3,1,3,1,1
2025-05-14,77,8,4,6,0,3
2025-05-15,58,6,2,4,0,2
2025-05-16,57,9,2,5,0,3
2025-05-17,20,1,1,0,0,0
2025-05-18,28,2,1,0,0,1
2025-05-19,62,6,3,3,2,2
2025-05-20,71,6,3,3,0,2
2025-05-21,93,9,4,6,2,4
2025-05-22,67,3,2,2,1,2
2025-05-23,46,4,0,3,1,0
2025-05-24,30,1,0,1,0,0
2025-05-25,25,3,1,1,1,1
2025-05-26,46,7,5,6,5,2
2025-05-27,72,10,3,7,4,0
2025-05-28,67,8,3,6,2,3
2025-05-29,71,7,3,4,4,2
2025-05-30,71,5,3,2,1,1
2025-05-31,29,4,1,1,2,0
2025-06-01,36,2,1,1,0,1
2025-06-02,68,2,1,1,1,0
2025-06-03,70,7,1,6,0,2
2025-06-04,78,8,4,8,1,2
2025-06-05,68,12,5,8,4,1
2025-06-06,75,9,3,7,4,1
2025-06-07,29,6,2,5,0,3
2025-06-08,28,5,2,4,1,2
2025-06-09,55,6,4,4,1,2
2025-06-10,78,7,5,2,0,4
2025-06-11,82,10,4,8,4,2
2025-06-12,68,5,4,2,0,1
2025-06-13,52,4,1,2,1,0
2025-06-14,37,6,3,3,1,2
2025-06-15,18,3,2,2,1,0
2025-06-16,75,7,4,6,0,0
2025-06-17,85,9,2,7,3,2
2025-06-18,100,13,8,9,4,3
2025-06-19,52,3,3,1,1,0
2025-06-20,68,3,1,1,1,1
2025-06-21,45,6,3,4,1,2
2025-06-22,39,1,1,1,0,1
2025-06-23,70,7,3,2,0,4
2025-06-24,58,6,4,5,0,1
2025-06-25,64,4,2,3,0,1
2025-06-26,62,8,6,8,4,1
2025-06-27,59,7,3,4,1,2
2025-06-28,36,0,0,0,0,0
2025-06-29,34,2,0,0,0,2
2025-06-30,44,5,3,3,2,2
2025-07-01,75,7,4,3,3,2
2025-07-02,63,6,5,2,0,4
2025-07-03,64,7,2,4,1,3
2025-07-04,33,0,0,0,0,0
2025-07-05,25,3,3,3,2,1
2025-07-06,39,2,1,0,1,1
2025-07-07,57,3,2,2,0,2
2025-07-08,74,5,5,1,1,2
2025-07-09,76,9,5,5,3,4
2025-07-10,62,4,1,3,0,3
2025-07-11,66,6,1,5,0,2
2025-07-12,19,2,1,1,1,2
2025-07-13,27,1,0,1,0,0
2025-07-14,50,11,6,9,2,5
2025-07-15,65,7,5,2,2,1
2025-07-16,60,7,4,4,3,3
2025-07-17,57,11,6,6,2,3
2025-07-18,56,3,2,1,2,0
2025-07-19,39,5,2,2,1,2
2025-07-20,24,4,3,3,1,0
2025-07-21,63,5,2,2,2,1
2025-07-22,67,5,3,2,1,1
2025-07-23,70,9,4,7,1,3
2025-07-24,60,4,1,3,0,0
2025-07-25,59,4,3,2,1,1
2025-07-26,26,2,1,1,0,0
2025-07-27,41,10,5,7,3,3
2025-07-28,59,2,0,1,0,1
2025-07-29,58,8,1,6,0,2
2025-07-30,78,7,3,1,2,3
2025-07-31,77,11,7,8,1,3
2025-08-01,53,3,2,2,0,0
2025-08-02,44,5,1,5,0,2
2025-08-03,20,1,1,1,1,1
2025-08-04,37,5,2,3,1,1
2025-08-05,68,11,9,7,3,2
2025-08-06,67,2,0,2,0,0
2025-08-07,73,6,4,5,1,3
2025-08-08,53,5,2,2,2,0
2025-08-09,25,2,1,2,2,1
2025-08-10,21,1,0,1,0,1
2025-08-11,50,3,3,2,1,1
2025-08-12,53,9,6,5,2,2
2025-08-13,62,10,6,5,2,3
2025-08-14,69,7,5,5,1,3
2025-08-15,60,7,2,5,1,0
2025-08-16,39,2,1,1,0,0
2025-08-17,42,3,3,3,0,2
2025-08-18,58,5,3,3,0,0
2025-08-19,79,5,4,4,1,2
2025-08-20,63,5,3,2,1,0
2025-08-21,71,10,8,4,1,1
2025-08-22,50,8,4,5,1,6
2025-08-23,38,3,1,2,1,0
2025-08-24,31,4,2,2,0,0
2025-08-25,63,5,2,4,0,2
2025-08-26,58,8,5,4,0,1
2025-08-27,66,7,4,4,2,1
2025-08-28,70,6,2,5,1,2
2025-08-29,53,7,5,4,0,1
2025-08-30,31,4,1,0,3,0
2025-08-31,43,7,3,6,2,6
2025-09-01,52,6,6,3,0,4
2025-09-02,60,7,2,4,0,2
2025-09-03,56,8,3,5,2,2
2025-09-04,74,10,4,7,0,7
2025-09-05,63,3,3,1,1,0
2025-09-06,36,2,1,0,0,2
2025-09-07,34,4,2,3,0,1
2025-09-08,62,6,4,4,2,4
2025-09-09,61,4,3,3,0,1
2025-09-10,59,8,6,4,3,2
2025-09-11,65,8,3,5,3,4
2025-09-12,42,8,6,4,2,2
2025-09-13,22,4,1,1,1,1
2025-09-14,32,4,1,3,1,2
2025-09-15,55,5,1,4,1,0
2025-09-16,60,4,1,4,0,0
2025-09-17,77,8,3,6,1,0
2025-09-18,80,9,5,5,1,1
2025-09-19,61,4,3,2,0,1
2025-09-20,27,2,1,0,1,0
2025-09-21,33,1,1,0,0,0
2025-09-22,71,6,6,3,1,0
2025-09-23,64,2,2,1,0,0
2025-09-24,70,5,0,5,0,2
2025-09-25,69,7,3,5,1,1
2025-09-26,54,5,2,3,2,0
2025-09-27,29,1,1,1,0,0
2025-09-28,27,2,2,0,1,0
2025-09-29,54,8,5,4,3,4
2025-09-30,65,7,5,2,1,4
2025-10-01,59,5,3,2,2,1
2025-10-02,81,9,4,4,1,6
2025-10-03,67,7,6,4,0,2
2025-10-04,32,2,0,0,0,2
2025-10-05,35,4,2,4,1,1
2025-10-06,62,6,4,4,0,2
2025-10-07,74,5,2,4,0,3
2025-10-08,61,5,3,3,1,2
2025-10-09,74,5,1,3,2,2
2025-10-10,56,7,3,2,5,4
2025-10-11,31,2,1,1,0,1
2025-10-12,25,3,3,3,1,0
2025-10-13,64,5,2,0,4,1
2025-10-14,50,6,5,3,0,2
2025-10-15,58,2,1,1,1,1
2025-10-16,80,9,4,4,3,3
2025-10-17,54,3,3,1,0,1
2025-10-18,33,1,1,1,0,1
2025-10-19,31,0,0,0,0,0
2025-10-20,69,4,1,4,0,0
2025-10-21,66,8,3,5,2,2
2025-10-22,80,6,3,4,1,3
2025-10-23,69,11,5,7,3,2
2025-10-24,64,4,1,3,1,0
2025-10-25,37,3,0,1,1,1
2025-10-26,41,6,4,3,1,1
2025-10-27,64,4,2,1,0,2
2025-10-28,63,2,1,1,0,0
2025-10-29,84,10,6,7,2,4
2025-10-30,73,4,2,3,1,1
2025-10-31,56,5,4,4,0,1
2025-11-01,26,1,1,0,0,0
2025-11-02,28,3,2,2,1,1
2025-11-03,69,6,5,5,2,3
2025-11-04,54,5,3,3,1,1
2025-11-05,80,9,5,6,3,4
2025-11-06,80,6,4,1,3,0
2025-11-07,63,5,2,3,1,1
2025-11-08,26,2,1,2,0,1
2025-11-09,30,2,0,1,1,0
2025-11-10,75,9,5,4,2,4
2025-11-11,61,13,10,7,4,4
2025-11-12,72,7,3,3,2,2
2025-11-13,79,6,4,3,0,3
2025-11-14,57,5,3,2,0,2
2025-11-15,24,2,0,1,0,1
2025-11-16,36,3,1,0,2,0
2025-11-17,47,2,1,2,1,1
2025-11-18,71,4,2,3,2,0
2025-11-19,68,11,5,5,4,1
2025-11-20,66,8,4,5,1,2
2025-11-21,56,6,5,4,0,0
2025-11-22,33,3,0,2,1,1
2025-11-23,30,5,2,3,1,4
2025-11-24,58,3,2,2,2,1
2025-11-25,54,5,3,2,1,1
2025-11-26,60,3,0,1,1,1
2025-11-27,48,4,3,0,0,1
2025-11-28,48,6,3,5,1,0
2025-11-29,29,2,2,1,1,1
2025-11-30,24,2,1,1,0,0
2025-12-01,58,7,2,5,2,0
2025-12-02,65,5,3,3,3,2
2025-12-03,78,5,4,1,1,0
2025-12-04,47,5,2,2,1,3
2025-12-05,50,3,1,3,0,1
2025-12-06,31,3,1,1,1,1
2025-12-07,36,3,1,3,0,2
2025-12-08,59,7,3,6,0,2
2025-12-09,48,6,2,4,0,1
2025-12-10,49,7,4,4,1,2
2025-12-11,50,5,1,3,2,1
2025-12-12,66,11,4,5,2,2
2025-12-13,25,3,1,2,0,0
2025-12-14,30,1,0,1,1,0
2025-12-15,55,8,6,4,1,2
2025-12-16,54,6,6,3,1,1
2025-12-17,44,4,2,4,0,0
2025-12-18,60,7,4,4,0,3
2025-12-19,50,5,4,1,1,2
2025-12-20,25,1,0,1,0,0
2025-12-21,16,1,1,1,1,1
2025-12-22,30,7,2,2,5,2
2025-12-23,40,5,1,4,3,0
2025-12-24,40,3,1,3,1,0
2025-12-25,31,1,1,1,1,1
2025-12-26,27,0,0,0,0,0
2025-12-27,33,4,2,4,0,1
2025-12-28,21,3,2,2,1,1
2025-12-29,54,7,3,5,2,3
2025-12-30,42,5,2,1,3,0
2025-12-31,41,7,3,3,3,2
2026-01-01,21,0,0,0,0,0
2026-01-02,40,4,3,2,0,1
2026-01-03,38,2,2,1,0,1
2026-01-04,43,4,3,1,0,0
2026-01-05,67,6,3,5,1,4
2026-01-06,54,6,2,4,2,2
2026-01-07,53,8,6,3,4,4
2026-01-08,63,7,2,4,1,1
2026-01-09,42,5,3,3,1,2
2026-01-10,33,2,0,1,1,0
2026-01-11,35,0,0,0,0,0
2026-01-12,68,10,4,7,1,4
2026-01-13,82,8,5,5,3,2
2026-01-14,63,10,7,4,0,3
2026-01-15,47,6,1,4,1,1
2026-01-16,64,4,3,2,1,1
2026-01-17,27,2,1,1,0,1
2026-01-18,35,0,0,0,0,0
2026-01-19,49,7,3,5,4,2
2026-01-20,68,6,3,4,0,1
2026-01-21,70,8,4,3,3,1
2026-01-22,73,8,4,4,3,4
2026-01-23,65,6,4,2,1,0
2026-01-24,36,3,2,1,0,1
2026-01-25,25,3,1,2,2,2
2026-01-26,51,5,3,4,0,2
2026-01-27,63,7,3,4,1,2
2026-01-28,63,9,5,2,1,4
2026-01-29,70,7,6,7,2,1
2026-01-30,44,6,2,3,3,0
2026-01-31,28,2,2,1,0,0
2026-02-01,39,4,1,2,0,1
2026-02-02,48,4,2,1,1,0
2026-02-03,74,6,6,4,2,0
2026-02-04,47,3,2,2,1,1
2026-02-05,62,7,4,4,3,1
2026-02-06,63,7,6,5,0,2
2026-02-07,37,2,2,1,0,0
2026-02-08,19,0,0,0,0,0
2026-02-09,56,6,3,4,0,2
2026-02-10,75,7,5,3,1,1
2026-02-11,53,1,1,0,0,0
2026-02-12,64,9,4,5,4,3
2026-02-13,54,6,6,4,1,2
2026-02-14,33,2,2,2,0,0
2026-02-15,27,1,1,0,0,0
2026-02-16,60,8,3,5,2,3
2026-02-17,54,5,3,2,2,3
2026-02-18,59,3,2,1,0,2
2026-02-19,47,6,2,3,1,1
2026-02-20,49,4,2,2,1,1
2026-02-21,36,3,1,2,0,3
2026-02-22,26,3,2,1,0,0
2026-02-23,79,9,5,5,5,2
2026-02-24,71,7,4,2,2,0
2026-02-25,77,11,8,3,3,4
2026-02-26,68,4,2,3,0,3
2026-02-27,65,9,4,6,2,2
2026-02-28,26,6,0,5,0,2
2026-03-01,23,3,2,1,0,0
2026-03-02,73,11,7,7,2,3
2026-03-03,54,6,4,3,0,3
2026-03-04,71,6,5,3,0,2
2026-03-05,68,6,3,4,3,1
2026-03-06,51,5,4,4,1,3
2026-03-07,27,3,1,3,1,2
2026-03-08,41,7,5,6,1,5
2026-03-09,64,4,2,3,1,1
2026-03-10,61,3,1,3,1,2
2026-03-11,43,7,5,6,0,3
2026-03-12,62,9,6,2,1,1
2026-03-13,70,5,4,3,1,3
2026-03-14,46,5,5,4,3,3
2026-03-15,35,2,2,1,0,1
2026-03-16,61,5,3,4,0,0
2026-03-17,90,12,9,1,1,2
2026-03-18,74,6,4,5,0,2
2026-03-19,66,4,1,2,0,2
2026-03-20,50,6,3,4,0,0
2026-03-21,31,3,1,3,0,0
2026-03-22,47,5,4,3,2,2
2026-03-23,64,5,2,3,1,3
2026-03-24,67,6,0,4,1,2
2026-03-25,66,11,5,6,4,2
2026-03-26,60,7,3,5,1,2
2026-03-27,55,6,1,6,2,1
2026-03-28,32,5,2,2,2,1
2026-03-29,41,5,4,5,1,2
2026-03-30,65,9,6,4,2,3
2026-03-31,60,6,6,2,1,1
2026-04-01,61,7,2,6,0,3
2026-04-02,72,6,3,1,3,2
2026-04-03,67,4,3,4,1,1
2026-04-04,17,0,0,0,0,0
2026-04-05,32,6,3,4,1,1
2026-04-06,71,8,4,6,2,1
2026-04-07,66,11,7,8,1,5
2026-04-08,72,10,5,6,1,2
2026-04-09,83,9,4,4,1,2
2026-04-10,63,4,2,4,1,2
2026-04-11,29,3,2,2,0,1
2026-04-12,37,0,0,0,0,0
2026-04-13,58,3,0,2,0,1
2026-04-14,83,12,6,5,4,4
2026-04-15,68,6,3,3,0,1
2026-04-16,58,7,2,6,2,4
2026-04-17,55,4,4,1,0,0
2026-04-18,34,3,0,3,1,1
2026-04-19,31,2,0,1,0,1
2026-04-20,62,6,1,5,1,3
2026-04-21,96,8,8,4,1,2
2026-04-22,49,2,1,1,0,0
2026-04-23,76,4,2,3,1,3
2026-04-24,54,7,4,4,2,1
2026-04-25,45,3,2,1,0,0
