event_name,pre_mean,post_mean,delta
Capital One breach,-4.4408920985006264e-17,0.34237279276108273,0.3423727927610828
Citrix Bleed,-5.181040781584064e-17,-0.12554829139281865,-0.1255482913928186
CrowdStrike outage,5.921189464667501e-17,-0.055609484546072334,-0.055609484546072396
Follina,1.295260195396016e-17,-0.25111516115443755,-0.25111516115443755
Log4Shell,-2.2204460492503132e-17,0.02899593137424559,0.02899593137424561
MOVEit,2.960594732333751e-17,-0.18334124509356375,-0.18334124509356378
Snowflake breach,2.590520390792032e-17,0.02683500893106995,0.026835008931069926
SolarWinds,-1.0408340855860843e-17,0.11712649136851976,0.11712649136851977
Starwood/Marriott breach,9.25185853854297e-18,-0.1215912632242663,-0.12159126322426632
Stryker cyberattack,2.4054832200211726e-17,-0.006238714973675113,-0.006238714973675137
npm worm (Shai-Hulud),1.1102230246251566e-17,0.02413249846557184,0.02413249846557183
