label,n_matched,n_not_matched,n_missing,prevalence_unweighted,prevalence_weighted
informational_support,41502,11780,1,0.7789122029953831,0.7378969473566507
Practical Advice,30745,22528,10,0.5771216188313029,0.5534304331516167
Personal Relating,27124,26158,1,0.5090649750384745,0.5384931229417363
Critical Pushback,24064,29208,11,0.45171947739900886,0.4418909407935434
Discussion Direction,24415,28857,11,0.45830830455023275,0.41108275726522175
Emotional Support,20031,33251,1,0.3759430952291581,0.3517872086824529
Workplace Problem Guidance,15064,38218,1,0.28272212004053904,0.33749208068207115
Support Connections,18549,34733,1,0.34812882399309336,0.33714114996304606
Career Planning Advice,21347,31935,1,0.40064186779775535,0.29217860361516473
emotional_support,16837,36445,1,0.31599789797680267,0.287988954443707
esteem_support,14524,38748,11,0.2726385343144616,0.2554876799159009
network_support,12766,40516,1,0.23959310836680306,0.22067437715577462
tangible_support,11198,42083,2,0.2101687280644132,0.21082469706146445
unsupportive_response,10234,43048,1,0.1920723696557937,0.19651448581887887
