label,source,n_matched,n_not_matched,prevalence_unweighted,prevalence_weighted
informational_support,taxonomy,41492,11779,0.778885322220345,0.7378905944390317
Practical Advice,lloom,30743,22528,0.5771057423363556,0.5534127668987602
Personal Relating,lloom,27119,26152,0.5090762328471401,0.5384962381954302
Critical Pushback,lloom,24064,29207,0.45172795704980195,0.4418924315517004
Discussion Direction,lloom,24415,28856,0.45831690788609186,0.41108414408924776
Emotional Support,lloom,20028,33243,0.3759644084023202,0.3517901425549741
Workplace Problem Guidance,lloom,15056,38215,0.2826303241913987,0.3374776161278764
Support Connections,lloom,18540,34731,0.34803176212198006,0.3371232987975863
Career Planning Advice,lloom,21346,31925,0.4007058249328903,0.29218607262061635
emotional_support,taxonomy,16835,36436,0.316025604925757,0.2879928943850765
esteem_support,taxonomy,14524,38747,0.2726436522685889,0.2554885418261771
network_support,taxonomy,12763,40508,0.23958626644891218,0.2206724455002767
tangible_support,taxonomy,11194,42077,0.2101330930525051,0.21081831506536763
unsupportive_response,taxonomy,10233,43038,0.1920932589964521,0.19651840477937962
